Voltage,Current,Power,Status,Alert,Prediction,Anomaly
215.2,4.76,1024.0,NORMAL,System Normal ✅,Stable,Normal
236.4,5.42,1281.0,WARNING,High Voltage ⚠️,Stable,Normal
231.8,4.45,1032.0,NORMAL,System Normal ✅,Stable,Normal
210.1,5.04,1059.0,NORMAL,System Normal ✅,Stable,Normal
226.2,4.65,1052.0,NORMAL,System Normal ✅,Stable,Normal
235.4,4.51,1062.0,WARNING,High Voltage ⚠️,Stable,Normal
220.9,5.65,1248.0,NORMAL,System Normal ✅,Stable,Normal
217.1,5.19,1127.0,NORMAL,System Normal ✅,Stable,Normal
227.4,4.4,1001.0,NORMAL,System Normal ✅,Stable,Normal
219.0,5.07,1110.0,NORMAL,System Normal ✅,Stable,Normal
236.1,5.69,1343.0,WARNING,High Voltage ⚠️,Stable,Normal
222.8,5.66,1261.0,NORMAL,System Normal ✅,Stable,Normal
239.9,4.19,1005.0,CRITICAL,High Voltage ⚠️,Stable,Normal
225.1,4.72,1062.0,NORMAL,System Normal ✅,Stable,Normal
219.1,5.26,1152.0,NORMAL,System Normal ✅,Stable,Normal
220.2,4.31,949.0,NORMAL,System Normal ✅,Stable,Normal
214.8,4.3,924.0,NORMAL,System Normal ✅,Stable,Normal
236.0,5.59,1319.0,WARNING,High Voltage ⚠️,Stable,Normal
222.8,4.86,1083.0,NORMAL,System Normal ✅,Stable,Normal
216.5,5.0,1082.0,NORMAL,System Normal ✅,Stable,Normal
233.6,5.78,1350.0,NORMAL,System Normal ✅,Stable,Normal
211.3,4.41,932.0,NORMAL,System Normal ✅,Stable,Normal
223.8,5.07,1135.0,NORMAL,System Normal ✅,Stable,Normal
232.7,4.99,1161.0,NORMAL,System Normal ✅,Stable,Normal
233.9,4.4,1029.0,NORMAL,System Normal ✅,Stable,Normal
225.8,5.6,1264.0,NORMAL,System Normal ✅,Stable,Normal
223.9,5.33,1193.0,NORMAL,System Normal ✅,Stable,Normal
224.5,5.8,1302.0,NORMAL,System Normal ✅,Stable,Normal
216.0,5.13,1108.0,NORMAL,System Normal ✅,Stable,Normal
219.3,4.06,890.0,NORMAL,System Normal ✅,Stable,Normal
239.7,5.31,1273.0,CRITICAL,High Voltage ⚠️,Stable,Normal
226.1,4.55,1029.0,NORMAL,System Normal ✅,Stable,Normal
222.2,5.27,1171.0,NORMAL,System Normal ✅,Stable,Normal
235.6,5.43,1279.0,WARNING,High Voltage ⚠️,Stable,Normal
212.5,4.68,994.0,NORMAL,System Normal ✅,Stable,Normal
237.4,5.97,1417.0,WARNING,High Voltage ⚠️,Stable,Normal
234.3,5.68,1331.0,NORMAL,System Normal ✅,Stable,Normal
234.5,5.4,1266.0,NORMAL,System Normal ✅,Stable,Normal
229.2,4.57,1047.0,NORMAL,System Normal ✅,Stable,Normal
222.6,4.09,910.0,NORMAL,System Normal ✅,Stable,Normal
232.0,5.97,1385.0,NORMAL,System Normal ✅,Stable,Normal
213.4,4.83,1031.0,NORMAL,System Normal ✅,Stable,Normal
217.6,5.61,1221.0,NORMAL,System Normal ✅,Stable,Normal
237.9,5.15,1225.0,WARNING,High Voltage ⚠️,Stable,Normal
217.5,4.86,1057.0,NORMAL,System Normal ✅,Stable,Normal
210.6,5.11,1076.0,NORMAL,System Normal ✅,Stable,Normal
233.0,5.79,1349.0,NORMAL,System Normal ✅,Stable,Normal
214.8,4.43,952.0,NORMAL,System Normal ✅,Stable,Normal
231.7,4.62,1070.0,NORMAL,System Normal ✅,Stable,Normal
239.6,4.49,1076.0,CRITICAL,High Voltage ⚠️,Stable,Normal
227.3,5.02,1141.0,NORMAL,System Normal ✅,Stable,Normal
217.9,5.75,1253.0,NORMAL,System Normal ✅,Stable,Normal
224.8,4.48,1007.0,NORMAL,System Normal ✅,Stable,Normal
223.8,5.98,1338.0,NORMAL,System Normal ✅,Stable,Normal
225.1,5.91,1330.0,NORMAL,System Normal ✅,Stable,Normal
237.4,4.98,1182.0,WARNING,High Voltage ⚠️,Stable,Normal
226.8,4.42,1002.0,NORMAL,System Normal ✅,Stable,Normal
220.3,5.77,1271.0,NORMAL,System Normal ✅,Stable,Normal
228.8,5.77,1320.0,NORMAL,System Normal ✅,Stable,Normal
222.5,4.41,981.0,NORMAL,System Normal ✅,Stable,Normal
223.3,4.55,1016.0,NORMAL,System Normal ✅,Stable,Normal
233.6,5.28,1233.0,NORMAL,System Normal ✅,Stable,Normal
223.4,4.58,1023.0,NORMAL,System Normal ✅,Stable,Normal
231.9,4.97,1153.0,NORMAL,System Normal ✅,Stable,Normal
226.9,5.62,1275.0,NORMAL,System Normal ✅,Stable,Normal
217.5,5.99,1303.0,NORMAL,System Normal ✅,Stable,Normal
223.4,4.14,925.0,NORMAL,System Normal ✅,Stable,Normal
213.5,5.13,1095.0,NORMAL,System Normal ✅,Stable,Normal
232.9,5.68,1323.0,NORMAL,System Normal ✅,Stable,Normal
229.1,5.34,1223.0,NORMAL,System Normal ✅,Stable,Normal
218.1,5.44,1186.0,NORMAL,System Normal ✅,Stable,Normal
216.5,5.1,1104.0,NORMAL,System Normal ✅,Stable,Normal
225.5,5.52,1245.0,NORMAL,System Normal ✅,Stable,Normal
211.7,4.76,1008.0,NORMAL,System Normal ✅,Stable,Normal
210.9,5.34,1126.0,NORMAL,System Normal ✅,Stable,Normal
220.4,5.8,1278.0,NORMAL,System Normal ✅,Stable,Normal
213.3,5.64,1203.0,NORMAL,System Normal ✅,Stable,Normal
211.1,5.73,1210.0,NORMAL,System Normal ✅,Stable,Normal
217.0,4.29,931.0,NORMAL,System Normal ✅,Stable,Normal
229.2,5.1,1169.0,NORMAL,System Normal ✅,Stable,Normal
235.3,5.73,1348.0,WARNING,High Voltage ⚠️,Stable,Normal
223.5,4.51,1008.0,NORMAL,System Normal ✅,Stable,Normal
239.9,5.81,1394.0,CRITICAL,High Voltage ⚠️,Stable,Normal
214.6,4.58,983.0,NORMAL,System Normal ✅,Stable,Normal
214.7,4.78,1026.0,NORMAL,System Normal ✅,Stable,Normal
229.0,5.2,1191.0,NORMAL,System Normal ✅,Stable,Normal
238.7,4.7,1122.0,CRITICAL,High Voltage ⚠️,Stable,Normal
218.3,5.73,1251.0,NORMAL,System Normal ✅,Stable,Normal
232.5,4.65,1081.0,NORMAL,System Normal ✅,Stable,Normal
238.7,4.65,1110.0,CRITICAL,High Voltage ⚠️,Stable,Normal
221.9,5.19,1152.0,NORMAL,System Normal ✅,Stable,Normal
219.9,4.51,992.0,NORMAL,System Normal ✅,Stable,Normal
213.9,5.59,1196.0,NORMAL,System Normal ✅,Stable,Normal
213.5,4.05,865.0,NORMAL,System Normal ✅,Stable,Normal
233.3,4.31,1006.0,NORMAL,System Normal ✅,Stable,Normal
231.0,5.59,1291.0,NORMAL,System Normal ✅,Stable,Normal
229.4,5.04,1156.0,NORMAL,System Normal ✅,Stable,Normal
219.8,4.24,932.0,NORMAL,System Normal ✅,Stable,Normal
230.2,5.51,1268.0,NORMAL,System Normal ✅,Stable,Normal
232.9,4.81,1120.0,NORMAL,System Normal ✅,Stable,Normal
214.6,5.21,1118.0,NORMAL,System Normal ✅,Stable,Normal
222.6,4.02,895.0,NORMAL,System Normal ✅,Stable,Normal
210.5,5.79,1219.0,NORMAL,System Normal ✅,Stable,Normal
220.6,4.79,1057.0,NORMAL,System Normal ✅,Stable,Normal
230.7,4.14,955.0,NORMAL,System Normal ✅,Stable,Normal
237.2,5.74,1362.0,WARNING,High Voltage ⚠️,Stable,Normal
239.8,4.45,1067.0,CRITICAL,High Voltage ⚠️,Stable,Normal
236.4,4.89,1156.0,WARNING,High Voltage ⚠️,Stable,Normal
222.9,4.63,1032.0,NORMAL,System Normal ✅,Stable,Normal
212.1,5.12,1086.0,NORMAL,System Normal ✅,Stable,Normal
233.4,4.12,962.0,NORMAL,System Normal ✅,Stable,Normal
223.0,4.67,1041.0,NORMAL,System Normal ✅,Stable,Normal
224.1,4.98,1116.0,NORMAL,System Normal ✅,Stable,Normal
213.7,5.9,1261.0,NORMAL,System Normal ✅,Stable,Normal
239.4,4.6,1101.0,CRITICAL,High Voltage ⚠️,Stable,Normal
214.7,4.99,1071.0,NORMAL,System Normal ✅,Stable,Normal
230.4,4.49,1034.0,NORMAL,System Normal ✅,Stable,Normal
219.5,5.16,1133.0,NORMAL,System Normal ✅,Stable,Normal
225.5,5.09,1148.0,NORMAL,System Normal ✅,Stable,Normal
214.7,4.33,930.0,NORMAL,System Normal ✅,Stable,Normal
212.9,5.33,1135.0,NORMAL,System Normal ✅,Stable,Normal
233.5,4.04,943.0,NORMAL,System Normal ✅,Stable,Normal
219.1,5.34,1170.0,NORMAL,System Normal ✅,Stable,Normal
217.6,5.65,1229.0,NORMAL,System Normal ✅,Stable,Normal
239.8,4.29,1029.0,CRITICAL,High Voltage ⚠️,Stable,Normal
220.4,4.53,998.0,NORMAL,System Normal ✅,Stable,Normal
221.8,4.64,1029.0,NORMAL,System Normal ✅,Stable,Normal
220.4,4.01,884.0,NORMAL,System Normal ✅,Stable,Normal
228.3,5.3,1210.0,NORMAL,System Normal ✅,Stable,Normal
224.9,4.53,1019.0,NORMAL,System Normal ✅,Stable,Normal
238.4,4.22,1006.0,CRITICAL,High Voltage ⚠️,Stable,Normal
214.8,5.72,1229.0,NORMAL,System Normal ✅,Stable,Normal
216.0,5.31,1147.0,NORMAL,System Normal ✅,Stable,Normal
220.8,5.21,1150.0,NORMAL,System Normal ✅,Stable,Normal
231.9,5.87,1361.0,NORMAL,System Normal ✅,Stable,Normal
227.1,4.85,1101.0,NORMAL,System Normal ✅,Stable,Normal
233.8,5.05,1181.0,NORMAL,System Normal ✅,Stable,Normal
213.2,4.97,1060.0,NORMAL,System Normal ✅,Stable,Normal
220.2,5.32,1171.0,NORMAL,System Normal ✅,Stable,Normal
214.1,5.87,1257.0,NORMAL,System Normal ✅,Stable,Normal
226.1,5.05,1142.0,NORMAL,System Normal ✅,Stable,Normal
238.0,5.37,1278.0,WARNING,High Voltage ⚠️,Stable,Normal
235.3,4.22,993.0,WARNING,High Voltage ⚠️,Stable,Normal
210.6,5.32,1120.0,NORMAL,System Normal ✅,Stable,Normal
234.2,5.44,1274.0,NORMAL,System Normal ✅,Stable,Normal
219.1,5.77,1264.0,NORMAL,System Normal ✅,Stable,Normal
235.9,5.27,1243.0,WARNING,High Voltage ⚠️,Stable,Normal
229.9,4.87,1120.0,NORMAL,System Normal ✅,Stable,Normal
217.4,5.43,1180.0,NORMAL,System Normal ✅,Stable,Normal
238.9,4.54,1085.0,CRITICAL,High Voltage ⚠️,Stable,Normal
238.4,4.27,1018.0,CRITICAL,High Voltage ⚠️,Stable,Normal
213.9,4.76,1018.0,NORMAL,System Normal ✅,Stable,Normal
211.7,5.25,1111.0,NORMAL,System Normal ✅,Stable,Normal
233.7,5.79,1353.0,NORMAL,System Normal ✅,Stable,Normal
233.7,4.92,1150.0,NORMAL,System Normal ✅,Stable,Normal
229.2,5.71,1309.0,NORMAL,System Normal ✅,Stable,Normal
236.0,5.77,1362.0,WARNING,High Voltage ⚠️,Stable,Normal
229.9,4.61,1060.0,NORMAL,System Normal ✅,Stable,Normal
214.7,4.16,893.0,NORMAL,System Normal ✅,Stable,Normal
234.3,5.09,1193.0,NORMAL,System Normal ✅,Stable,Normal
224.4,5.06,1135.0,NORMAL,System Normal ✅,Stable,Normal
211.6,5.82,1232.0,NORMAL,System Normal ✅,Stable,Normal
221.4,5.34,1182.0,NORMAL,System Normal ✅,Stable,Normal
215.1,4.91,1056.0,NORMAL,System Normal ✅,Stable,Normal
228.1,4.92,1122.0,NORMAL,System Normal ✅,Stable,Normal
233.9,4.61,1078.0,NORMAL,System Normal ✅,Stable,Normal
219.9,5.05,1110.0,NORMAL,System Normal ✅,Stable,Normal
214.6,4.96,1064.0,NORMAL,System Normal ✅,Stable,Normal
213.8,4.15,887.0,NORMAL,System Normal ✅,Stable,Normal
234.0,4.91,1149.0,NORMAL,System Normal ✅,Stable,Normal
237.5,4.03,957.0,WARNING,High Voltage ⚠️,Stable,Normal
219.1,5.99,1312.0,NORMAL,System Normal ✅,Stable,Normal
212.8,4.77,1015.0,NORMAL,System Normal ✅,Stable,Normal
210.5,5.73,1206.0,NORMAL,System Normal ✅,Stable,Normal
239.1,4.72,1129.0,CRITICAL,High Voltage ⚠️,Stable,Normal
236.9,4.27,1012.0,WARNING,High Voltage ⚠️,Stable,Normal
225.8,4.66,1052.0,NORMAL,System Normal ✅,Stable,Normal
239.2,4.11,983.0,CRITICAL,High Voltage ⚠️,Stable,Normal
235.3,6.0,1412.0,WARNING,High Voltage ⚠️,Stable,Normal
232.3,5.38,1250.0,NORMAL,System Normal ✅,Stable,Normal
237.5,4.55,1081.0,WARNING,High Voltage ⚠️,Stable,Normal
213.2,4.77,1017.0,NORMAL,System Normal ✅,Stable,Normal
212.7,4.11,874.0,NORMAL,System Normal ✅,Stable,Normal
214.3,4.59,984.0,NORMAL,System Normal ✅,Stable,Normal
219.0,5.03,1102.0,NORMAL,System Normal ✅,Stable,Normal
230.1,5.37,1236.0,NORMAL,System Normal ✅,Stable,Normal
227.6,5.07,1154.0,NORMAL,System Normal ✅,Stable,Normal
212.3,4.05,860.0,NORMAL,System Normal ✅,Stable,Normal
220.6,5.42,1196.0,NORMAL,System Normal ✅,Stable,Normal
211.7,4.85,1027.0,NORMAL,System Normal ✅,Stable,Normal
211.9,5.1,1081.0,NORMAL,System Normal ✅,Stable,Normal
239.0,4.64,1109.0,CRITICAL,High Voltage ⚠️,Stable,Normal
229.2,4.22,967.0,NORMAL,System Normal ✅,Stable,Normal
227.5,5.09,1158.0,NORMAL,System Normal ✅,Stable,Normal
221.6,4.64,1028.0,NORMAL,System Normal ✅,Stable,Normal
226.6,5.78,1310.0,NORMAL,System Normal ✅,Stable,Normal
231.4,5.71,1321.0,NORMAL,System Normal ✅,Stable,Normal
212.1,5.68,1205.0,NORMAL,System Normal ✅,Stable,Normal
231.6,5.99,1387.0,NORMAL,System Normal ✅,Stable,Normal
220.9,5.95,1314.0,NORMAL,System Normal ✅,Stable,Normal
229.4,4.45,1021.0,NORMAL,System Normal ✅,Stable,Normal
228.5,4.49,1026.0,NORMAL,System Normal ✅,Stable,Normal
236.2,5.66,1337.0,WARNING,High Voltage ⚠️,Stable,Normal
234.3,4.83,1132.0,NORMAL,System Normal ✅,Stable,Normal
231.1,5.34,1234.0,NORMAL,System Normal ✅,Stable,Normal
228.3,5.51,1258.0,NORMAL,System Normal ✅,Stable,Normal
217.6,5.59,1216.0,NORMAL,System Normal ✅,Stable,Normal
214.1,5.07,1085.0,NORMAL,System Normal ✅,Stable,Normal
214.6,5.57,1195.0,NORMAL,System Normal ✅,Stable,Normal
210.5,4.84,1019.0,NORMAL,System Normal ✅,Stable,Normal
228.5,5.66,1293.0,NORMAL,System Normal ✅,Stable,Normal
236.1,5.85,1381.0,WARNING,High Voltage ⚠️,Stable,Normal
237.2,4.48,1063.0,WARNING,High Voltage ⚠️,Stable,Normal
212.7,5.43,1155.0,NORMAL,System Normal ✅,Stable,Normal
240.0,4.13,991.0,CRITICAL,High Voltage ⚠️,Stable,Normal
214.8,4.75,1020.0,NORMAL,System Normal ✅,Stable,Normal
224.5,4.53,1017.0,NORMAL,System Normal ✅,Stable,Normal
223.3,4.86,1085.0,NORMAL,System Normal ✅,Stable,Normal
232.6,4.63,1077.0,NORMAL,System Normal ✅,Stable,Normal
221.0,5.51,1218.0,NORMAL,System Normal ✅,Stable,Normal
224.4,4.19,940.0,NORMAL,System Normal ✅,Stable,Normal
233.4,5.22,1218.0,NORMAL,System Normal ✅,Stable,Normal
216.7,5.6,1214.0,NORMAL,System Normal ✅,Stable,Normal
221.4,5.84,1293.0,NORMAL,System Normal ✅,Stable,Normal
213.4,4.8,1024.0,NORMAL,System Normal ✅,Stable,Normal
233.4,4.92,1148.0,NORMAL,System Normal ✅,Stable,Normal
227.1,4.45,1011.0,NORMAL,System Normal ✅,Stable,Normal
213.4,5.6,1195.0,NORMAL,System Normal ✅,Stable,Normal
236.1,5.53,1306.0,WARNING,High Voltage ⚠️,Stable,Normal
226.6,5.1,1156.0,NORMAL,System Normal ✅,Stable,Normal
234.3,4.76,1115.0,NORMAL,System Normal ✅,Stable,Normal
226.3,5.34,1208.0,NORMAL,System Normal ✅,Stable,Normal
238.0,5.87,1397.0,WARNING,High Voltage ⚠️,Stable,Normal
214.7,5.96,1280.0,NORMAL,System Normal ✅,Stable,Normal
229.3,5.23,1199.0,NORMAL,System Normal ✅,Stable,Normal
239.5,4.41,1056.0,CRITICAL,High Voltage ⚠️,Stable,Normal
227.2,4.59,1043.0,NORMAL,System Normal ✅,Stable,Normal
226.5,5.98,1354.0,NORMAL,System Normal ✅,Stable,Normal
214.8,4.18,898.0,NORMAL,System Normal ✅,Stable,Normal
219.0,4.77,1045.0,NORMAL,System Normal ✅,Stable,Normal
219.9,4.13,908.0,NORMAL,System Normal ✅,Stable,Normal
220.0,5.67,1247.0,NORMAL,System Normal ✅,Stable,Normal
223.5,5.33,1191.0,NORMAL,System Normal ✅,Stable,Normal
223.3,4.05,904.0,NORMAL,System Normal ✅,Stable,Normal
228.2,4.91,1120.0,NORMAL,System Normal ✅,Stable,Normal
222.0,5.35,1188.0,NORMAL,System Normal ✅,Stable,Normal
223.5,5.87,1312.0,NORMAL,System Normal ✅,Stable,Normal
210.2,4.34,912.0,NORMAL,System Normal ✅,Stable,Normal
212.2,4.63,982.0,NORMAL,System Normal ✅,Stable,Normal
222.4,4.79,1065.0,NORMAL,System Normal ✅,Stable,Normal
219.0,5.69,1246.0,NORMAL,System Normal ✅,Stable,Normal
227.5,4.68,1065.0,NORMAL,System Normal ✅,Stable,Normal
212.2,5.67,1203.0,NORMAL,System Normal ✅,Stable,Normal
211.3,5.75,1215.0,NORMAL,System Normal ✅,Stable,Normal
217.9,4.8,1046.0,NORMAL,System Normal ✅,Stable,Normal
218.0,5.8,1264.0,NORMAL,System Normal ✅,Stable,Normal
211.3,4.59,970.0,NORMAL,System Normal ✅,Stable,Normal
217.8,5.66,1233.0,NORMAL,System Normal ✅,Stable,Normal
229.3,4.3,986.0,NORMAL,System Normal ✅,Stable,Normal
212.8,5.14,1094.0,NORMAL,System Normal ✅,Stable,Normal
238.0,4.31,1026.0,WARNING,High Voltage ⚠️,Stable,Normal
214.2,5.95,1274.0,NORMAL,System Normal ✅,Stable,Normal
222.3,5.44,1209.0,NORMAL,System Normal ✅,Stable,Normal
230.4,5.66,1304.0,NORMAL,System Normal ✅,Stable,Normal
223.7,5.02,1123.0,NORMAL,System Normal ✅,Stable,Normal
234.8,4.86,1141.0,NORMAL,System Normal ✅,Stable,Normal
214.4,4.31,924.0,NORMAL,System Normal ✅,Stable,Normal
214.5,5.34,1145.0,NORMAL,System Normal ✅,Stable,Normal
234.8,5.14,1207.0,NORMAL,System Normal ✅,Stable,Normal
239.9,5.64,1353.0,CRITICAL,High Voltage ⚠️,Stable,Normal
235.6,4.4,1037.0,WARNING,High Voltage ⚠️,Stable,Normal
215.9,5.26,1136.0,NORMAL,System Normal ✅,Stable,Normal
225.2,5.77,1299.0,NORMAL,System Normal ✅,Stable,Normal
210.9,4.73,998.0,NORMAL,System Normal ✅,Stable,Normal
230.6,5.05,1165.0,NORMAL,System Normal ✅,Stable,Normal
215.0,4.07,875.0,NORMAL,System Normal ✅,Stable,Normal
216.0,5.67,1225.0,NORMAL,System Normal ✅,Stable,Normal
220.5,5.58,1230.0,NORMAL,System Normal ✅,Stable,Normal
232.9,5.07,1181.0,NORMAL,System Normal ✅,Stable,Normal
238.0,5.96,1418.0,WARNING,High Voltage ⚠️,Stable,Normal
213.6,5.84,1247.0,NORMAL,System Normal ✅,Stable,Normal
210.8,4.98,1050.0,NORMAL,System Normal ✅,Stable,Normal
232.5,5.74,1335.0,NORMAL,System Normal ✅,Stable,Normal
220.0,5.17,1137.0,NORMAL,System Normal ✅,Stable,Normal
236.4,5.92,1399.0,WARNING,High Voltage ⚠️,Stable,Normal
219.7,5.82,1279.0,NORMAL,System Normal ✅,Stable,Normal
227.0,5.27,1196.0,NORMAL,System Normal ✅,Stable,Normal
221.2,5.98,1323.0,NORMAL,System Normal ✅,Stable,Normal
232.8,5.48,1276.0,NORMAL,System Normal ✅,Stable,Normal
218.7,4.53,991.0,NORMAL,System Normal ✅,Stable,Normal
218.0,4.72,1029.0,NORMAL,System Normal ✅,Stable,Normal
223.8,4.43,991.0,NORMAL,System Normal ✅,Stable,Normal
218.2,5.23,1141.0,NORMAL,System Normal ✅,Stable,Normal
226.3,5.39,1220.0,NORMAL,System Normal ✅,Stable,Normal
214.0,5.59,1196.0,NORMAL,System Normal ✅,Stable,Normal
210.6,5.82,1226.0,NORMAL,System Normal ✅,Stable,Normal
226.9,5.52,1252.0,NORMAL,System Normal ✅,Stable,Normal
225.7,5.95,1343.0,NORMAL,System Normal ✅,Stable,Normal
210.0,4.2,882.0,NORMAL,System Normal ✅,Stable,Normal
232.8,4.84,1127.0,NORMAL,System Normal ✅,Stable,Normal
210.5,5.81,1223.0,NORMAL,System Normal ✅,Stable,Normal
212.8,4.18,890.0,NORMAL,System Normal ✅,Stable,Normal
230.3,5.7,1313.0,NORMAL,System Normal ✅,Stable,Normal
230.7,5.63,1299.0,NORMAL,System Normal ✅,Stable,Normal
230.2,5.61,1291.0,NORMAL,System Normal ✅,Stable,Normal
238.6,5.0,1193.0,CRITICAL,High Voltage ⚠️,Stable,Normal
213.2,4.04,861.0,NORMAL,System Normal ✅,Stable,Normal
237.5,5.85,1389.0,WARNING,High Voltage ⚠️,Stable,Normal
234.4,5.34,1252.0,NORMAL,System Normal ✅,Stable,Normal
225.5,4.56,1028.0,NORMAL,System Normal ✅,Stable,Normal
224.7,4.52,1016.0,NORMAL,System Normal ✅,Stable,Normal
219.0,5.46,1196.0,NORMAL,System Normal ✅,Stable,Normal
220.8,4.91,1084.0,NORMAL,System Normal ✅,Stable,Normal
223.9,5.19,1162.0,NORMAL,System Normal ✅,Stable,Normal
226.5,4.36,988.0,NORMAL,System Normal ✅,Stable,Normal
225.1,4.36,981.0,NORMAL,System Normal ✅,Stable,Normal
218.6,5.15,1126.0,NORMAL,System Normal ✅,Stable,Normal
220.0,4.39,966.0,NORMAL,System Normal ✅,Stable,Normal
217.6,5.87,1277.0,NORMAL,System Normal ✅,Stable,Normal
218.9,5.41,1184.0,NORMAL,System Normal ✅,Stable,Normal
210.5,5.23,1101.0,NORMAL,System Normal ✅,Stable,Normal
212.7,4.87,1036.0,NORMAL,System Normal ✅,Stable,Normal
219.7,5.57,1224.0,NORMAL,System Normal ✅,Stable,Normal
236.2,5.09,1202.0,WARNING,High Voltage ⚠️,Stable,Normal
227.9,4.92,1121.0,NORMAL,System Normal ✅,Stable,Normal
213.5,5.02,1072.0,NORMAL,System Normal ✅,Stable,Normal
233.4,4.37,1020.0,NORMAL,System Normal ✅,Stable,Normal
229.1,4.03,923.0,NORMAL,System Normal ✅,Stable,Normal
234.0,4.32,1011.0,NORMAL,System Normal ✅,Stable,Normal
239.5,5.32,1274.0,CRITICAL,High Voltage ⚠️,Stable,Normal
224.7,4.02,903.0,NORMAL,System Normal ✅,Stable,Normal
225.6,4.4,993.0,NORMAL,System Normal ✅,Stable,Normal
212.3,5.41,1149.0,NORMAL,System Normal ✅,Stable,Normal
235.6,4.15,978.0,WARNING,High Voltage ⚠️,Stable,Normal
223.3,4.49,1003.0,NORMAL,System Normal ✅,Stable,Normal
235.5,5.58,1314.0,WARNING,High Voltage ⚠️,Stable,Normal
232.4,5.56,1292.0,NORMAL,System Normal ✅,Stable,Normal
239.3,5.9,1412.0,CRITICAL,High Voltage ⚠️,Stable,Normal
234.0,4.02,941.0,NORMAL,System Normal ✅,Stable,Normal
218.0,5.74,1251.0,NORMAL,System Normal ✅,Stable,Normal
217.0,4.73,1026.0,NORMAL,System Normal ✅,Stable,Normal
213.9,5.48,1172.0,NORMAL,System Normal ✅,Stable,Normal
224.1,5.87,1315.0,NORMAL,System Normal ✅,Stable,Normal
228.0,4.45,1015.0,NORMAL,System Normal ✅,Stable,Normal
222.1,4.04,897.0,NORMAL,System Normal ✅,Stable,Normal
221.9,5.16,1145.0,NORMAL,System Normal ✅,Stable,Normal
212.7,4.65,989.0,NORMAL,System Normal ✅,Stable,Normal
212.8,4.87,1036.0,NORMAL,System Normal ✅,Stable,Normal
216.3,4.22,913.0,NORMAL,System Normal ✅,Stable,Normal
237.1,5.74,1361.0,WARNING,High Voltage ⚠️,Stable,Normal
225.9,5.53,1249.0,NORMAL,System Normal ✅,Stable,Normal
230.8,4.02,928.0,NORMAL,System Normal ✅,Stable,Normal
234.0,4.52,1058.0,NORMAL,System Normal ✅,Stable,Normal
217.7,5.19,1130.0,NORMAL,System Normal ✅,Stable,Normal
239.4,5.07,1214.0,CRITICAL,High Voltage ⚠️,Stable,Normal
229.6,4.39,1008.0,NORMAL,System Normal ✅,Stable,Normal
226.0,5.03,1137.0,NORMAL,System Normal ✅,Stable,Normal
236.8,4.16,985.0,WARNING,High Voltage ⚠️,Stable,Normal
228.1,5.7,1300.0,NORMAL,System Normal ✅,Stable,Normal
236.2,4.83,1141.0,WARNING,High Voltage ⚠️,Stable,Normal
233.2,4.18,975.0,NORMAL,System Normal ✅,Stable,Normal
224.4,4.75,1066.0,NORMAL,System Normal ✅,Stable,Normal
220.5,5.65,1246.0,NORMAL,System Normal ✅,Stable,Normal
212.5,5.49,1167.0,NORMAL,System Normal ✅,Stable,Normal
221.7,5.37,1191.0,NORMAL,System Normal ✅,Stable,Normal
220.7,5.37,1185.0,NORMAL,System Normal ✅,Stable,Normal
236.3,5.8,1371.0,WARNING,High Voltage ⚠️,Stable,Normal
230.3,5.72,1317.0,NORMAL,System Normal ✅,Stable,Normal
214.1,4.43,948.0,NORMAL,System Normal ✅,Stable,Normal
214.2,5.36,1148.0,NORMAL,System Normal ✅,Stable,Normal
237.8,4.81,1144.0,WARNING,High Voltage ⚠️,Stable,Normal
234.2,5.14,1204.0,NORMAL,System Normal ✅,Stable,Normal
213.2,4.2,895.0,NORMAL,System Normal ✅,Stable,Normal
213.2,5.13,1094.0,NORMAL,System Normal ✅,Stable,Normal
225.1,5.91,1330.0,NORMAL,System Normal ✅,Stable,Normal
217.0,5.65,1226.0,NORMAL,System Normal ✅,Stable,Normal
235.5,5.48,1291.0,WARNING,High Voltage ⚠️,Stable,Normal
210.5,5.4,1137.0,NORMAL,System Normal ✅,Stable,Normal
218.5,5.22,1141.0,NORMAL,System Normal ✅,Stable,Normal
222.2,4.51,1002.0,NORMAL,System Normal ✅,Stable,Normal
236.1,5.76,1360.0,WARNING,High Voltage ⚠️,Stable,Normal
221.6,5.4,1197.0,NORMAL,System Normal ✅,Stable,Normal
237.7,5.94,1412.0,WARNING,High Voltage ⚠️,Stable,Normal
227.0,5.33,1210.0,NORMAL,System Normal ✅,Stable,Normal
228.2,4.35,993.0,NORMAL,System Normal ✅,Stable,Normal
213.9,4.8,1027.0,NORMAL,System Normal ✅,Stable,Normal
237.1,4.31,1022.0,WARNING,High Voltage ⚠️,Stable,Normal
227.2,4.5,1022.0,NORMAL,System Normal ✅,Stable,Normal
228.4,4.06,927.0,NORMAL,System Normal ✅,Stable,Normal
237.0,5.09,1206.0,WARNING,High Voltage ⚠️,Stable,Normal
230.2,5.15,1186.0,NORMAL,System Normal ✅,Stable,Normal
234.4,5.26,1233.0,NORMAL,System Normal ✅,Stable,Normal
213.5,4.29,916.0,NORMAL,System Normal ✅,Stable,Normal
212.7,4.12,876.0,NORMAL,System Normal ✅,Stable,Normal
228.4,5.24,1197.0,NORMAL,System Normal ✅,Stable,Normal
237.8,5.52,1313.0,WARNING,High Voltage ⚠️,Stable,Normal
228.2,5.95,1358.0,NORMAL,System Normal ✅,Stable,Normal
226.2,5.85,1323.0,NORMAL,System Normal ✅,Stable,Normal
229.2,4.58,1050.0,NORMAL,System Normal ✅,Stable,Normal
224.2,5.16,1157.0,NORMAL,System Normal ✅,Stable,Normal
217.1,4.01,871.0,NORMAL,System Normal ✅,Stable,Normal
218.7,5.73,1253.0,NORMAL,System Normal ✅,Stable,Normal
220.2,5.77,1271.0,NORMAL,System Normal ✅,Stable,Normal
225.2,5.51,1241.0,NORMAL,System Normal ✅,Stable,Normal
234.5,5.42,1271.0,NORMAL,System Normal ✅,Stable,Normal
235.2,4.99,1174.0,WARNING,High Voltage ⚠️,Stable,Normal
223.6,4.92,1100.0,NORMAL,System Normal ✅,Stable,Normal
224.3,4.97,1115.0,NORMAL,System Normal ✅,Stable,Normal
229.3,4.52,1036.0,NORMAL,System Normal ✅,Stable,Normal
221.2,4.09,905.0,NORMAL,System Normal ✅,Stable,Normal
210.2,4.5,946.0,NORMAL,System Normal ✅,Stable,Normal
232.9,5.43,1265.0,NORMAL,System Normal ✅,Stable,Normal
239.0,5.34,1276.0,CRITICAL,High Voltage ⚠️,Stable,Normal
212.3,5.62,1193.0,NORMAL,System Normal ✅,Stable,Normal
228.7,5.37,1228.0,NORMAL,System Normal ✅,Stable,Normal
227.6,4.23,963.0,NORMAL,System Normal ✅,Stable,Normal
217.2,4.78,1038.0,NORMAL,System Normal ✅,Stable,Normal
225.2,5.53,1245.0,NORMAL,System Normal ✅,Stable,Normal
215.0,4.03,866.0,NORMAL,System Normal ✅,Stable,Normal
220.0,5.59,1230.0,NORMAL,System Normal ✅,Stable,Normal
232.6,5.18,1205.0,NORMAL,System Normal ✅,Stable,Normal
211.0,4.6,971.0,NORMAL,System Normal ✅,Stable,Normal
217.6,5.71,1242.0,NORMAL,System Normal ✅,Stable,Normal
222.5,5.81,1293.0,NORMAL,System Normal ✅,Stable,Normal
216.5,5.2,1126.0,NORMAL,System Normal ✅,Stable,Normal
226.2,4.72,1068.0,NORMAL,System Normal ✅,Stable,Normal
230.2,4.62,1064.0,NORMAL,System Normal ✅,Stable,Normal
227.2,4.26,968.0,NORMAL,System Normal ✅,Stable,Normal
210.4,4.08,858.0,NORMAL,System Normal ✅,Stable,Normal
231.7,4.65,1077.0,NORMAL,System Normal ✅,Stable,Normal
212.4,5.67,1204.0,NORMAL,System Normal ✅,Stable,Normal
210.7,5.09,1072.0,NORMAL,System Normal ✅,Stable,Normal
217.6,4.23,920.0,NORMAL,System Normal ✅,Stable,Normal
228.5,4.3,983.0,NORMAL,System Normal ✅,Stable,Normal
236.4,4.28,1012.0,WARNING,High Voltage ⚠️,Stable,Normal
236.5,5.84,1381.0,WARNING,High Voltage ⚠️,Stable,Normal
237.1,5.19,1231.0,WARNING,High Voltage ⚠️,Stable,Normal
232.7,5.19,1208.0,NORMAL,System Normal ✅,Stable,Normal
211.7,4.04,855.0,NORMAL,System Normal ✅,Stable,Normal
227.7,5.91,1346.0,NORMAL,System Normal ✅,Stable,Normal
233.4,4.1,957.0,NORMAL,System Normal ✅,Stable,Normal
225.3,4.26,960.0,NORMAL,System Normal ✅,Stable,Normal
211.3,5.33,1126.0,NORMAL,System Normal ✅,Stable,Normal
228.9,5.83,1334.0,NORMAL,System Normal ✅,Stable,Normal
225.5,4.01,904.0,NORMAL,System Normal ✅,Stable,Normal
228.9,4.14,948.0,NORMAL,System Normal ✅,Stable,Normal
218.2,4.18,912.0,NORMAL,System Normal ✅,Stable,Normal
217.1,4.05,879.0,NORMAL,System Normal ✅,Stable,Normal
213.1,4.95,1055.0,NORMAL,System Normal ✅,Stable,Normal
213.9,5.47,1170.0,NORMAL,System Normal ✅,Stable,Normal
239.2,5.75,1375.0,CRITICAL,High Voltage ⚠️,Stable,Normal
213.6,4.96,1059.0,NORMAL,System Normal ✅,Stable,Normal
227.5,4.24,965.0,NORMAL,System Normal ✅,Stable,Normal
215.7,5.4,1165.0,NORMAL,System Normal ✅,Stable,Normal
218.9,5.55,1215.0,NORMAL,System Normal ✅,Stable,Normal
229.1,5.64,1292.0,NORMAL,System Normal ✅,Stable,Normal
218.7,4.53,991.0,NORMAL,System Normal ✅,Stable,Normal
216.7,5.53,1198.0,NORMAL,System Normal ✅,Stable,Normal
226.2,4.39,993.0,NORMAL,System Normal ✅,Stable,Normal
225.2,4.49,1011.0,NORMAL,System Normal ✅,Stable,Normal
236.8,5.26,1246.0,WARNING,High Voltage ⚠️,Stable,Normal
220.0,4.73,1041.0,NORMAL,System Normal ✅,Stable,Normal
217.4,5.57,1211.0,NORMAL,System Normal ✅,Stable,Normal
222.0,5.38,1194.0,NORMAL,System Normal ✅,Stable,Normal
235.3,4.55,1071.0,WARNING,High Voltage ⚠️,Stable,Normal
215.2,5.82,1252.0,NORMAL,System Normal ✅,Stable,Normal
232.1,4.75,1102.0,NORMAL,System Normal ✅,Stable,Normal
236.0,5.13,1211.0,WARNING,High Voltage ⚠️,Stable,Normal
219.9,5.68,1249.0,NORMAL,System Normal ✅,Stable,Normal
213.1,4.29,914.0,NORMAL,System Normal ✅,Stable,Normal
227.4,4.33,985.0,NORMAL,System Normal ✅,Stable,Normal
212.0,4.85,1028.0,NORMAL,System Normal ✅,Stable,Normal
214.2,5.05,1082.0,NORMAL,System Normal ✅,Stable,Normal
233.8,4.7,1099.0,NORMAL,System Normal ✅,Stable,Normal
216.5,5.12,1108.0,NORMAL,System Normal ✅,Stable,Normal
214.4,5.06,1085.0,NORMAL,System Normal ✅,Stable,Normal
234.4,5.19,1217.0,NORMAL,System Normal ✅,Stable,Normal
239.6,4.34,1040.0,CRITICAL,High Voltage ⚠️,Stable,Normal
226.5,5.2,1178.0,NORMAL,System Normal ✅,Stable,Normal
223.5,4.44,992.0,NORMAL,System Normal ✅,Stable,Normal
239.1,5.82,1392.0,CRITICAL,High Voltage ⚠️,Stable,Normal
239.4,5.58,1336.0,CRITICAL,High Voltage ⚠️,Stable,Normal
217.5,4.63,1007.0,NORMAL,System Normal ✅,Stable,Normal
239.9,5.86,1406.0,CRITICAL,High Voltage ⚠️,Stable,Normal
237.8,5.87,1396.0,WARNING,High Voltage ⚠️,Stable,Normal
220.8,5.11,1128.0,NORMAL,System Normal ✅,Stable,Normal
222.8,4.99,1112.0,NORMAL,System Normal ✅,Stable,Normal
237.2,5.86,1390.0,WARNING,High Voltage ⚠️,Stable,Normal
223.8,5.94,1329.0,NORMAL,System Normal ✅,Stable,Normal
219.9,4.14,910.0,NORMAL,System Normal ✅,Stable,Normal
220.7,4.41,973.0,NORMAL,System Normal ✅,Stable,Normal
217.3,4.71,1023.0,NORMAL,System Normal ✅,Stable,Normal
226.4,4.61,1044.0,NORMAL,System Normal ✅,Stable,Normal
214.9,5.98,1285.0,NORMAL,System Normal ✅,Stable,Normal
231.3,5.69,1316.0,NORMAL,System Normal ✅,Stable,Normal
225.3,5.09,1147.0,NORMAL,System Normal ✅,Stable,Normal
232.6,5.64,1312.0,NORMAL,System Normal ✅,Stable,Normal
226.2,4.08,923.0,NORMAL,System Normal ✅,Stable,Normal
224.5,5.92,1329.0,NORMAL,System Normal ✅,Stable,Normal
230.2,5.57,1282.0,NORMAL,System Normal ✅,Stable,Normal
236.9,5.53,1310.0,WARNING,High Voltage ⚠️,Stable,Normal
230.6,4.23,975.0,NORMAL,System Normal ✅,Stable,Normal
217.3,4.5,978.0,NORMAL,System Normal ✅,Stable,Normal
213.6,5.96,1273.0,NORMAL,System Normal ✅,Stable,Normal
224.1,5.38,1206.0,NORMAL,System Normal ✅,Stable,Normal
222.3,4.29,954.0,NORMAL,System Normal ✅,Stable,Normal
239.4,4.58,1096.0,CRITICAL,High Voltage ⚠️,Stable,Normal
225.2,5.52,1243.0,NORMAL,System Normal ✅,Stable,Normal
233.2,5.03,1173.0,NORMAL,System Normal ✅,Stable,Normal
228.2,5.77,1317.0,NORMAL,System Normal ✅,Stable,Normal
236.5,5.45,1289.0,WARNING,High Voltage ⚠️,Stable,Normal
232.7,5.33,1240.0,NORMAL,System Normal ✅,Stable,Normal
239.2,5.7,1363.0,CRITICAL,High Voltage ⚠️,Stable,Normal
233.3,5.05,1178.0,NORMAL,System Normal ✅,Stable,Normal
215.9,5.53,1194.0,NORMAL,System Normal ✅,Stable,Normal
231.5,5.84,1352.0,NORMAL,System Normal ✅,Stable,Normal
213.9,5.07,1084.0,NORMAL,System Normal ✅,Stable,Normal
228.8,5.6,1281.0,NORMAL,System Normal ✅,Stable,Normal
235.8,5.05,1191.0,WARNING,High Voltage ⚠️,Stable,Normal
232.2,4.27,991.0,NORMAL,System Normal ✅,Stable,Normal
218.3,4.2,917.0,NORMAL,System Normal ✅,Stable,Normal
237.4,4.09,971.0,WARNING,High Voltage ⚠️,Stable,Normal
234.6,5.76,1351.0,NORMAL,System Normal ✅,Stable,Normal
219.9,4.1,902.0,NORMAL,System Normal ✅,Stable,Normal
210.2,4.64,975.0,NORMAL,System Normal ✅,Stable,Normal
238.1,5.8,1381.0,CRITICAL,High Voltage ⚠️,Stable,Normal
216.6,4.17,903.0,NORMAL,System Normal ✅,Stable,Normal
210.0,5.67,1191.0,NORMAL,System Normal ✅,Stable,Normal
217.3,4.31,937.0,NORMAL,System Normal ✅,Stable,Normal
213.6,5.1,1089.0,NORMAL,System Normal ✅,Stable,Normal
228.1,4.12,940.0,NORMAL,System Normal ✅,Stable,Normal
223.5,4.01,896.0,NORMAL,System Normal ✅,Stable,Normal
225.9,5.3,1197.0,NORMAL,System Normal ✅,Stable,Normal
214.7,5.83,1252.0,NORMAL,System Normal ✅,Stable,Normal
228.2,5.71,1303.0,NORMAL,System Normal ✅,Stable,Normal
216.4,5.4,1169.0,NORMAL,System Normal ✅,Stable,Normal
236.0,5.37,1267.0,WARNING,High Voltage ⚠️,Stable,Normal
233.0,5.2,1212.0,NORMAL,System Normal ✅,Stable,Normal
225.1,4.4,990.0,NORMAL,System Normal ✅,Stable,Normal
228.7,5.39,1233.0,NORMAL,System Normal ✅,Stable,Normal
226.8,5.37,1218.0,NORMAL,System Normal ✅,Stable,Normal
224.7,4.62,1038.0,NORMAL,System Normal ✅,Stable,Normal
229.4,4.83,1108.0,NORMAL,System Normal ✅,Stable,Normal
217.9,5.44,1185.0,NORMAL,System Normal ✅,Stable,Normal
230.5,5.32,1226.0,NORMAL,System Normal ✅,Stable,Normal
223.7,5.91,1322.0,NORMAL,System Normal ✅,Stable,Normal
227.6,4.27,972.0,NORMAL,System Normal ✅,Stable,Normal
228.2,4.63,1057.0,NORMAL,System Normal ✅,Stable,Normal
230.7,5.68,1310.0,NORMAL,System Normal ✅,Stable,Normal
214.4,5.98,1282.0,NORMAL,System Normal ✅,Stable,Normal
224.1,5.54,1242.0,NORMAL,System Normal ✅,Stable,Normal
225.7,5.98,1350.0,NORMAL,System Normal ✅,Stable,Normal
238.7,4.15,991.0,CRITICAL,High Voltage ⚠️,Stable,Normal
219.6,4.85,1065.0,NORMAL,System Normal ✅,Stable,Normal
237.7,4.37,1039.0,WARNING,High Voltage ⚠️,Stable,Normal
234.6,5.95,1396.0,NORMAL,System Normal ✅,Stable,Normal
232.5,4.31,1002.0,NORMAL,System Normal ✅,Stable,Normal
227.2,4.93,1120.0,NORMAL,System Normal ✅,Stable,Normal
225.4,5.16,1163.0,NORMAL,System Normal ✅,Stable,Normal
220.3,4.61,1016.0,NORMAL,System Normal ✅,Stable,Normal
229.8,5.32,1223.0,NORMAL,System Normal ✅,Stable,Normal
226.6,5.44,1233.0,NORMAL,System Normal ✅,Stable,Normal
234.3,4.77,1118.0,NORMAL,System Normal ✅,Stable,Normal
237.6,4.34,1031.0,WARNING,High Voltage ⚠️,Stable,Normal
214.4,4.77,1023.0,NORMAL,System Normal ✅,Stable,Normal
237.8,4.56,1084.0,WARNING,High Voltage ⚠️,Stable,Normal
229.2,4.09,937.0,NORMAL,System Normal ✅,Stable,Normal
218.3,5.15,1124.0,NORMAL,System Normal ✅,Stable,Normal
236.0,5.14,1213.0,WARNING,High Voltage ⚠️,Stable,Normal
236.9,6.0,1421.0,WARNING,High Voltage ⚠️,Stable,Normal
217.3,4.76,1034.0,NORMAL,System Normal ✅,Stable,Normal
236.5,5.94,1405.0,WARNING,High Voltage ⚠️,Stable,Normal
215.9,5.07,1095.0,NORMAL,System Normal ✅,Stable,Normal
220.9,4.84,1069.0,NORMAL,System Normal ✅,Stable,Normal
210.9,4.31,909.0,NORMAL,System Normal ✅,Stable,Normal
224.9,5.99,1347.0,NORMAL,System Normal ✅,Stable,Normal
216.4,4.48,969.0,NORMAL,System Normal ✅,Stable,Normal
213.6,4.08,871.0,NORMAL,System Normal ✅,Stable,Normal
232.2,5.55,1289.0,NORMAL,System Normal ✅,Stable,Normal
216.0,4.96,1071.0,NORMAL,System Normal ✅,Stable,Normal
213.4,4.5,960.0,NORMAL,System Normal ✅,Stable,Normal
228.1,5.27,1202.0,NORMAL,System Normal ✅,Stable,Normal
239.5,5.58,1336.0,CRITICAL,High Voltage ⚠️,Stable,Normal
213.9,5.38,1151.0,NORMAL,System Normal ✅,Stable,Normal
227.1,4.72,1072.0,NORMAL,System Normal ✅,Stable,Normal
210.3,4.89,1028.0,NORMAL,System Normal ✅,Stable,Normal
219.5,4.14,909.0,NORMAL,System Normal ✅,Stable,Normal
216.9,4.71,1022.0,NORMAL,System Normal ✅,Stable,Normal
224.1,4.14,928.0,NORMAL,System Normal ✅,Stable,Normal
239.1,5.74,1372.0,CRITICAL,High Voltage ⚠️,Stable,Normal
232.5,4.1,953.0,NORMAL,System Normal ✅,Stable,Normal
226.3,4.58,1036.0,NORMAL,System Normal ✅,Stable,Normal
239.8,5.99,1436.0,CRITICAL,High Voltage ⚠️,Stable,Normal
213.8,5.96,1274.0,NORMAL,System Normal ✅,Stable,Normal
239.3,4.62,1106.0,CRITICAL,High Voltage ⚠️,Stable,Normal
235.4,4.07,958.0,WARNING,High Voltage ⚠️,Stable,Normal
212.7,4.3,915.0,NORMAL,System Normal ✅,Stable,Normal
227.1,5.67,1288.0,NORMAL,System Normal ✅,Stable,Normal
213.3,5.58,1190.0,NORMAL,System Normal ✅,Stable,Normal
234.3,5.06,1186.0,NORMAL,System Normal ✅,Stable,Normal
211.2,4.37,923.0,NORMAL,System Normal ✅,Stable,Normal
213.6,4.2,897.0,NORMAL,System Normal ✅,Stable,Normal
233.3,5.19,1211.0,NORMAL,System Normal ✅,Stable,Normal
229.3,5.59,1282.0,NORMAL,System Normal ✅,Stable,Normal
225.7,4.32,975.0,NORMAL,System Normal ✅,Stable,Normal
211.8,4.75,1006.0,NORMAL,System Normal ✅,Stable,Normal
227.3,5.01,1139.0,NORMAL,System Normal ✅,Stable,Normal
223.0,4.0,892.0,NORMAL,System Normal ✅,Stable,Normal
219.3,4.59,1007.0,NORMAL,System Normal ✅,Stable,Normal
224.7,4.85,1090.0,NORMAL,System Normal ✅,Stable,Normal
229.1,5.57,1276.0,NORMAL,System Normal ✅,Stable,Normal
224.5,5.01,1125.0,NORMAL,System Normal ✅,Stable,Normal
225.6,5.2,1173.0,NORMAL,System Normal ✅,Stable,Normal
237.8,4.02,956.0,WARNING,High Voltage ⚠️,Stable,Normal
215.6,4.93,1063.0,NORMAL,System Normal ✅,Stable,Normal
235.0,4.4,1034.0,NORMAL,System Normal ✅,Stable,Normal
213.6,5.75,1228.0,NORMAL,System Normal ✅,Stable,Normal
218.2,5.85,1276.0,NORMAL,System Normal ✅,Stable,Normal
236.9,5.11,1211.0,WARNING,High Voltage ⚠️,Stable,Normal
225.6,5.97,1347.0,NORMAL,System Normal ✅,Stable,Normal
231.3,4.61,1066.0,NORMAL,System Normal ✅,Stable,Normal
211.6,5.35,1132.0,NORMAL,System Normal ✅,Stable,Normal
225.5,5.72,1290.0,NORMAL,System Normal ✅,Stable,Normal
232.9,4.49,1046.0,NORMAL,System Normal ✅,Stable,Normal
232.4,5.46,1269.0,NORMAL,System Normal ✅,Stable,Normal
211.5,4.87,1030.0,NORMAL,System Normal ✅,Stable,Normal
216.9,5.93,1286.0,NORMAL,System Normal ✅,Stable,Normal
220.8,5.26,1161.0,NORMAL,System Normal ✅,Stable,Normal
236.6,4.54,1074.0,WARNING,High Voltage ⚠️,Stable,Normal
211.6,4.17,882.0,NORMAL,System Normal ✅,Stable,Normal
217.5,5.16,1122.0,NORMAL,System Normal ✅,Stable,Normal
222.8,5.4,1203.0,NORMAL,System Normal ✅,Stable,Normal
231.3,4.17,965.0,NORMAL,System Normal ✅,Stable,Normal
220.3,4.82,1062.0,NORMAL,System Normal ✅,Stable,Normal
223.4,5.1,1139.0,NORMAL,System Normal ✅,Stable,Normal
235.1,5.33,1253.0,WARNING,High Voltage ⚠️,Stable,Normal
221.0,4.63,1023.0,NORMAL,System Normal ✅,Stable,Normal
239.3,4.19,1003.0,CRITICAL,High Voltage ⚠️,Stable,Normal
212.2,5.7,1210.0,NORMAL,System Normal ✅,Stable,Normal
230.2,5.41,1245.0,NORMAL,System Normal ✅,Stable,Normal
232.4,5.31,1234.0,NORMAL,System Normal ✅,Stable,Normal
235.7,4.6,1084.0,WARNING,High Voltage ⚠️,Stable,Normal
213.1,4.62,985.0,NORMAL,System Normal ✅,Stable,Normal
231.7,5.36,1242.0,NORMAL,System Normal ✅,Stable,Normal
239.8,4.64,1113.0,CRITICAL,High Voltage ⚠️,Stable,Normal
229.1,4.79,1097.0,NORMAL,System Normal ✅,Stable,Normal
233.3,4.45,1038.0,NORMAL,System Normal ✅,Stable,Normal
235.1,5.91,1389.0,WARNING,High Voltage ⚠️,Stable,Normal
215.9,4.01,866.0,NORMAL,System Normal ✅,Stable,Normal
230.0,4.3,989.0,NORMAL,System Normal ✅,Stable,Normal
235.3,4.09,962.0,WARNING,High Voltage ⚠️,Stable,Normal
232.9,5.06,1178.0,NORMAL,System Normal ✅,Stable,Normal
233.8,5.1,1192.0,NORMAL,System Normal ✅,Stable,Normal
236.8,5.51,1305.0,WARNING,High Voltage ⚠️,Stable,Normal
213.2,5.45,1162.0,NORMAL,System Normal ✅,Stable,Normal
226.0,5.2,1175.0,NORMAL,System Normal ✅,Stable,Normal
214.6,5.58,1197.0,NORMAL,System Normal ✅,Stable,Normal
211.0,4.18,882.0,NORMAL,System Normal ✅,Stable,Normal
235.5,5.22,1229.0,WARNING,High Voltage ⚠️,Stable,Normal
214.2,4.73,1013.0,NORMAL,System Normal ✅,Stable,Normal
217.7,4.05,882.0,NORMAL,System Normal ✅,Stable,Normal
230.4,4.92,1134.0,NORMAL,System Normal ✅,Stable,Normal
229.4,4.4,1009.0,NORMAL,System Normal ✅,Stable,Normal
229.6,4.09,939.0,NORMAL,System Normal ✅,Stable,Normal
217.5,4.65,1011.0,NORMAL,System Normal ✅,Stable,Normal
224.2,5.8,1300.0,NORMAL,System Normal ✅,Stable,Normal
235.4,4.55,1071.0,WARNING,High Voltage ⚠️,Stable,Normal
235.6,5.46,1286.0,WARNING,High Voltage ⚠️,Stable,Normal
222.7,4.03,897.0,NORMAL,System Normal ✅,Stable,Normal
223.1,5.16,1151.0,NORMAL,System Normal ✅,Stable,Normal
220.5,5.18,1142.0,NORMAL,System Normal ✅,Stable,Normal
235.0,4.76,1119.0,NORMAL,System Normal ✅,Stable,Normal
220.4,5.98,1318.0,NORMAL,System Normal ✅,Stable,Normal
232.9,4.8,1118.0,NORMAL,System Normal ✅,Stable,Normal
237.0,4.86,1152.0,WARNING,High Voltage ⚠️,Stable,Normal
222.1,4.74,1053.0,NORMAL,System Normal ✅,Stable,Normal
222.8,4.9,1092.0,NORMAL,System Normal ✅,Stable,Normal
212.8,5.45,1160.0,NORMAL,System Normal ✅,Stable,Normal
229.8,5.78,1328.0,NORMAL,System Normal ✅,Stable,Normal
215.4,5.33,1148.0,NORMAL,System Normal ✅,Stable,Normal
226.8,5.1,1157.0,NORMAL,System Normal ✅,Stable,Normal
235.3,4.26,1002.0,WARNING,High Voltage ⚠️,Stable,Normal
220.8,5.97,1318.0,NORMAL,System Normal ✅,Stable,Normal
216.2,5.59,1209.0,NORMAL,System Normal ✅,Stable,Normal
224.3,4.25,953.0,NORMAL,System Normal ✅,Stable,Normal
231.6,5.96,1380.0,NORMAL,System Normal ✅,Stable,Normal
213.7,5.35,1143.0,NORMAL,System Normal ✅,Stable,Normal
227.1,4.24,963.0,NORMAL,System Normal ✅,Stable,Normal
229.3,4.28,981.0,NORMAL,System Normal ✅,Stable,Normal
218.5,5.44,1189.0,NORMAL,System Normal ✅,Stable,Normal
230.4,4.15,956.0,NORMAL,System Normal ✅,Stable,Normal
216.5,5.94,1286.0,NORMAL,System Normal ✅,Stable,Normal
217.6,4.97,1081.0,NORMAL,System Normal ✅,Stable,Normal
229.7,5.8,1332.0,NORMAL,System Normal ✅,Stable,Normal
217.2,4.7,1021.0,NORMAL,System Normal ✅,Stable,Normal
227.5,4.27,971.0,NORMAL,System Normal ✅,Stable,Normal
230.0,5.02,1155.0,NORMAL,System Normal ✅,Stable,Normal
232.4,4.57,1062.0,NORMAL,System Normal ✅,Stable,Normal
238.9,5.66,1352.0,CRITICAL,High Voltage ⚠️,Stable,Normal
212.2,5.4,1146.0,NORMAL,System Normal ✅,Stable,Normal
221.0,4.44,981.0,NORMAL,System Normal ✅,Stable,Normal
211.3,5.55,1173.0,NORMAL,System Normal ✅,Stable,Normal
238.9,5.61,1340.0,CRITICAL,High Voltage ⚠️,Stable,Normal
231.8,5.21,1208.0,NORMAL,System Normal ✅,Stable,Normal
213.8,5.5,1176.0,NORMAL,System Normal ✅,Stable,Normal
228.3,4.3,982.0,NORMAL,System Normal ✅,Stable,Normal
229.1,4.4,1008.0,NORMAL,System Normal ✅,Stable,Normal
232.9,4.17,971.0,NORMAL,System Normal ✅,Stable,Normal
220.0,4.56,1003.0,NORMAL,System Normal ✅,Stable,Normal
232.3,5.15,1196.0,NORMAL,System Normal ✅,Stable,Normal
229.4,5.97,1370.0,NORMAL,System Normal ✅,Stable,Normal
213.5,5.86,1251.0,NORMAL,System Normal ✅,Stable,Normal
228.9,5.52,1264.0,NORMAL,System Normal ✅,Stable,Normal
237.4,4.42,1049.0,WARNING,High Voltage ⚠️,Stable,Normal
227.1,4.43,1006.0,NORMAL,System Normal ✅,Stable,Normal
230.6,5.57,1284.0,NORMAL,System Normal ✅,Stable,Normal
232.1,5.71,1325.0,NORMAL,System Normal ✅,Stable,Normal
210.1,5.99,1258.0,NORMAL,System Normal ✅,Stable,Normal
236.2,5.37,1268.0,WARNING,High Voltage ⚠️,Stable,Normal
226.5,4.91,1112.0,NORMAL,System Normal ✅,Stable,Normal
236.8,5.02,1189.0,WARNING,High Voltage ⚠️,Stable,Normal
219.7,5.89,1294.0,NORMAL,System Normal ✅,Stable,Normal
224.6,5.71,1282.0,NORMAL,System Normal ✅,Stable,Normal
237.6,4.94,1174.0,WARNING,High Voltage ⚠️,Stable,Normal
219.5,5.26,1155.0,NORMAL,System Normal ✅,Stable,Normal
223.7,5.78,1293.0,NORMAL,System Normal ✅,Stable,Normal
210.7,5.5,1159.0,NORMAL,System Normal ✅,Stable,Normal
219.0,5.1,1117.0,NORMAL,System Normal ✅,Stable,Normal
215.8,5.85,1262.0,NORMAL,System Normal ✅,Stable,Normal
219.4,4.02,882.0,NORMAL,System Normal ✅,Stable,Normal
221.6,5.79,1283.0,NORMAL,System Normal ✅,Stable,Normal
218.3,5.7,1244.0,NORMAL,System Normal ✅,Stable,Normal
219.6,4.49,986.0,NORMAL,System Normal ✅,Stable,Normal
232.8,4.29,999.0,NORMAL,System Normal ✅,Stable,Normal
233.8,5.93,1386.0,NORMAL,System Normal ✅,Stable,Normal
218.0,5.59,1219.0,NORMAL,System Normal ✅,Stable,Normal
230.7,5.67,1308.0,NORMAL,System Normal ✅,Stable,Normal
214.5,5.26,1128.0,NORMAL,System Normal ✅,Stable,Normal
214.6,5.86,1258.0,NORMAL,System Normal ✅,Stable,Normal
217.3,4.52,982.0,NORMAL,System Normal ✅,Stable,Normal
230.3,4.32,995.0,NORMAL,System Normal ✅,Stable,Normal
220.0,4.89,1076.0,NORMAL,System Normal ✅,Stable,Normal
237.6,4.31,1024.0,WARNING,High Voltage ⚠️,Stable,Normal
233.5,5.47,1277.0,NORMAL,System Normal ✅,Stable,Normal
229.6,5.95,1366.0,NORMAL,System Normal ✅,Stable,Normal
221.5,5.86,1298.0,NORMAL,System Normal ✅,Stable,Normal
235.6,4.67,1100.0,WARNING,High Voltage ⚠️,Stable,Normal
210.6,5.94,1251.0,NORMAL,System Normal ✅,Stable,Normal
232.9,4.88,1137.0,NORMAL,System Normal ✅,Stable,Normal
225.7,5.23,1180.0,NORMAL,System Normal ✅,Stable,Normal
225.9,5.35,1209.0,NORMAL,System Normal ✅,Stable,Normal
217.6,5.72,1245.0,NORMAL,System Normal ✅,Stable,Normal
230.8,5.95,1373.0,NORMAL,System Normal ✅,Stable,Normal
230.3,5.4,1244.0,NORMAL,System Normal ✅,Stable,Normal
226.9,4.58,1039.0,NORMAL,System Normal ✅,Stable,Normal
225.0,5.71,1285.0,NORMAL,System Normal ✅,Stable,Normal
236.8,5.67,1343.0,WARNING,High Voltage ⚠️,Stable,Normal
234.2,5.69,1333.0,NORMAL,System Normal ✅,Stable,Normal
231.3,5.52,1277.0,NORMAL,System Normal ✅,Stable,Normal
224.0,5.62,1259.0,NORMAL,System Normal ✅,Stable,Normal
223.6,5.51,1232.0,NORMAL,System Normal ✅,Stable,Normal
221.6,4.32,957.0,NORMAL,System Normal ✅,Stable,Normal
216.4,5.82,1259.0,NORMAL,System Normal ✅,Stable,Normal
216.1,4.43,957.0,NORMAL,System Normal ✅,Stable,Normal
232.5,4.84,1125.0,NORMAL,System Normal ✅,Stable,Normal
229.2,5.41,1240.0,NORMAL,System Normal ✅,Stable,Normal
216.0,5.63,1216.0,NORMAL,System Normal ✅,Stable,Normal
225.6,5.25,1184.0,NORMAL,System Normal ✅,Stable,Normal
219.3,5.01,1099.0,NORMAL,System Normal ✅,Stable,Normal
218.5,5.7,1245.0,NORMAL,System Normal ✅,Stable,Normal
218.1,5.15,1123.0,NORMAL,System Normal ✅,Stable,Normal
236.2,4.36,1030.0,WARNING,High Voltage ⚠️,Stable,Normal
210.7,4.77,1005.0,NORMAL,System Normal ✅,Stable,Normal
216.5,5.43,1176.0,NORMAL,System Normal ✅,Stable,Normal
211.9,5.3,1123.0,NORMAL,System Normal ✅,Stable,Normal
227.8,5.36,1221.0,NORMAL,System Normal ✅,Stable,Normal
223.1,5.55,1238.0,NORMAL,System Normal ✅,Stable,Normal
227.6,5.55,1263.0,NORMAL,System Normal ✅,Stable,Normal
215.8,5.09,1098.0,NORMAL,System Normal ✅,Stable,Normal
218.7,5.36,1172.0,NORMAL,System Normal ✅,Stable,Normal
229.4,5.55,1273.0,NORMAL,System Normal ✅,Stable,Normal
218.4,5.53,1208.0,NORMAL,System Normal ✅,Stable,Normal
230.3,4.45,1025.0,NORMAL,System Normal ✅,Stable,Normal
233.4,5.51,1286.0,NORMAL,System Normal ✅,Stable,Normal
215.9,4.97,1073.0,NORMAL,System Normal ✅,Stable,Normal
227.2,4.77,1084.0,NORMAL,System Normal ✅,Stable,Normal
215.9,4.66,1006.0,NORMAL,System Normal ✅,Stable,Normal
221.6,4.47,991.0,NORMAL,System Normal ✅,Stable,Normal
220.0,5.02,1104.0,NORMAL,System Normal ✅,Stable,Normal
236.9,5.85,1386.0,WARNING,High Voltage ⚠️,Stable,Normal
226.8,5.6,1270.0,NORMAL,System Normal ✅,Stable,Normal
210.9,4.45,939.0,NORMAL,System Normal ✅,Stable,Normal
230.9,5.93,1369.0,NORMAL,System Normal ✅,Stable,Normal
229.6,5.31,1219.0,NORMAL,System Normal ✅,Stable,Normal
234.1,5.92,1386.0,NORMAL,System Normal ✅,Stable,Normal
239.7,5.11,1225.0,CRITICAL,High Voltage ⚠️,Stable,Normal
236.1,4.59,1084.0,WARNING,High Voltage ⚠️,Stable,Normal
219.7,4.42,971.0,NORMAL,System Normal ✅,Stable,Normal
238.3,5.66,1349.0,CRITICAL,High Voltage ⚠️,Stable,Normal
232.9,4.88,1137.0,NORMAL,System Normal ✅,Stable,Normal
225.2,4.84,1090.0,NORMAL,System Normal ✅,Stable,Normal
231.9,4.9,1136.0,NORMAL,System Normal ✅,Stable,Normal
222.2,4.3,955.0,NORMAL,System Normal ✅,Stable,Normal
234.6,4.04,948.0,NORMAL,System Normal ✅,Stable,Normal
233.2,4.74,1105.0,NORMAL,System Normal ✅,Stable,Normal
227.6,5.64,1284.0,NORMAL,System Normal ✅,Stable,Normal
239.6,4.4,1054.0,CRITICAL,High Voltage ⚠️,Stable,Normal
219.0,5.76,1261.0,NORMAL,System Normal ✅,Stable,Normal
222.6,4.11,915.0,NORMAL,System Normal ✅,Stable,Normal
223.9,5.09,1140.0,NORMAL,System Normal ✅,Stable,Normal
235.9,4.88,1151.0,WARNING,High Voltage ⚠️,Stable,Normal
237.6,5.61,1333.0,WARNING,High Voltage ⚠️,Stable,Normal
224.1,4.12,923.0,NORMAL,System Normal ✅,Stable,Normal
237.5,4.13,981.0,WARNING,High Voltage ⚠️,Stable,Normal
214.4,5.51,1181.0,NORMAL,System Normal ✅,Stable,Normal
233.6,5.91,1381.0,NORMAL,System Normal ✅,Stable,Normal
212.8,5.01,1066.0,NORMAL,System Normal ✅,Stable,Normal
234.4,4.48,1050.0,NORMAL,System Normal ✅,Stable,Normal
215.9,4.26,920.0,NORMAL,System Normal ✅,Stable,Normal
211.6,5.23,1107.0,NORMAL,System Normal ✅,Stable,Normal
237.0,5.5,1304.0,WARNING,High Voltage ⚠️,Stable,Normal
228.4,5.98,1366.0,NORMAL,System Normal ✅,Stable,Normal
210.4,5.07,1067.0,NORMAL,System Normal ✅,Stable,Normal
213.0,4.95,1054.0,NORMAL,System Normal ✅,Stable,Normal
212.9,4.54,967.0,NORMAL,System Normal ✅,Stable,Normal
218.8,5.04,1103.0,NORMAL,System Normal ✅,Stable,Normal
226.7,4.55,1031.0,NORMAL,System Normal ✅,Stable,Normal
230.4,5.32,1226.0,NORMAL,System Normal ✅,Stable,Normal
211.0,4.83,1019.0,NORMAL,System Normal ✅,Stable,Normal
214.0,5.59,1196.0,NORMAL,System Normal ✅,Stable,Normal
238.6,4.91,1172.0,CRITICAL,High Voltage ⚠️,Stable,Normal
221.8,4.8,1065.0,NORMAL,System Normal ✅,Stable,Normal
219.8,4.17,917.0,NORMAL,System Normal ✅,Stable,Normal
219.6,4.89,1074.0,NORMAL,System Normal ✅,Stable,Normal
238.1,4.0,952.0,CRITICAL,High Voltage ⚠️,Stable,Normal
216.3,4.23,915.0,NORMAL,System Normal ✅,Stable,Normal
219.4,5.88,1290.0,NORMAL,System Normal ✅,Stable,Normal
235.8,5.69,1342.0,WARNING,High Voltage ⚠️,Stable,Normal
215.7,4.71,1016.0,NORMAL,System Normal ✅,Stable,Normal
228.1,4.34,990.0,NORMAL,System Normal ✅,Stable,Normal
218.4,4.55,994.0,NORMAL,System Normal ✅,Stable,Normal
230.8,4.83,1115.0,NORMAL,System Normal ✅,Stable,Normal
235.1,4.37,1027.0,WARNING,High Voltage ⚠️,Stable,Normal
217.9,4.41,961.0,NORMAL,System Normal ✅,Stable,Normal
233.9,5.45,1275.0,NORMAL,System Normal ✅,Stable,Normal
224.4,5.15,1156.0,NORMAL,System Normal ✅,Stable,Normal
216.8,4.58,993.0,NORMAL,System Normal ✅,Stable,Normal
211.1,4.84,1022.0,NORMAL,System Normal ✅,Stable,Normal
217.7,5.75,1252.0,NORMAL,System Normal ✅,Stable,Normal
238.1,4.14,986.0,CRITICAL,High Voltage ⚠️,Stable,Normal
228.0,4.28,976.0,NORMAL,System Normal ✅,Stable,Normal
236.3,5.47,1293.0,WARNING,High Voltage ⚠️,Stable,Normal
236.6,4.59,1086.0,WARNING,High Voltage ⚠️,Stable,Normal
211.5,5.09,1077.0,NORMAL,System Normal ✅,Stable,Normal
239.6,5.42,1299.0,CRITICAL,High Voltage ⚠️,Stable,Normal
230.7,4.62,1066.0,NORMAL,System Normal ✅,Stable,Normal
231.9,5.78,1340.0,NORMAL,System Normal ✅,Stable,Normal
221.2,5.75,1272.0,NORMAL,System Normal ✅,Stable,Normal
239.7,4.71,1129.0,CRITICAL,High Voltage ⚠️,Stable,Normal
224.6,5.68,1276.0,NORMAL,System Normal ✅,Stable,Normal
229.5,5.72,1313.0,NORMAL,System Normal ✅,Stable,Normal
237.8,4.44,1056.0,WARNING,High Voltage ⚠️,Stable,Normal
219.9,4.63,1018.0,NORMAL,System Normal ✅,Stable,Normal
238.1,5.6,1333.0,CRITICAL,High Voltage ⚠️,Stable,Normal
213.3,4.99,1064.0,NORMAL,System Normal ✅,Stable,Normal
233.6,4.28,1000.0,NORMAL,System Normal ✅,Stable,Normal
215.0,4.8,1032.0,NORMAL,System Normal ✅,Stable,Normal
230.3,5.22,1202.0,NORMAL,System Normal ✅,Stable,Normal
238.6,5.34,1274.0,CRITICAL,High Voltage ⚠️,Stable,Normal
227.7,4.2,956.0,NORMAL,System Normal ✅,Stable,Normal
210.6,5.63,1186.0,NORMAL,System Normal ✅,Stable,Normal
234.7,4.27,1002.0,NORMAL,System Normal ✅,Stable,Normal
238.0,5.77,1373.0,WARNING,High Voltage ⚠️,Stable,Normal
219.4,4.67,1025.0,NORMAL,System Normal ✅,Stable,Normal
226.1,4.16,941.0,NORMAL,System Normal ✅,Stable,Normal
230.1,5.95,1369.0,NORMAL,System Normal ✅,Stable,Normal
210.3,4.85,1020.0,NORMAL,System Normal ✅,Stable,Normal
238.6,5.88,1403.0,CRITICAL,High Voltage ⚠️,Stable,Normal
231.2,5.51,1274.0,NORMAL,System Normal ✅,Stable,Normal
229.8,4.55,1046.0,NORMAL,System Normal ✅,Stable,Normal
212.9,4.59,977.0,NORMAL,System Normal ✅,Stable,Normal
235.6,5.28,1244.0,WARNING,High Voltage ⚠️,Stable,Normal
215.9,5.49,1185.0,NORMAL,System Normal ✅,Stable,Normal
222.1,4.19,931.0,NORMAL,System Normal ✅,Stable,Normal
226.8,5.78,1311.0,NORMAL,System Normal ✅,Stable,Normal
220.2,5.99,1319.0,NORMAL,System Normal ✅,Stable,Normal
218.9,5.1,1116.0,NORMAL,System Normal ✅,Stable,Normal
236.4,4.96,1173.0,WARNING,High Voltage ⚠️,Stable,Normal
239.1,5.29,1265.0,CRITICAL,High Voltage ⚠️,Stable,Normal
223.8,5.39,1206.0,NORMAL,System Normal ✅,Stable,Normal
214.1,4.69,1004.0,NORMAL,System Normal ✅,Stable,Normal
217.3,5.02,1091.0,NORMAL,System Normal ✅,Stable,Normal
232.1,4.74,1100.0,NORMAL,System Normal ✅,Stable,Normal
219.9,4.78,1051.0,NORMAL,System Normal ✅,Stable,Normal
232.7,4.11,956.0,NORMAL,System Normal ✅,Stable,Normal
238.7,5.47,1306.0,CRITICAL,High Voltage ⚠️,Stable,Normal
238.4,5.02,1197.0,CRITICAL,High Voltage ⚠️,Stable,Normal
239.7,5.43,1302.0,CRITICAL,High Voltage ⚠️,Stable,Normal
224.9,5.59,1257.0,NORMAL,System Normal ✅,Stable,Normal
221.9,5.97,1325.0,NORMAL,System Normal ✅,Stable,Normal
237.6,4.79,1138.0,WARNING,High Voltage ⚠️,Stable,Normal
219.8,5.79,1273.0,NORMAL,System Normal ✅,Stable,Normal
211.9,4.85,1028.0,NORMAL,System Normal ✅,Stable,Normal
211.9,5.9,1250.0,NORMAL,System Normal ✅,Stable,Normal
215.0,4.08,877.0,NORMAL,System Normal ✅,Stable,Normal
227.1,4.27,970.0,NORMAL,System Normal ✅,Stable,Normal
212.6,4.98,1059.0,NORMAL,System Normal ✅,Stable,Normal
216.2,4.74,1025.0,NORMAL,System Normal ✅,Stable,Normal
235.8,4.46,1052.0,WARNING,High Voltage ⚠️,Stable,Normal
213.2,5.4,1151.0,NORMAL,System Normal ✅,Stable,Normal
221.9,5.46,1212.0,NORMAL,System Normal ✅,Stable,Normal
214.4,5.87,1259.0,NORMAL,System Normal ✅,Stable,Normal
227.3,5.73,1302.0,NORMAL,System Normal ✅,Stable,Normal
215.8,4.25,917.0,NORMAL,System Normal ✅,Stable,Normal
234.9,4.96,1165.0,NORMAL,System Normal ✅,Stable,Normal
213.9,4.38,937.0,NORMAL,System Normal ✅,Stable,Normal
238.3,4.4,1049.0,CRITICAL,High Voltage ⚠️,Stable,Normal
221.0,4.96,1096.0,NORMAL,System Normal ✅,Stable,Normal
212.1,4.47,948.0,NORMAL,System Normal ✅,Stable,Normal
229.6,4.67,1072.0,NORMAL,System Normal ✅,Stable,Normal
239.4,4.66,1116.0,CRITICAL,High Voltage ⚠️,Stable,Normal
237.3,4.7,1115.0,WARNING,High Voltage ⚠️,Stable,Normal
237.4,5.84,1386.0,WARNING,High Voltage ⚠️,Stable,Normal
222.3,4.42,983.0,NORMAL,System Normal ✅,Stable,Normal
224.7,4.66,1047.0,NORMAL,System Normal ✅,Stable,Normal
213.1,4.34,925.0,NORMAL,System Normal ✅,Stable,Normal
226.9,4.27,969.0,NORMAL,System Normal ✅,Stable,Normal
213.5,5.45,1164.0,NORMAL,System Normal ✅,Stable,Normal
219.7,5.04,1107.0,NORMAL,System Normal ✅,Stable,Normal
230.9,5.47,1263.0,NORMAL,System Normal ✅,Stable,Normal
222.1,4.86,1079.0,NORMAL,System Normal ✅,Stable,Normal
235.1,5.13,1206.0,WARNING,High Voltage ⚠️,Stable,Normal
237.7,4.7,1117.0,WARNING,High Voltage ⚠️,Stable,Normal
222.3,5.17,1149.0,NORMAL,System Normal ✅,Stable,Normal
231.2,4.66,1077.0,NORMAL,System Normal ✅,Stable,Normal
221.8,4.08,905.0,NORMAL,System Normal ✅,Stable,Normal
239.1,4.04,966.0,CRITICAL,High Voltage ⚠️,Stable,Normal
217.2,5.24,1138.0,NORMAL,System Normal ✅,Stable,Normal
223.0,5.23,1166.0,NORMAL,System Normal ✅,Stable,Normal
213.4,5.0,1067.0,NORMAL,System Normal ✅,Stable,Normal
235.7,4.92,1160.0,WARNING,High Voltage ⚠️,Stable,Normal
226.6,5.94,1346.0,NORMAL,System Normal ✅,Stable,Normal
213.3,5.62,1199.0,NORMAL,System Normal ✅,Stable,Normal
236.4,4.93,1165.0,WARNING,High Voltage ⚠️,Stable,Normal
217.5,5.87,1277.0,NORMAL,System Normal ✅,Stable,Normal
233.2,4.92,1147.0,NORMAL,System Normal ✅,Stable,Normal
229.3,4.58,1050.0,NORMAL,System Normal ✅,Stable,Normal
218.2,4.69,1023.0,NORMAL,System Normal ✅,Stable,Normal
220.9,5.4,1193.0,NORMAL,System Normal ✅,Stable,Normal
237.5,5.31,1261.0,WARNING,High Voltage ⚠️,Stable,Normal
235.5,5.43,1279.0,WARNING,High Voltage ⚠️,Stable,Normal
235.6,4.71,1110.0,WARNING,High Voltage ⚠️,Stable,Normal
220.5,5.98,1319.0,NORMAL,System Normal ✅,Stable,Normal
224.4,5.98,1342.0,NORMAL,System Normal ✅,Stable,Normal
223.0,5.1,1137.0,NORMAL,System Normal ✅,Stable,Normal
229.3,5.89,1351.0,NORMAL,System Normal ✅,Stable,Normal
233.7,5.26,1229.0,NORMAL,System Normal ✅,Stable,Normal
230.3,5.8,1336.0,NORMAL,System Normal ✅,Stable,Normal
224.2,4.42,991.0,NORMAL,System Normal ✅,Stable,Normal
211.3,5.46,1154.0,NORMAL,System Normal ✅,Stable,Normal
217.3,5.47,1189.0,NORMAL,System Normal ✅,Stable,Normal
231.4,4.74,1097.0,NORMAL,System Normal ✅,Stable,Normal
218.3,4.03,880.0,NORMAL,System Normal ✅,Stable,Normal
220.7,4.92,1086.0,NORMAL,System Normal ✅,Stable,Normal
221.5,5.64,1249.0,NORMAL,System Normal ✅,Stable,Normal
228.1,4.44,1013.0,NORMAL,System Normal ✅,Stable,Normal
217.0,4.45,966.0,NORMAL,System Normal ✅,Stable,Normal
225.6,5.03,1135.0,NORMAL,System Normal ✅,Stable,Normal
236.5,4.75,1123.0,WARNING,High Voltage ⚠️,Stable,Normal
212.6,4.82,1025.0,NORMAL,System Normal ✅,Stable,Normal
218.9,5.35,1171.0,NORMAL,System Normal ✅,Stable,Normal
233.0,4.11,958.0,NORMAL,System Normal ✅,Stable,Normal
237.1,4.63,1098.0,WARNING,High Voltage ⚠️,Stable,Normal
218.0,5.43,1184.0,NORMAL,System Normal ✅,Stable,Normal
233.2,4.2,979.0,NORMAL,System Normal ✅,Stable,Normal
227.7,4.22,961.0,NORMAL,System Normal ✅,Stable,Normal
231.2,5.12,1184.0,NORMAL,System Normal ✅,Stable,Normal
239.6,5.16,1236.0,CRITICAL,High Voltage ⚠️,Stable,Normal
210.2,4.36,916.0,NORMAL,System Normal ✅,Stable,Normal
217.5,5.13,1116.0,NORMAL,System Normal ✅,Stable,Normal
220.5,5.63,1241.0,NORMAL,System Normal ✅,Stable,Normal
232.9,4.46,1039.0,NORMAL,System Normal ✅,Stable,Normal
214.6,5.41,1161.0,NORMAL,System Normal ✅,Stable,Normal
221.3,4.39,972.0,NORMAL,System Normal ✅,Stable,Normal
213.9,4.65,995.0,NORMAL,System Normal ✅,Stable,Normal
225.9,5.27,1190.0,NORMAL,System Normal ✅,Stable,Normal
233.5,5.2,1214.0,NORMAL,System Normal ✅,Stable,Normal
228.0,4.39,1001.0,NORMAL,System Normal ✅,Stable,Normal
215.7,4.6,992.0,NORMAL,System Normal ✅,Stable,Normal
233.5,4.65,1086.0,NORMAL,System Normal ✅,Stable,Normal
237.0,4.85,1149.0,WARNING,High Voltage ⚠️,Stable,Normal
229.6,4.16,955.0,NORMAL,System Normal ✅,Stable,Normal
237.0,4.4,1043.0,WARNING,High Voltage ⚠️,Stable,Normal
232.9,5.21,1213.0,NORMAL,System Normal ✅,Stable,Normal
231.8,5.84,1354.0,NORMAL,System Normal ✅,Stable,Normal
233.7,5.72,1337.0,NORMAL,System Normal ✅,Stable,Normal
220.6,5.58,1231.0,NORMAL,System Normal ✅,Stable,Normal
212.3,5.99,1272.0,NORMAL,System Normal ✅,Stable,Normal
223.4,5.31,1186.0,NORMAL,System Normal ✅,Stable,Normal
227.1,5.61,1274.0,NORMAL,System Normal ✅,Stable,Normal
239.0,5.01,1197.0,CRITICAL,High Voltage ⚠️,Stable,Normal
229.6,4.31,990.0,NORMAL,System Normal ✅,Stable,Normal
237.8,5.29,1258.0,WARNING,High Voltage ⚠️,Stable,Normal
210.8,4.7,991.0,NORMAL,System Normal ✅,Stable,Normal
218.5,4.61,1007.0,NORMAL,System Normal ✅,Stable,Normal
237.9,5.56,1323.0,WARNING,High Voltage ⚠️,Stable,Normal
232.9,4.8,1118.0,NORMAL,System Normal ✅,Stable,Normal
216.7,5.08,1101.0,NORMAL,System Normal ✅,Stable,Normal
218.5,5.93,1296.0,NORMAL,System Normal ✅,Stable,Normal
219.9,5.8,1275.0,NORMAL,System Normal ✅,Stable,Normal
238.7,5.57,1330.0,CRITICAL,High Voltage ⚠️,Stable,Normal
232.1,5.84,1355.0,NORMAL,System Normal ✅,Stable,Normal
238.8,4.33,1034.0,CRITICAL,High Voltage ⚠️,Stable,Normal
223.9,5.13,1149.0,NORMAL,System Normal ✅,Stable,Normal
232.8,5.84,1360.0,NORMAL,System Normal ✅,Stable,Normal
238.1,4.32,1029.0,CRITICAL,High Voltage ⚠️,Stable,Normal
232.1,5.94,1379.0,NORMAL,System Normal ✅,Stable,Normal
234.5,4.67,1095.0,NORMAL,System Normal ✅,Stable,Normal
212.2,4.46,946.0,NORMAL,System Normal ✅,Stable,Normal
212.5,4.0,850.0,NORMAL,System Normal ✅,Stable,Normal
231.0,5.49,1268.0,NORMAL,System Normal ✅,Stable,Normal
227.6,4.76,1083.0,NORMAL,System Normal ✅,Stable,Normal
219.1,5.52,1209.0,NORMAL,System Normal ✅,Stable,Normal
220.1,4.81,1059.0,NORMAL,System Normal ✅,Stable,Normal
239.2,4.95,1184.0,CRITICAL,High Voltage ⚠️,Stable,Normal
227.0,4.99,1133.0,NORMAL,System Normal ✅,Stable,Normal
216.2,5.31,1148.0,NORMAL,System Normal ✅,Stable,Normal
222.3,5.28,1174.0,NORMAL,System Normal ✅,Stable,Normal
229.7,4.07,935.0,NORMAL,System Normal ✅,Stable,Normal
220.3,5.24,1154.0,NORMAL,System Normal ✅,Stable,Normal
225.6,5.95,1342.0,NORMAL,System Normal ✅,Stable,Normal
212.4,5.18,1100.0,NORMAL,System Normal ✅,Stable,Normal
227.4,5.8,1319.0,NORMAL,System Normal ✅,Stable,Normal
211.8,4.65,985.0,NORMAL,System Normal ✅,Stable,Normal
221.5,5.95,1318.0,NORMAL,System Normal ✅,Stable,Normal
212.4,5.07,1077.0,NORMAL,System Normal ✅,Stable,Normal
217.5,5.43,1181.0,NORMAL,System Normal ✅,Stable,Normal
226.9,5.19,1178.0,NORMAL,System Normal ✅,Stable,Normal
227.3,5.36,1218.0,NORMAL,System Normal ✅,Stable,Normal
227.3,5.17,1175.0,NORMAL,System Normal ✅,Stable,Normal
216.4,5.64,1220.0,NORMAL,System Normal ✅,Stable,Normal
222.8,5.8,1292.0,NORMAL,System Normal ✅,Stable,Normal
218.0,5.3,1155.0,NORMAL,System Normal ✅,Stable,Normal
216.2,4.52,977.0,NORMAL,System Normal ✅,Stable,Normal
217.9,6.0,1307.0,NORMAL,System Normal ✅,Stable,Normal
231.0,5.63,1301.0,NORMAL,System Normal ✅,Stable,Normal
215.4,4.19,903.0,NORMAL,System Normal ✅,Stable,Normal
210.5,4.24,893.0,NORMAL,System Normal ✅,Stable,Normal
229.6,4.86,1116.0,NORMAL,System Normal ✅,Stable,Normal
210.8,5.97,1258.0,NORMAL,System Normal ✅,Stable,Normal
231.2,4.17,964.0,NORMAL,System Normal ✅,Stable,Normal
227.2,4.99,1134.0,NORMAL,System Normal ✅,Stable,Normal
221.1,4.31,953.0,NORMAL,System Normal ✅,Stable,Normal
210.9,5.96,1257.0,NORMAL,System Normal ✅,Stable,Normal
231.0,4.4,1016.0,NORMAL,System Normal ✅,Stable,Normal
232.5,4.33,1007.0,NORMAL,System Normal ✅,Stable,Normal
237.5,5.22,1240.0,WARNING,High Voltage ⚠️,Stable,Normal
222.5,4.61,1026.0,NORMAL,System Normal ✅,Stable,Normal
238.6,4.9,1169.0,CRITICAL,High Voltage ⚠️,Stable,Normal
227.2,5.14,1168.0,NORMAL,System Normal ✅,Stable,Normal
236.9,4.7,1113.0,WARNING,High Voltage ⚠️,Stable,Normal
224.5,4.07,914.0,NORMAL,System Normal ✅,Stable,Normal
219.3,5.59,1226.0,NORMAL,System Normal ✅,Stable,Normal
222.4,4.28,952.0,NORMAL,System Normal ✅,Stable,Normal
226.1,4.33,979.0,NORMAL,System Normal ✅,Stable,Normal
214.2,5.39,1155.0,NORMAL,System Normal ✅,Stable,Normal
238.7,5.99,1430.0,CRITICAL,High Voltage ⚠️,Stable,Normal
237.8,5.87,1396.0,WARNING,High Voltage ⚠️,Stable,Normal
211.3,4.69,991.0,NORMAL,System Normal ✅,Stable,Normal
238.7,5.71,1363.0,CRITICAL,High Voltage ⚠️,Stable,Normal
223.5,4.87,1088.0,NORMAL,System Normal ✅,Stable,Normal
237.1,4.68,1110.0,WARNING,High Voltage ⚠️,Stable,Normal
236.1,4.13,975.0,WARNING,High Voltage ⚠️,Stable,Normal
237.1,5.39,1278.0,WARNING,High Voltage ⚠️,Stable,Normal
230.1,4.43,1019.0,NORMAL,System Normal ✅,Stable,Normal
221.3,4.2,929.0,NORMAL,System Normal ✅,Stable,Normal
233.1,4.77,1112.0,NORMAL,System Normal ✅,Stable,Normal
236.5,4.95,1171.0,WARNING,High Voltage ⚠️,Stable,Normal
238.3,4.17,994.0,CRITICAL,High Voltage ⚠️,Stable,Normal
218.1,4.01,875.0,NORMAL,System Normal ✅,Stable,Normal
222.3,4.68,1040.0,NORMAL,System Normal ✅,Stable,Normal
226.0,5.06,1144.0,NORMAL,System Normal ✅,Stable,Normal
232.3,5.65,1312.0,NORMAL,System Normal ✅,Stable,Normal
233.7,4.22,986.0,NORMAL,System Normal ✅,Stable,Normal
217.1,4.34,942.0,NORMAL,System Normal ✅,Stable,Normal
234.7,4.94,1159.0,NORMAL,System Normal ✅,Stable,Normal
223.6,4.38,979.0,NORMAL,System Normal ✅,Stable,Normal
237.5,4.3,1021.0,WARNING,High Voltage ⚠️,Stable,Normal
218.4,4.55,994.0,NORMAL,System Normal ✅,Stable,Normal
233.6,4.01,937.0,NORMAL,System Normal ✅,Stable,Normal
235.5,4.35,1024.0,WARNING,High Voltage ⚠️,Stable,Normal
225.6,5.78,1304.0,NORMAL,System Normal ✅,Stable,Normal
229.6,4.15,953.0,NORMAL,System Normal ✅,Stable,Normal
230.3,4.12,949.0,NORMAL,System Normal ✅,Stable,Normal
223.7,5.79,1295.0,NORMAL,System Normal ✅,Stable,Normal
236.3,4.16,983.0,WARNING,High Voltage ⚠️,Stable,Normal
228.3,5.31,1212.0,NORMAL,System Normal ✅,Stable,Normal
213.0,5.07,1080.0,NORMAL,System Normal ✅,Stable,Normal
210.9,4.85,1023.0,NORMAL,System Normal ✅,Stable,Normal
236.3,4.36,1030.0,WARNING,High Voltage ⚠️,Stable,Normal
220.2,4.71,1037.0,NORMAL,System Normal ✅,Stable,Normal
220.9,5.94,1312.0,NORMAL,System Normal ✅,Stable,Normal
212.6,4.34,923.0,NORMAL,System Normal ✅,Stable,Normal
229.8,4.04,928.0,NORMAL,System Normal ✅,Stable,Normal
224.5,4.36,979.0,NORMAL,System Normal ✅,Stable,Normal
232.3,4.89,1136.0,NORMAL,System Normal ✅,Stable,Normal
214.8,4.44,954.0,NORMAL,System Normal ✅,Stable,Normal
220.2,5.31,1169.0,NORMAL,System Normal ✅,Stable,Normal
233.3,4.93,1150.0,NORMAL,System Normal ✅,Stable,Normal
236.2,5.48,1294.0,WARNING,High Voltage ⚠️,Stable,Normal
212.6,5.78,1229.0,NORMAL,System Normal ✅,Stable,Normal
235.8,5.32,1254.0,WARNING,High Voltage ⚠️,Stable,Normal
228.9,4.59,1051.0,NORMAL,System Normal ✅,Stable,Normal
239.3,4.48,1072.0,CRITICAL,High Voltage ⚠️,Stable,Normal
233.1,4.74,1105.0,NORMAL,System Normal ✅,Stable,Normal
229.9,5.67,1304.0,NORMAL,System Normal ✅,Stable,Normal
236.9,5.52,1308.0,WARNING,High Voltage ⚠️,Stable,Normal
214.8,4.84,1040.0,NORMAL,System Normal ✅,Stable,Normal
213.9,4.66,997.0,NORMAL,System Normal ✅,Stable,Normal
218.4,4.43,968.0,NORMAL,System Normal ✅,Stable,Normal
226.1,5.17,1169.0,NORMAL,System Normal ✅,Stable,Normal
213.4,5.35,1142.0,NORMAL,System Normal ✅,Stable,Normal
233.9,5.61,1312.0,NORMAL,System Normal ✅,Stable,Normal
225.5,4.63,1044.0,NORMAL,System Normal ✅,Stable,Normal
237.9,5.51,1311.0,WARNING,High Voltage ⚠️,Stable,Normal
226.9,5.18,1175.0,NORMAL,System Normal ✅,Stable,Normal
218.1,5.58,1217.0,NORMAL,System Normal ✅,Stable,Normal
226.7,4.65,1054.0,NORMAL,System Normal ✅,Stable,Normal
233.3,5.3,1236.0,NORMAL,System Normal ✅,Stable,Normal
235.1,4.44,1044.0,WARNING,High Voltage ⚠️,Stable,Normal
222.7,4.8,1069.0,NORMAL,System Normal ✅,Stable,Normal
224.2,5.04,1130.0,NORMAL,System Normal ✅,Stable,Normal
213.0,5.24,1116.0,NORMAL,System Normal ✅,Stable,Normal
229.1,4.65,1065.0,NORMAL,System Normal ✅,Stable,Normal
232.5,5.97,1388.0,NORMAL,System Normal ✅,Stable,Normal
236.8,5.87,1390.0,WARNING,High Voltage ⚠️,Stable,Normal
228.2,4.15,947.0,NORMAL,System Normal ✅,Stable,Normal
219.0,4.67,1023.0,NORMAL,System Normal ✅,Stable,Normal
239.9,4.11,986.0,CRITICAL,High Voltage ⚠️,Stable,Normal
226.1,4.57,1033.0,NORMAL,System Normal ✅,Stable,Normal
211.8,4.18,885.0,NORMAL,System Normal ✅,Stable,Normal
237.6,5.41,1285.0,WARNING,High Voltage ⚠️,Stable,Normal
228.4,5.16,1179.0,NORMAL,System Normal ✅,Stable,Normal
236.2,4.11,971.0,WARNING,High Voltage ⚠️,Stable,Normal
234.8,5.69,1336.0,NORMAL,System Normal ✅,Stable,Normal
222.9,4.84,1079.0,NORMAL,System Normal ✅,Stable,Normal
227.9,4.16,948.0,NORMAL,System Normal ✅,Stable,Normal
212.2,5.37,1140.0,NORMAL,System Normal ✅,Stable,Normal
216.2,5.82,1258.0,NORMAL,System Normal ✅,Stable,Normal
218.9,5.12,1121.0,NORMAL,System Normal ✅,Stable,Normal
222.1,4.49,997.0,NORMAL,System Normal ✅,Stable,Normal
234.6,5.55,1302.0,NORMAL,System Normal ✅,Stable,Normal
211.2,5.15,1088.0,NORMAL,System Normal ✅,Stable,Normal
210.8,4.22,890.0,NORMAL,System Normal ✅,Stable,Normal
236.6,5.53,1308.0,WARNING,High Voltage ⚠️,Stable,Normal
234.8,5.21,1223.0,NORMAL,System Normal ✅,Stable,Normal
227.6,5.48,1247.0,NORMAL,System Normal ✅,Stable,Normal
219.6,5.21,1144.0,NORMAL,System Normal ✅,Stable,Normal
212.0,4.16,882.0,NORMAL,System Normal ✅,Stable,Normal
222.1,4.83,1073.0,NORMAL,System Normal ✅,Stable,Normal
221.2,4.33,958.0,NORMAL,System Normal ✅,Stable,Normal
214.4,4.32,926.0,NORMAL,System Normal ✅,Stable,Normal
212.2,4.54,963.0,NORMAL,System Normal ✅,Stable,Normal
234.2,5.59,1309.0,NORMAL,System Normal ✅,Stable,Normal
232.9,4.42,1029.0,NORMAL,System Normal ✅,Stable,Normal
223.0,4.88,1088.0,NORMAL,System Normal ✅,Stable,Normal
221.6,5.05,1119.0,NORMAL,System Normal ✅,Stable,Normal
218.6,4.23,925.0,NORMAL,System Normal ✅,Stable,Normal
224.7,4.17,937.0,NORMAL,System Normal ✅,Stable,Normal
232.3,5.89,1368.0,NORMAL,System Normal ✅,Stable,Normal
219.7,4.27,938.0,NORMAL,System Normal ✅,Stable,Normal
224.4,5.38,1207.0,NORMAL,System Normal ✅,Stable,Normal
230.3,5.14,1184.0,NORMAL,System Normal ✅,Stable,Normal
216.0,5.59,1207.0,NORMAL,System Normal ✅,Stable,Normal
236.0,4.51,1064.0,WARNING,High Voltage ⚠️,Stable,Normal
231.9,4.82,1118.0,NORMAL,System Normal ✅,Stable,Normal
212.8,5.66,1204.0,NORMAL,System Normal ✅,Stable,Normal
213.3,5.86,1250.0,NORMAL,System Normal ✅,Stable,Normal
212.7,4.43,942.0,NORMAL,System Normal ✅,Stable,Normal
220.1,4.09,900.0,NORMAL,System Normal ✅,Stable,Normal
235.0,5.9,1386.0,NORMAL,System Normal ✅,Stable,Normal
223.8,5.38,1204.0,NORMAL,System Normal ✅,Stable,Normal
214.3,4.93,1056.0,NORMAL,System Normal ✅,Stable,Normal
237.0,4.93,1168.0,WARNING,High Voltage ⚠️,Stable,Normal
237.8,4.78,1137.0,WARNING,High Voltage ⚠️,Stable,Normal
231.2,4.12,953.0,NORMAL,System Normal ✅,Stable,Normal
226.1,4.32,977.0,NORMAL,System Normal ✅,Stable,Normal
235.7,5.31,1252.0,WARNING,High Voltage ⚠️,Stable,Normal
237.0,6.0,1422.0,WARNING,High Voltage ⚠️,Stable,Normal
237.9,5.93,1411.0,WARNING,High Voltage ⚠️,Stable,Normal
230.0,5.11,1175.0,NORMAL,System Normal ✅,Stable,Normal
227.3,4.76,1082.0,NORMAL,System Normal ✅,Stable,Normal
231.9,4.99,1157.0,NORMAL,System Normal ✅,Stable,Normal
238.0,5.52,1314.0,WARNING,High Voltage ⚠️,Stable,Normal
236.2,5.38,1271.0,WARNING,High Voltage ⚠️,Stable,Normal
212.1,5.81,1232.0,NORMAL,System Normal ✅,Stable,Normal
236.6,5.71,1351.0,WARNING,High Voltage ⚠️,Stable,Normal
237.2,5.22,1238.0,WARNING,High Voltage ⚠️,Stable,Normal
227.4,5.75,1308.0,NORMAL,System Normal ✅,Stable,Normal
218.4,5.05,1103.0,NORMAL,System Normal ✅,Stable,Normal
217.8,4.73,1030.0,NORMAL,System Normal ✅,Stable,Normal
238.8,4.53,1082.0,CRITICAL,High Voltage ⚠️,Stable,Normal
223.4,5.01,1119.0,NORMAL,System Normal ✅,Stable,Normal
236.8,5.25,1243.0,WARNING,High Voltage ⚠️,Stable,Normal
232.6,5.84,1358.0,NORMAL,System Normal ✅,Stable,Normal
220.4,5.27,1162.0,NORMAL,System Normal ✅,Stable,Normal
239.8,5.75,1379.0,CRITICAL,High Voltage ⚠️,Stable,Normal
218.0,5.85,1275.0,NORMAL,System Normal ✅,Stable,Normal
215.8,4.77,1029.0,NORMAL,System Normal ✅,Stable,Normal
236.9,5.78,1369.0,WARNING,High Voltage ⚠️,Stable,Normal
213.2,4.28,912.0,NORMAL,System Normal ✅,Stable,Normal
229.4,4.51,1035.0,NORMAL,System Normal ✅,Stable,Normal
223.3,4.48,1000.0,NORMAL,System Normal ✅,Stable,Normal
222.6,4.6,1024.0,NORMAL,System Normal ✅,Stable,Normal
229.2,4.61,1057.0,NORMAL,System Normal ✅,Stable,Normal
236.0,4.72,1114.0,WARNING,High Voltage ⚠️,Stable,Normal
221.7,5.67,1257.0,NORMAL,System Normal ✅,Stable,Normal
237.3,4.69,1113.0,WARNING,High Voltage ⚠️,Stable,Normal
214.9,4.58,984.0,NORMAL,System Normal ✅,Stable,Normal
217.6,5.59,1216.0,NORMAL,System Normal ✅,Stable,Normal
236.5,5.52,1305.0,WARNING,High Voltage ⚠️,Stable,Normal
237.6,4.87,1157.0,WARNING,High Voltage ⚠️,Stable,Normal
216.2,5.69,1230.0,NORMAL,System Normal ✅,Stable,Normal
225.8,4.91,1109.0,NORMAL,System Normal ✅,Stable,Normal
239.2,4.47,1069.0,CRITICAL,High Voltage ⚠️,Stable,Normal
217.4,5.4,1174.0,NORMAL,System Normal ✅,Stable,Normal
211.8,4.39,930.0,NORMAL,System Normal ✅,Stable,Normal
227.5,5.3,1206.0,NORMAL,System Normal ✅,Stable,Normal
211.4,5.81,1228.0,NORMAL,System Normal ✅,Stable,Normal
232.3,5.4,1254.0,NORMAL,System Normal ✅,Stable,Normal
232.1,5.23,1214.0,NORMAL,System Normal ✅,Stable,Normal
210.3,4.46,938.0,NORMAL,System Normal ✅,Stable,Normal
219.2,5.27,1155.0,NORMAL,System Normal ✅,Stable,Normal
233.5,4.85,1132.0,NORMAL,System Normal ✅,Stable,Normal
223.6,5.2,1163.0,NORMAL,System Normal ✅,Stable,Normal
212.7,4.27,908.0,NORMAL,System Normal ✅,Stable,Normal
229.4,4.8,1101.0,NORMAL,System Normal ✅,Stable,Normal
210.3,5.96,1253.0,NORMAL,System Normal ✅,Stable,Normal
221.7,4.13,916.0,NORMAL,System Normal ✅,Stable,Normal
227.5,4.81,1094.0,NORMAL,System Normal ✅,Stable,Normal
220.6,5.14,1134.0,NORMAL,System Normal ✅,Stable,Normal
232.6,5.97,1389.0,NORMAL,System Normal ✅,Stable,Normal
211.6,5.32,1126.0,NORMAL,System Normal ✅,Stable,Normal
223.2,4.81,1074.0,NORMAL,System Normal ✅,Collecting Data,Normal
225.4,4.52,1019.0,NORMAL,System Normal ✅,Collecting Data,Normal
219.8,4.6,1011.0,NORMAL,System Normal ✅,Collecting Data,Normal
211.3,4.98,1052.0,NORMAL,System Normal ✅,Collecting Data,Normal
230.9,4.85,1120.0,NORMAL,System Normal ✅,System Load Increasing,Normal
233.5,4.7,1097.0,NORMAL,System Normal ✅,System Load Increasing,Normal
227.5,5.17,1176.0,NORMAL,System Normal ✅,Stable,Normal
236.4,5.08,1201.0,WARNING,High Voltage ⚠️,System Load Increasing,Normal
222.0,4.08,906.0,NORMAL,System Normal ✅,Stable,Normal
224.0,5.83,1306.0,NORMAL,System Normal ✅,Stable,Normal
235.7,5.23,1233.0,WARNING,High Voltage ⚠️,System Load Increasing,Normal
224.3,5.75,1290.0,NORMAL,System Normal ✅,Stable,Normal
222.5,4.51,1003.0,NORMAL,System Normal ✅,Stable,Normal
216.1,4.15,897.0,NORMAL,System Normal ✅,Stable,Normal
231.9,4.74,1099.0,NORMAL,System Normal ✅,System Load Increasing,Normal
227.8,5.31,1210.0,NORMAL,System Normal ✅,Stable,Normal
220.1,5.96,1312.0,NORMAL,System Normal ✅,Stable,Normal
210.9,4.42,932.0,NORMAL,System Normal ✅,Stable,Normal
238.3,4.06,967.0,CRITICAL,High Voltage ⚠️,System Load Increasing,Normal
224.5,5.08,1140.0,NORMAL,System Normal ✅,Stable,Normal
210.2,5.77,1213.0,NORMAL,System Normal ✅,Stable,Normal
237.0,5.59,1325.0,WARNING,High Voltage ⚠️,System Load Increasing,Normal
222.2,5.12,1138.0,NORMAL,System Normal ✅,Stable,Normal
217.6,5.72,1245.0,NORMAL,System Normal ✅,Stable,Normal
238.3,4.54,1082.0,CRITICAL,High Voltage ⚠️,System Load Increasing,Normal
217.3,4.15,902.0,NORMAL,System Normal ✅,Stable,Normal
220.2,5.17,1138.0,NORMAL,System Normal ✅,Stable,Normal
237.5,4.35,1033.0,WARNING,High Voltage ⚠️,System Load Increasing,Normal
232.7,4.22,982.0,NORMAL,System Normal ✅,System Load Increasing,Normal
223.1,4.23,944.0,NORMAL,System Normal ✅,Stable,Normal
219.8,5.49,1207.0,NORMAL,System Normal ✅,Stable,Normal
230.8,6.0,1385.0,NORMAL,System Normal ✅,System Load Increasing,Normal
237.8,4.51,1072.0,WARNING,High Voltage ⚠️,System Load Increasing,Normal
229.2,4.58,1050.0,NORMAL,System Normal ✅,Stable,Normal
212.1,4.16,882.0,NORMAL,System Normal ✅,Stable,Normal
222.2,5.31,1180.0,NORMAL,System Normal ✅,Stable,Normal
211.6,5.59,1183.0,NORMAL,System Normal ✅,Stable,Normal
229.6,4.74,1088.0,NORMAL,System Normal ✅,Stable,Normal
219.6,4.46,979.0,NORMAL,System Normal ✅,Stable,Normal
213.7,4.32,923.0,NORMAL,System Normal ✅,Stable,Normal
214.0,4.32,924.0,NORMAL,System Normal ✅,Stable,Normal
234.6,5.2,1220.0,NORMAL,System Normal ✅,System Load Increasing,Normal
232.5,5.1,1186.0,NORMAL,System Normal ✅,System Load Increasing,Normal
215.4,5.6,1206.0,NORMAL,System Normal ✅,Stable,Normal
213.1,4.6,980.0,NORMAL,System Normal ✅,Stable,Normal
217.1,4.93,1070.0,NORMAL,System Normal ✅,Stable,Normal
235.7,4.95,1167.0,WARNING,High Voltage ⚠️,System Load Increasing,Normal
222.5,5.34,1188.0,NORMAL,System Normal ✅,Stable,Normal
211.4,4.27,903.0,NORMAL,System Normal ✅,Stable,Normal
231.1,5.24,1211.0,NORMAL,System Normal ✅,System Load Increasing,Normal
227.6,4.72,1074.0,NORMAL,System Normal ✅,Stable,Normal
222.2,5.58,1240.0,NORMAL,System Normal ✅,Stable,Normal
214.4,4.04,866.0,NORMAL,System Normal ✅,Stable,Normal
227.5,4.25,967.0,NORMAL,System Normal ✅,System Load Increasing,Normal
232.9,5.65,1316.0,NORMAL,System Normal ✅,System Load Increasing,Normal
236.9,5.99,1419.0,WARNING,High Voltage ⚠️,System Load Increasing,Normal
220.0,5.81,1278.0,NORMAL,System Normal ✅,Stable,Normal
233.7,5.27,1232.0,NORMAL,System Normal ✅,System Load Increasing,Normal
236.4,5.83,1378.0,WARNING,High Voltage ⚠️,System Load Increasing,Normal
233.7,5.17,1208.0,NORMAL,System Normal ✅,System Load Increasing,Normal
212.6,4.92,1046.0,NORMAL,System Normal ✅,Stable,Normal
240.0,4.39,1054.0,CRITICAL,High Voltage ⚠️,System Load Increasing,Normal
237.0,4.88,1157.0,WARNING,High Voltage ⚠️,System Load Increasing,Normal
234.8,5.37,1261.0,NORMAL,System Normal ✅,System Load Increasing,Normal
238.2,5.97,1422.0,CRITICAL,High Voltage ⚠️,System Load Increasing,Normal
220.4,4.13,910.0,NORMAL,System Normal ✅,Stable,Normal
223.3,4.85,1083.0,NORMAL,System Normal ✅,Stable,Normal
227.2,5.62,1277.0,NORMAL,System Normal ✅,Stable,Normal
231.9,5.86,1359.0,NORMAL,System Normal ✅,Stable,Normal
225.6,4.88,1101.0,NORMAL,System Normal ✅,Stable,Normal
234.6,5.8,1361.0,NORMAL,System Normal ✅,System Load Increasing,Normal
214.6,5.87,1260.0,NORMAL,System Normal ✅,Stable,Normal
224.4,5.75,1290.0,NORMAL,System Normal ✅,Stable,Normal
221.5,4.61,1021.0,NORMAL,System Normal ✅,Stable,Normal
219.3,4.54,996.0,NORMAL,System Normal ✅,Stable,Normal
213.9,4.9,1048.0,NORMAL,System Normal ✅,Stable,Normal
235.2,4.96,1167.0,WARNING,High Voltage ⚠️,System Load Increasing,Normal
231.2,5.97,1380.0,NORMAL,System Normal ✅,Stable,Normal
221.1,4.0,884.0,NORMAL,System Normal ✅,Stable,Normal
212.1,5.03,1067.0,NORMAL,System Normal ✅,Stable,Normal
213.1,4.69,999.0,NORMAL,System Normal ✅,Stable,Normal
234.6,5.89,1382.0,NORMAL,System Normal ✅,System Load Increasing,Normal
219.1,4.75,1041.0,NORMAL,System Normal ✅,Stable,Normal
229.6,5.15,1182.0,NORMAL,System Normal ✅,System Load Increasing,Normal
233.4,4.95,1155.0,NORMAL,System Normal ✅,System Load Increasing,Normal
210.2,4.12,866.0,NORMAL,System Normal ✅,Stable,Normal
226.9,4.53,1028.0,NORMAL,System Normal ✅,Stable,Normal
231.8,5.31,1231.0,NORMAL,System Normal ✅,System Load Increasing,Normal
229.0,5.49,1257.0,NORMAL,System Normal ✅,Stable,Normal
221.4,5.6,1240.0,NORMAL,System Normal ✅,Stable,Normal
222.4,5.94,1321.0,NORMAL,System Normal ✅,Stable,Normal
212.7,4.75,1010.0,NORMAL,System Normal ✅,Stable,Normal
212.7,4.35,925.0,NORMAL,System Normal ✅,Stable,Normal
236.3,4.4,1040.0,WARNING,High Voltage ⚠️,System Load Increasing,Normal
224.6,4.48,1006.0,NORMAL,System Normal ✅,Stable,Normal
217.1,5.14,1116.0,NORMAL,System Normal ✅,Stable,Normal
238.7,4.7,1122.0,CRITICAL,High Voltage ⚠️,System Load Increasing,Normal
216.7,4.48,971.0,NORMAL,System Normal ✅,Stable,Normal
238.3,4.23,1008.0,CRITICAL,High Voltage ⚠️,System Load Increasing,Normal
211.5,4.05,857.0,NORMAL,System Normal ✅,Stable,Normal
231.1,5.18,1197.0,NORMAL,System Normal ✅,System Load Increasing,Normal
228.7,5.31,1214.0,NORMAL,System Normal ✅,Stable,Normal
231.9,5.48,1271.0,NORMAL,System Normal ✅,System Load Increasing,Normal
210.0,5.66,1189.0,NORMAL,System Normal ✅,Stable,Normal
230.6,4.33,998.0,NORMAL,System Normal ✅,System Load Increasing,Normal
233.8,5.13,1199.0,NORMAL,System Normal ✅,System Load Increasing,Normal
218.4,5.79,1265.0,NORMAL,System Normal ✅,Stable,Normal
228.8,4.21,963.0,NORMAL,System Normal ✅,Stable,Normal
230.6,5.04,1162.0,NORMAL,System Normal ✅,System Load Increasing,Normal
220.2,4.2,925.0,NORMAL,System Normal ✅,Stable,Normal
211.0,5.47,1154.0,NORMAL,System Normal ✅,Stable,Normal
221.8,5.51,1222.0,NORMAL,System Normal ✅,Stable,Normal
234.8,4.92,1155.0,NORMAL,System Normal ✅,System Load Increasing,Normal
226.9,5.74,1302.0,NORMAL,System Normal ✅,Stable,Normal
238.6,4.84,1155.0,CRITICAL,High Voltage ⚠️,System Load Increasing,Normal
232.3,4.24,985.0,NORMAL,System Normal ✅,System Load Increasing,Normal
238.7,5.77,1377.0,CRITICAL,High Voltage ⚠️,System Load Increasing,Normal
218.3,4.32,943.0,NORMAL,System Normal ✅,Stable,Normal
229.0,4.47,1024.0,NORMAL,System Normal ✅,Stable,Normal
220.1,4.73,1041.0,NORMAL,System Normal ✅,Stable,Normal
229.5,4.92,1129.0,NORMAL,System Normal ✅,Stable,Normal
236.1,5.01,1183.0,WARNING,High Voltage ⚠️,System Load Increasing,Normal
213.8,4.54,971.0,NORMAL,System Normal ✅,Stable,Normal
216.7,4.78,1036.0,NORMAL,System Normal ✅,Stable,Normal
222.3,5.44,1209.0,NORMAL,System Normal ✅,Stable,Normal
225.7,4.14,934.0,NORMAL,System Normal ✅,Stable,Normal
226.4,5.38,1218.0,NORMAL,System Normal ✅,Stable,Normal
229.0,5.14,1177.0,NORMAL,System Normal ✅,Stable,Normal
217.4,5.03,1094.0,NORMAL,System Normal ✅,Stable,Normal
213.1,4.32,921.0,NORMAL,System Normal ✅,Stable,Normal
230.6,4.77,1100.0,NORMAL,System Normal ✅,Stable,Normal
224.6,5.41,1215.0,NORMAL,System Normal ✅,Stable,Normal
220.0,4.49,988.0,NORMAL,System Normal ✅,Stable,Normal
216.3,4.91,1062.0,NORMAL,System Normal ✅,Stable,Normal
212.5,4.87,1035.0,NORMAL,System Normal ✅,Stable,Normal
214.5,4.45,955.0,NORMAL,System Normal ✅,Stable,Normal
238.5,4.24,1011.0,CRITICAL,High Voltage ⚠️,Voltage Spike Risk,Anomaly 🚨
237.9,5.29,1258.0,WARNING,High Voltage ⚠️,System Load Increasing,Normal
215.5,4.81,1037.0,NORMAL,System Normal ✅,Stable,Normal
222.8,4.09,911.0,NORMAL,System Normal ✅,Stable,Normal
215.9,4.74,1023.0,NORMAL,System Normal ✅,Stable,Normal
239.5,5.04,1207.0,CRITICAL,High Voltage ⚠️,System Load Increasing,Normal
225.0,5.04,1134.0,NORMAL,System Normal ✅,Stable,Normal
237.7,4.14,984.0,WARNING,High Voltage ⚠️,System Load Increasing,Normal
237.9,5.28,1256.0,WARNING,High Voltage ⚠️,System Load Increasing,Normal
221.9,5.37,1192.0,NORMAL,System Normal ✅,Stable,Normal
219.7,5.27,1158.0,NORMAL,System Normal ✅,Stable,Normal
229.7,5.92,1360.0,NORMAL,System Normal ✅,System Load Increasing,Normal
235.7,4.44,1047.0,WARNING,High Voltage ⚠️,System Load Increasing,Normal
237.0,5.93,1405.0,WARNING,High Voltage ⚠️,System Load Increasing,Normal
218.0,4.57,996.0,NORMAL,System Normal ✅,Stable,Normal
210.1,5.89,1237.0,NORMAL,System Normal ✅,Stable,Normal
214.9,4.62,993.0,NORMAL,System Normal ✅,Stable,Normal
237.7,4.58,1089.0,WARNING,High Voltage ⚠️,System Load Increasing,Normal
211.1,5.78,1220.0,NORMAL,System Normal ✅,Stable,Normal
211.7,4.6,974.0,NORMAL,System Normal ✅,Stable,Normal
223.9,4.3,963.0,NORMAL,System Normal ✅,Stable,Normal
220.7,5.27,1163.0,NORMAL,System Normal ✅,Stable,Normal
220.7,5.51,1216.0,NORMAL,System Normal ✅,Stable,Normal
210.1,4.08,857.0,NORMAL,System Normal ✅,Stable,Normal
222.4,5.01,1114.0,NORMAL,System Normal ✅,Stable,Normal
215.1,5.19,1116.0,NORMAL,System Normal ✅,Stable,Normal
220.5,5.39,1188.0,NORMAL,System Normal ✅,Stable,Normal
220.4,5.2,1146.0,NORMAL,System Normal ✅,Stable,Normal
223.8,5.72,1280.0,NORMAL,System Normal ✅,Stable,Normal
218.2,5.5,1200.0,NORMAL,System Normal ✅,Stable,Normal
230.8,5.93,1369.0,NORMAL,System Normal ✅,System Load Increasing,Normal
240.0,4.43,1063.0,CRITICAL,High Voltage ⚠️,System Load Increasing,Normal
217.8,4.63,1008.0,NORMAL,System Normal ✅,Stable,Normal
235.7,4.83,1138.0,WARNING,High Voltage ⚠️,System Load Increasing,Normal
233.7,5.24,1225.0,NORMAL,System Normal ✅,System Load Increasing,Normal
210.4,4.49,945.0,NORMAL,System Normal ✅,Stable,Normal
234.0,4.02,941.0,NORMAL,System Normal ✅,System Load Increasing,Normal
210.8,5.14,1084.0,NORMAL,System Normal ✅,Stable,Normal
239.2,4.74,1134.0,CRITICAL,High Voltage ⚠️,System Load Increasing,Normal
237.1,5.35,1268.0,WARNING,High Voltage ⚠️,System Load Increasing,Normal
211.3,4.36,921.0,NORMAL,System Normal ✅,Stable,Normal
236.3,5.99,1415.0,WARNING,High Voltage ⚠️,System Load Increasing,Normal
236.6,5.29,1252.0,WARNING,High Voltage ⚠️,System Load Increasing,Normal
229.4,5.41,1241.0,NORMAL,System Normal ✅,Stable,Normal
213.2,5.46,1164.0,NORMAL,System Normal ✅,Stable,Normal
219.4,5.86,1286.0,NORMAL,System Normal ✅,Stable,Normal
219.4,4.85,1064.0,NORMAL,System Normal ✅,Stable,Normal
210.6,4.08,859.0,NORMAL,System Normal ✅,Stable,Normal
221.7,5.49,1217.0,NORMAL,System Normal ✅,Stable,Normal
228.2,5.54,1264.0,NORMAL,System Normal ✅,Stable,Normal
238.2,5.57,1327.0,CRITICAL,High Voltage ⚠️,System Load Increasing,Normal
237.6,5.3,1259.0,WARNING,High Voltage ⚠️,System Load Increasing,Normal
217.0,4.25,922.0,NORMAL,System Normal ✅,Stable,Normal
219.3,4.08,895.0,NORMAL,System Normal ✅,Stable,Normal
216.8,4.42,958.0,NORMAL,System Normal ✅,Stable,Normal
229.2,4.4,1008.0,NORMAL,System Normal ✅,Stable,Normal
233.0,5.24,1221.0,NORMAL,System Normal ✅,System Load Increasing,Normal
234.4,5.7,1336.0,NORMAL,System Normal ✅,System Load Increasing,Normal
217.2,5.66,1229.0,NORMAL,System Normal ✅,Stable,Normal
213.0,4.67,995.0,NORMAL,System Normal ✅,Stable,Normal
221.9,4.53,1005.0,NORMAL,System Normal ✅,Stable,Normal
235.6,5.54,1305.0,WARNING,High Voltage ⚠️,System Load Increasing,Normal
230.2,4.62,1064.0,NORMAL,System Normal ✅,System Load Increasing,Normal
221.0,4.34,959.0,NORMAL,System Normal ✅,Stable,Normal
236.8,4.19,992.0,WARNING,High Voltage ⚠️,System Load Increasing,Normal
214.4,4.78,1025.0,NORMAL,System Normal ✅,Stable,Normal
239.5,4.8,1150.0,CRITICAL,High Voltage ⚠️,System Load Increasing,Normal
223.9,5.2,1164.0,NORMAL,System Normal ✅,Stable,Normal
228.7,4.69,1073.0,NORMAL,System Normal ✅,Stable,Normal
237.9,5.45,1297.0,WARNING,High Voltage ⚠️,System Load Increasing,Normal
214.9,4.0,860.0,NORMAL,System Normal ✅,Stable,Normal
224.5,4.84,1087.0,NORMAL,System Normal ✅,Stable,Normal
211.3,5.37,1135.0,NORMAL,System Normal ✅,Stable,Normal
236.3,5.21,1231.0,WARNING,High Voltage ⚠️,System Load Increasing,Normal
231.3,5.9,1365.0,NORMAL,System Normal ✅,Stable,Normal
223.1,5.5,1227.0,NORMAL,System Normal ✅,Stable,Normal
216.2,5.57,1204.0,NORMAL,System Normal ✅,Stable,Normal
211.2,4.43,936.0,NORMAL,System Normal ✅,Stable,Normal
236.4,5.84,1381.0,WARNING,High Voltage ⚠️,System Load Increasing,Normal
227.4,5.05,1148.0,NORMAL,System Normal ✅,Stable,Normal
210.3,5.47,1150.0,NORMAL,System Normal ✅,Stable,Normal
231.7,5.91,1369.0,NORMAL,System Normal ✅,System Load Increasing,Normal
237.1,5.3,1257.0,WARNING,High Voltage ⚠️,System Load Increasing,Normal
224.9,4.48,1008.0,NORMAL,System Normal ✅,Stable,Normal
218.1,5.93,1293.0,NORMAL,System Normal ✅,Stable,Normal
216.3,4.57,988.0,NORMAL,System Normal ✅,Stable,Normal
218.1,5.77,1258.0,NORMAL,System Normal ✅,Stable,Normal
219.6,4.3,944.0,NORMAL,System Normal ✅,Stable,Normal
239.1,4.51,1078.0,CRITICAL,High Voltage ⚠️,System Load Increasing,Normal
220.2,4.79,1055.0,NORMAL,System Normal ✅,Stable,Normal
238.1,4.22,1005.0,CRITICAL,High Voltage ⚠️,System Load Increasing,Normal
235.2,5.9,1388.0,WARNING,High Voltage ⚠️,System Load Increasing,Normal
219.0,5.47,1198.0,NORMAL,System Normal ✅,Stable,Normal
239.0,5.02,1200.0,CRITICAL,High Voltage ⚠️,System Load Increasing,Normal
210.1,4.48,941.0,NORMAL,System Normal ✅,Stable,Normal
222.4,5.97,1328.0,NORMAL,System Normal ✅,Stable,Normal
233.6,4.89,1142.0,NORMAL,System Normal ✅,System Load Increasing,Normal
232.7,5.31,1236.0,NORMAL,System Normal ✅,System Load Increasing,Normal
212.1,4.42,937.0,NORMAL,System Normal ✅,Stable,Normal
217.3,5.66,1230.0,NORMAL,System Normal ✅,Stable,Normal
210.6,4.39,925.0,NORMAL,System Normal ✅,Stable,Normal
228.1,5.63,1284.0,NORMAL,System Normal ✅,Stable,Normal
220.6,5.24,1156.0,NORMAL,System Normal ✅,Stable,Normal
221.5,4.26,944.0,NORMAL,System Normal ✅,Stable,Normal
225.1,4.79,1078.0,NORMAL,System Normal ✅,Stable,Normal
232.5,4.37,1016.0,NORMAL,System Normal ✅,System Load Increasing,Normal
217.8,5.59,1218.0,NORMAL,System Normal ✅,Stable,Normal
227.0,5.02,1140.0,NORMAL,System Normal ✅,Stable,Normal
225.1,5.43,1222.0,NORMAL,System Normal ✅,Stable,Normal
214.1,4.96,1062.0,NORMAL,System Normal ✅,Stable,Normal
233.6,5.43,1268.0,NORMAL,System Normal ✅,System Load Increasing,Normal
222.4,4.5,1001.0,NORMAL,System Normal ✅,Collecting Data,Normal
224.7,4.6,1034.0,NORMAL,System Normal ✅,Collecting Data,Normal
213.5,5.95,1270.0,NORMAL,System Normal ✅,Collecting Data,Normal
225.7,5.71,1289.0,NORMAL,System Normal ✅,Collecting Data,Normal
219.2,4.88,1070.0,NORMAL,System Normal ✅,Stable,Normal
221.9,5.5,1220.0,NORMAL,System Normal ✅,Stable,Normal
210.9,5.14,1084.0,NORMAL,System Normal ✅,Stable,Normal
220.7,4.41,973.0,NORMAL,System Normal ✅,Stable,Normal
229.0,5.56,1273.0,NORMAL,System Normal ✅,System Load Increasing,Normal
224.0,4.52,1012.0,NORMAL,System Normal ✅,Stable,Normal
223.1,4.13,921.0,NORMAL,System Normal ✅,Stable,Normal
217.5,5.46,1188.0,NORMAL,System Normal ✅,Stable,Normal
226.5,5.52,1250.0,NORMAL,System Normal ✅,System Load Increasing,Normal
215.9,5.66,1222.0,NORMAL,System Normal ✅,Stable,Normal
235.7,5.95,1402.0,WARNING,High Voltage ⚠️,Voltage Spike Risk,Anomaly 🚨
227.7,5.59,1273.0,NORMAL,System Normal ✅,System Load Increasing,Normal
221.2,5.54,1225.0,NORMAL,System Normal ✅,Stable,Normal
237.4,5.32,1263.0,WARNING,High Voltage ⚠️,Voltage Spike Risk,Anomaly 🚨
235.4,5.87,1382.0,WARNING,High Voltage ⚠️,System Load Increasing,Normal
239.4,4.49,1075.0,CRITICAL,High Voltage ⚠️,System Load Increasing,Normal
229.2,4.06,931.0,NORMAL,System Normal ✅,Stable,Normal
220.4,4.05,893.0,NORMAL,System Normal ✅,Stable,Normal
237.6,4.12,979.0,WARNING,High Voltage ⚠️,System Load Increasing,Normal
210.5,4.63,975.0,NORMAL,System Normal ✅,Stable,Normal
217.6,5.0,1088.0,NORMAL,System Normal ✅,Stable,Normal
213.7,5.71,1220.0,NORMAL,System Normal ✅,Stable,Normal
235.7,4.11,969.0,WARNING,High Voltage ⚠️,System Load Increasing,Normal
222.4,4.66,1036.0,NORMAL,System Normal ✅,Stable,Normal
221.3,4.75,1051.0,NORMAL,System Normal ✅,Stable,Normal
236.3,4.45,1052.0,WARNING,High Voltage ⚠️,System Load Increasing,Normal
226.6,4.72,1070.0,NORMAL,System Normal ✅,Stable,Normal
232.8,4.75,1106.0,NORMAL,System Normal ✅,System Load Increasing,Normal
235.7,5.2,1226.0,WARNING,High Voltage ⚠️,System Load Increasing,Normal
212.0,4.59,973.0,NORMAL,System Normal ✅,Stable,Normal
238.2,4.35,1036.0,CRITICAL,High Voltage ⚠️,System Load Increasing,Normal
221.6,5.03,1115.0,NORMAL,System Normal ✅,Stable,Normal
218.4,5.13,1120.0,NORMAL,System Normal ✅,Stable,Normal
225.5,5.26,1186.0,NORMAL,System Normal ✅,Stable,Normal
232.0,4.43,1028.0,NORMAL,System Normal ✅,System Load Increasing,Normal
237.8,4.44,1056.0,WARNING,High Voltage ⚠️,System Load Increasing,Normal
238.2,5.57,1327.0,CRITICAL,High Voltage ⚠️,System Load Increasing,Normal
236.5,4.91,1161.0,WARNING,High Voltage ⚠️,System Load Increasing,Normal
225.7,4.83,1090.0,NORMAL,System Normal ✅,Stable,Normal
212.1,4.37,927.0,NORMAL,System Normal ✅,Stable,Normal
234.3,4.82,1129.0,NORMAL,System Normal ✅,System Load Increasing,Normal
225.9,4.77,1078.0,NORMAL,System Normal ✅,Stable,Normal
234.4,5.07,1188.0,NORMAL,System Normal ✅,System Load Increasing,Normal
232.0,5.09,1181.0,NORMAL,System Normal ✅,Stable,Normal
229.1,5.51,1262.0,NORMAL,System Normal ✅,Stable,Normal
235.0,5.24,1231.0,NORMAL,System Normal ✅,System Load Increasing,Normal
218.4,4.64,1013.0,NORMAL,System Normal ✅,Stable,Normal
225.2,4.5,1013.0,NORMAL,System Normal ✅,Stable,Normal
222.4,4.6,1023.0,NORMAL,System Normal ✅,Stable,Normal
230.9,4.27,986.0,NORMAL,System Normal ✅,Stable,Normal
229.6,4.15,953.0,NORMAL,System Normal ✅,Stable,Normal
218.4,4.73,1033.0,NORMAL,System Normal ✅,Stable,Normal
218.1,5.18,1130.0,NORMAL,System Normal ✅,Stable,Normal
225.5,5.51,1243.0,NORMAL,System Normal ✅,Stable,Normal
213.4,5.3,1131.0,NORMAL,System Normal ✅,Stable,Normal
224.3,5.63,1263.0,NORMAL,System Normal ✅,Stable,Normal
211.9,4.49,951.0,NORMAL,System Normal ✅,Stable,Normal
225.3,5.12,1154.0,NORMAL,System Normal ✅,Stable,Normal
226.0,5.35,1209.0,NORMAL,System Normal ✅,Stable,Normal
222.3,5.7,1267.0,NORMAL,System Normal ✅,Stable,Normal
235.7,4.62,1089.0,WARNING,High Voltage ⚠️,System Load Increasing,Normal
224.4,4.68,1050.0,NORMAL,System Normal ✅,Stable,Normal
239.1,4.39,1050.0,CRITICAL,High Voltage ⚠️,System Load Increasing,Normal
211.1,5.65,1193.0,NORMAL,System Normal ✅,Stable,Normal
220.0,4.88,1074.0,NORMAL,System Normal ✅,Stable,Normal
232.4,4.5,1046.0,NORMAL,System Normal ✅,System Load Increasing,Normal
224.3,5.45,1222.0,NORMAL,System Normal ✅,Stable,Normal
221.7,4.66,1033.0,NORMAL,System Normal ✅,Stable,Normal
231.6,5.63,1304.0,NORMAL,System Normal ✅,System Load Increasing,Normal
211.1,4.46,942.0,NORMAL,System Normal ✅,Stable,Normal
239.1,5.42,1296.0,CRITICAL,High Voltage ⚠️,System Load Increasing,Normal
223.8,5.7,1276.0,NORMAL,System Normal ✅,Stable,Normal
218.1,5.95,1298.0,NORMAL,System Normal ✅,Stable,Normal
215.1,5.12,1101.0,NORMAL,System Normal ✅,Stable,Normal
229.9,5.02,1154.0,NORMAL,System Normal ✅,System Load Increasing,Normal
231.2,4.43,1024.0,NORMAL,System Normal ✅,System Load Increasing,Normal
225.4,4.24,956.0,NORMAL,System Normal ✅,Stable,Normal
239.1,5.84,1396.0,CRITICAL,High Voltage ⚠️,System Load Increasing,Normal
226.4,4.28,969.0,NORMAL,System Normal ✅,Stable,Normal
238.8,4.53,1082.0,CRITICAL,High Voltage ⚠️,System Load Increasing,Normal
219.6,5.83,1280.0,NORMAL,System Normal ✅,Stable,Normal
214.8,5.87,1261.0,NORMAL,System Normal ✅,Stable,Normal
227.5,5.98,1360.0,NORMAL,System Normal ✅,Stable,Normal
222.6,4.9,1091.0,NORMAL,System Normal ✅,Stable,Normal
221.5,4.26,944.0,NORMAL,System Normal ✅,Stable,Normal
221.5,4.59,1017.0,NORMAL,System Normal ✅,Stable,Normal
216.2,5.41,1170.0,NORMAL,System Normal ✅,Stable,Normal
234.8,5.27,1237.0,NORMAL,System Normal ✅,System Load Increasing,Normal
231.1,5.27,1218.0,NORMAL,System Normal ✅,System Load Increasing,Normal
238.5,5.51,1314.0,CRITICAL,High Voltage ⚠️,System Load Increasing,Normal
216.7,5.76,1248.0,NORMAL,System Normal ✅,Stable,Normal
227.2,4.48,1018.0,NORMAL,System Normal ✅,Stable,Normal
221.3,4.12,912.0,NORMAL,System Normal ✅,Stable,Normal
234.2,5.63,1319.0,NORMAL,System Normal ✅,System Load Increasing,Normal
213.4,4.09,873.0,NORMAL,System Normal ✅,Stable,Normal
237.1,5.93,1406.0,WARNING,High Voltage ⚠️,System Load Increasing,Normal
219.6,5.39,1184.0,NORMAL,System Normal ✅,Stable,Normal
210.7,4.31,908.0,NORMAL,System Normal ✅,Stable,Normal
231.2,5.91,1366.0,NORMAL,System Normal ✅,System Load Increasing,Normal
227.6,5.72,1302.0,NORMAL,System Normal ✅,Stable,Normal
222.8,4.07,907.0,NORMAL,System Normal ✅,Stable,Normal
232.7,4.33,1008.0,NORMAL,System Normal ✅,System Load Increasing,Normal
222.3,4.6,1023.0,NORMAL,System Normal ✅,Stable,Normal
224.0,4.69,1051.0,NORMAL,System Normal ✅,Stable,Normal
235.1,5.59,1314.0,WARNING,High Voltage ⚠️,System Load Increasing,Normal
210.9,5.86,1236.0,NORMAL,System Normal ✅,Stable,Normal
239.9,5.57,1336.0,CRITICAL,High Voltage ⚠️,System Load Increasing,Normal
222.6,5.14,1144.0,NORMAL,System Normal ✅,Stable,Normal
239.8,4.83,1158.0,CRITICAL,High Voltage ⚠️,System Load Increasing,Normal
233.1,4.95,1154.0,NORMAL,System Normal ✅,System Load Increasing,Normal
225.9,4.42,998.0,NORMAL,System Normal ✅,Stable,Normal
232.5,4.54,1056.0,NORMAL,System Normal ✅,System Load Increasing,Normal
213.3,4.97,1060.0,NORMAL,System Normal ✅,Stable,Normal
222.7,4.3,958.0,NORMAL,System Normal ✅,Stable,Normal
220.7,4.34,958.0,NORMAL,System Normal ✅,Stable,Normal
235.4,4.67,1099.0,WARNING,High Voltage ⚠️,System Load Increasing,Normal
218.2,5.51,1202.0,NORMAL,System Normal ✅,Stable,Normal
217.4,5.9,1283.0,NORMAL,System Normal ✅,Stable,Normal
213.1,4.72,1006.0,NORMAL,System Normal ✅,Stable,Normal
215.4,5.88,1267.0,NORMAL,System Normal ✅,Stable,Normal
225.0,5.01,1127.0,NORMAL,System Normal ✅,Stable,Normal
232.7,4.38,1019.0,NORMAL,System Normal ✅,System Load Increasing,Normal
229.1,4.43,1015.0,NORMAL,System Normal ✅,Stable,Normal
230.0,4.95,1138.0,NORMAL,System Normal ✅,Stable,Normal
220.7,5.03,1110.0,NORMAL,System Normal ✅,Stable,Normal
235.6,4.17,982.0,WARNING,High Voltage ⚠️,System Load Increasing,Normal
211.2,4.51,953.0,NORMAL,System Normal ✅,Stable,Normal
226.3,5.09,1152.0,NORMAL,System Normal ✅,Stable,Normal
227.0,4.87,1105.0,NORMAL,System Normal ✅,Stable,Normal
239.7,4.16,997.0,CRITICAL,High Voltage ⚠️,System Load Increasing,Normal
236.5,5.8,1372.0,WARNING,High Voltage ⚠️,System Load Increasing,Normal
216.8,4.33,939.0,NORMAL,System Normal ✅,Stable,Normal
235.0,5.03,1182.0,NORMAL,System Normal ✅,System Load Increasing,Normal
222.3,5.61,1247.0,NORMAL,System Normal ✅,Stable,Normal
237.3,5.52,1310.0,WARNING,High Voltage ⚠️,System Load Increasing,Normal
229.8,5.84,1342.0,NORMAL,System Normal ✅,Stable,Normal
236.4,5.74,1357.0,WARNING,High Voltage ⚠️,System Load Increasing,Normal
220.8,4.11,907.0,NORMAL,System Normal ✅,Stable,Normal
236.8,5.23,1238.0,WARNING,High Voltage ⚠️,System Load Increasing,Normal
220.1,4.03,887.0,NORMAL,System Normal ✅,Stable,Normal
222.6,4.02,895.0,NORMAL,System Normal ✅,Stable,Normal
224.7,5.66,1272.0,NORMAL,System Normal ✅,Stable,Normal
222.0,5.01,1112.0,NORMAL,System Normal ✅,Stable,Normal
215.0,5.2,1118.0,NORMAL,System Normal ✅,Stable,Normal
229.5,5.36,1230.0,NORMAL,System Normal ✅,Stable,Normal
228.8,4.38,1002.0,NORMAL,System Normal ✅,Stable,Normal
226.9,4.27,969.0,NORMAL,System Normal ✅,Stable,Normal
221.1,5.88,1300.0,NORMAL,System Normal ✅,Stable,Normal
213.1,4.23,901.0,NORMAL,System Normal ✅,Stable,Normal
218.8,4.31,943.0,NORMAL,System Normal ✅,Stable,Normal
232.1,5.18,1202.0,NORMAL,System Normal ✅,System Load Increasing,Normal
213.7,5.54,1184.0,NORMAL,System Normal ✅,Stable,Normal
239.0,5.38,1286.0,CRITICAL,High Voltage ⚠️,System Load Increasing,Normal
212.3,5.63,1195.0,NORMAL,System Normal ✅,Stable,Normal
216.5,5.25,1137.0,NORMAL,System Normal ✅,Stable,Normal
233.5,4.8,1121.0,NORMAL,System Normal ✅,System Load Increasing,Normal
213.2,5.01,1068.0,NORMAL,System Normal ✅,Stable,Normal
231.7,4.76,1103.0,NORMAL,System Normal ✅,System Load Increasing,Normal
232.9,4.33,1008.0,NORMAL,System Normal ✅,System Load Increasing,Normal
218.7,5.91,1293.0,NORMAL,System Normal ✅,Stable,Normal
236.0,5.36,1265.0,WARNING,High Voltage ⚠️,System Load Increasing,Normal
223.8,4.58,1025.0,NORMAL,System Normal ✅,Stable,Normal
237.2,5.28,1252.0,WARNING,High Voltage ⚠️,System Load Increasing,Normal
219.3,4.99,1094.0,NORMAL,System Normal ✅,Stable,Normal
229.0,4.03,923.0,NORMAL,System Normal ✅,Stable,Normal
234.3,5.89,1380.0,NORMAL,System Normal ✅,System Load Increasing,Normal
218.9,4.2,919.0,NORMAL,System Normal ✅,Stable,Normal
235.5,5.3,1248.0,WARNING,High Voltage ⚠️,System Load Increasing,Normal
231.1,4.22,975.0,NORMAL,System Normal ✅,Stable,Normal
214.2,4.11,880.0,NORMAL,System Normal ✅,Stable,Normal
238.5,4.7,1121.0,CRITICAL,High Voltage ⚠️,System Load Increasing,Normal
220.4,5.15,1135.0,NORMAL,System Normal ✅,Stable,Normal
239.0,5.78,1381.0,CRITICAL,High Voltage ⚠️,System Load Increasing,Normal
238.0,4.08,971.0,WARNING,High Voltage ⚠️,System Load Increasing,Normal
213.0,5.13,1093.0,NORMAL,System Normal ✅,Stable,Normal
235.7,4.37,1030.0,WARNING,High Voltage ⚠️,System Load Increasing,Normal
217.1,5.63,1222.0,NORMAL,System Normal ✅,Stable,Normal
233.2,4.45,1038.0,NORMAL,System Normal ✅,Stable,Normal
213.6,4.91,1049.0,NORMAL,System Normal ✅,Stable,Normal
226.8,4.98,1129.0,NORMAL,System Normal ✅,Stable,Normal
235.3,4.3,1012.0,WARNING,High Voltage ⚠️,System Load Increasing,Normal
236.3,4.4,1040.0,WARNING,High Voltage ⚠️,System Load Increasing,Normal
215.9,4.55,982.0,NORMAL,System Normal ✅,Stable,Normal
231.5,5.9,1366.0,NORMAL,System Normal ✅,Stable,Normal
231.2,4.3,994.0,NORMAL,System Normal ✅,Stable,Normal
226.7,5.59,1267.0,NORMAL,System Normal ✅,Stable,Normal
224.8,4.82,1084.0,NORMAL,System Normal ✅,Stable,Normal
214.4,5.81,1246.0,NORMAL,System Normal ✅,Stable,Normal
216.5,5.67,1228.0,NORMAL,System Normal ✅,Stable,Normal
229.8,5.39,1239.0,NORMAL,System Normal ✅,Stable,Normal
219.6,5.56,1221.0,NORMAL,System Normal ✅,Stable,Normal
217.2,5.45,1184.0,NORMAL,System Normal ✅,Stable,Normal
219.6,4.69,1030.0,NORMAL,System Normal ✅,Stable,Normal
225.6,5.33,1202.0,NORMAL,System Normal ✅,Stable,Normal
227.5,5.07,1153.0,NORMAL,System Normal ✅,Stable,Normal
232.8,4.38,1020.0,NORMAL,System Normal ✅,System Load Increasing,Normal
222.9,5.25,1170.0,NORMAL,System Normal ✅,Stable,Normal
220.6,5.52,1218.0,NORMAL,System Normal ✅,Stable,Normal
237.9,5.64,1342.0,WARNING,High Voltage ⚠️,System Load Increasing,Normal
211.3,4.99,1054.0,NORMAL,System Normal ✅,Stable,Normal
221.1,4.1,907.0,NORMAL,System Normal ✅,Stable,Normal
229.2,4.26,976.0,NORMAL,System Normal ✅,System Load Increasing,Normal
210.6,4.17,878.0,NORMAL,System Normal ✅,Stable,Normal
224.1,4.96,1112.0,NORMAL,System Normal ✅,Stable,Normal
234.0,4.47,1046.0,NORMAL,System Normal ✅,System Load Increasing,Normal
233.9,5.53,1293.0,NORMAL,System Normal ✅,System Load Increasing,Normal
222.7,5.42,1207.0,NORMAL,System Normal ✅,Stable,Normal
224.1,4.82,1080.0,NORMAL,System Normal ✅,Stable,Normal
224.5,4.81,1080.0,NORMAL,System Normal ✅,Stable,Normal
227.1,4.89,1111.0,NORMAL,System Normal ✅,Stable,Normal
240.0,4.35,1044.0,CRITICAL,High Voltage ⚠️,System Load Increasing,Normal
215.5,5.18,1116.0,NORMAL,System Normal ✅,Stable,Normal
222.2,4.0,889.0,NORMAL,System Normal ✅,Stable,Normal
223.5,5.87,1312.0,NORMAL,System Normal ✅,Stable,Normal
215.5,5.83,1256.0,NORMAL,System Normal ✅,Stable,Normal
237.8,4.86,1156.0,WARNING,High Voltage ⚠️,System Load Increasing,Normal
212.7,4.24,902.0,NORMAL,System Normal ✅,Stable,Normal
212.5,4.53,963.0,NORMAL,System Normal ✅,Stable,Normal
239.0,4.43,1059.0,CRITICAL,High Voltage ⚠️,System Load Increasing,Normal
239.2,4.84,1158.0,CRITICAL,High Voltage ⚠️,System Load Increasing,Normal
213.4,5.36,1144.0,NORMAL,System Normal ✅,Stable,Normal
213.8,5.5,1176.0,NORMAL,System Normal ✅,Stable,Normal
227.3,4.3,977.0,NORMAL,System Normal ✅,Stable,Normal
232.8,4.59,1069.0,NORMAL,System Normal ✅,System Load Increasing,Normal
220.7,4.23,934.0,NORMAL,System Normal ✅,Stable,Normal
212.3,4.88,1036.0,NORMAL,System Normal ✅,Stable,Normal
216.3,4.6,995.0,NORMAL,System Normal ✅,Stable,Normal
210.2,4.24,891.0,NORMAL,System Normal ✅,Stable,Normal
229.3,5.88,1348.0,NORMAL,System Normal ✅,System Load Increasing,Normal
223.6,5.08,1136.0,NORMAL,System Normal ✅,Stable,Normal
222.8,4.82,1074.0,NORMAL,System Normal ✅,Stable,Normal
222.7,4.36,971.0,NORMAL,System Normal ✅,Stable,Normal
232.9,5.42,1262.0,NORMAL,System Normal ✅,System Load Increasing,Normal
212.7,4.26,906.0,NORMAL,System Normal ✅,Stable,Normal
234.3,4.52,1059.0,NORMAL,System Normal ✅,System Load Increasing,Normal
223.7,5.0,1118.0,NORMAL,System Normal ✅,Stable,Normal
236.4,5.28,1248.0,WARNING,High Voltage ⚠️,System Load Increasing,Normal
233.0,4.84,1128.0,NORMAL,System Normal ✅,System Load Increasing,Normal
239.1,4.95,1184.0,CRITICAL,High Voltage ⚠️,System Load Increasing,Normal
210.7,4.44,936.0,NORMAL,System Normal ✅,Stable,Normal
226.2,4.07,921.0,NORMAL,System Normal ✅,Stable,Normal
237.8,4.32,1027.0,WARNING,High Voltage ⚠️,System Load Increasing,Normal
215.9,4.94,1067.0,NORMAL,System Normal ✅,Stable,Normal
210.9,5.67,1196.0,NORMAL,System Normal ✅,Stable,Normal
220.9,4.51,996.0,NORMAL,System Normal ✅,Stable,Normal
218.7,5.17,1131.0,NORMAL,System Normal ✅,Stable,Normal
226.2,4.89,1106.0,NORMAL,System Normal ✅,Stable,Normal
214.6,5.53,1187.0,NORMAL,System Normal ✅,Stable,Normal
215.0,4.89,1051.0,NORMAL,System Normal ✅,Stable,Normal
213.9,5.03,1076.0,NORMAL,System Normal ✅,Stable,Normal
228.9,5.27,1206.0,NORMAL,System Normal ✅,System Load Increasing,Normal
214.9,4.22,907.0,NORMAL,System Normal ✅,Stable,Normal
223.0,4.81,1073.0,NORMAL,System Normal ✅,Stable,Normal
231.3,4.22,976.0,NORMAL,System Normal ✅,System Load Increasing,Normal
220.1,5.28,1162.0,NORMAL,System Normal ✅,Stable,Normal
237.9,5.12,1218.0,WARNING,High Voltage ⚠️,System Load Increasing,Normal
214.4,4.06,870.0,NORMAL,System Normal ✅,Stable,Normal
238.3,5.93,1413.0,CRITICAL,High Voltage ⚠️,System Load Increasing,Normal
233.5,5.85,1366.0,NORMAL,System Normal ✅,System Load Increasing,Normal
228.2,4.08,931.0,NORMAL,System Normal ✅,Stable,Normal
223.6,5.13,1147.0,NORMAL,System Normal ✅,Stable,Normal
221.3,5.0,1106.0,NORMAL,System Normal ✅,Stable,Normal
213.6,4.56,974.0,NORMAL,System Normal ✅,Stable,Normal
238.6,4.57,1090.0,CRITICAL,High Voltage ⚠️,System Load Increasing,Normal
218.3,4.34,947.0,NORMAL,System Normal ✅,Stable,Normal
226.8,5.58,1266.0,NORMAL,System Normal ✅,Stable,Normal
220.4,5.61,1236.0,NORMAL,System Normal ✅,Stable,Normal
237.0,4.98,1180.0,WARNING,High Voltage ⚠️,System Load Increasing,Normal
219.7,5.35,1175.0,NORMAL,System Normal ✅,Stable,Normal
233.2,5.62,1311.0,NORMAL,System Normal ✅,System Load Increasing,Normal
222.2,5.38,1195.0,NORMAL,System Normal ✅,Stable,Normal
233.0,5.33,1242.0,NORMAL,System Normal ✅,System Load Increasing,Normal
215.6,5.53,1192.0,NORMAL,System Normal ✅,Stable,Normal
238.7,5.17,1234.0,CRITICAL,High Voltage ⚠️,System Load Increasing,Normal
221.5,5.83,1291.0,NORMAL,System Normal ✅,Stable,Normal
231.1,4.2,971.0,NORMAL,System Normal ✅,Stable,Normal
236.1,4.74,1119.0,WARNING,High Voltage ⚠️,System Load Increasing,Normal
225.1,5.84,1315.0,NORMAL,System Normal ✅,Stable,Normal
228.7,4.53,1036.0,NORMAL,System Normal ✅,Stable,Normal
226.7,4.95,1122.0,NORMAL,System Normal ✅,Stable,Normal
214.8,4.11,883.0,NORMAL,System Normal ✅,Stable,Normal
219.4,4.31,946.0,NORMAL,System Normal ✅,Stable,Normal
224.0,4.91,1100.0,NORMAL,System Normal ✅,Stable,Normal
229.1,4.37,1001.0,NORMAL,System Normal ✅,Stable,Normal
210.3,4.94,1039.0,NORMAL,System Normal ✅,Stable,Normal
238.9,5.02,1199.0,CRITICAL,High Voltage ⚠️,System Load Increasing,Normal
216.5,5.34,1156.0,NORMAL,System Normal ✅,Stable,Normal
210.9,4.61,972.0,NORMAL,System Normal ✅,Stable,Normal
219.9,4.35,957.0,NORMAL,System Normal ✅,Stable,Normal
227.3,4.54,1032.0,NORMAL,System Normal ✅,Stable,Normal
222.3,5.17,1149.0,NORMAL,System Normal ✅,Stable,Normal
217.2,5.5,1195.0,NORMAL,System Normal ✅,Stable,Normal
228.8,5.58,1277.0,NORMAL,System Normal ✅,Stable,Normal
217.5,4.4,957.0,NORMAL,System Normal ✅,Stable,Normal
233.5,4.05,946.0,NORMAL,System Normal ✅,System Load Increasing,Normal
220.8,4.14,914.0,NORMAL,System Normal ✅,Stable,Normal
218.1,4.91,1071.0,NORMAL,System Normal ✅,Stable,Normal
230.5,5.69,1312.0,NORMAL,System Normal ✅,System Load Increasing,Normal
229.0,5.96,1365.0,NORMAL,System Normal ✅,System Load Increasing,Normal
235.4,4.74,1116.0,WARNING,High Voltage ⚠️,System Load Increasing,Normal
220.2,4.21,927.0,NORMAL,System Normal ✅,Stable,Normal
224.9,5.63,1266.0,NORMAL,System Normal ✅,Stable,Normal
221.4,5.48,1213.0,NORMAL,System Normal ✅,Stable,Normal
235.2,4.18,983.0,WARNING,High Voltage ⚠️,System Load Increasing,Normal
239.7,4.51,1081.0,CRITICAL,High Voltage ⚠️,System Load Increasing,Normal
224.7,5.54,1245.0,NORMAL,System Normal ✅,Stable,Normal
230.9,4.17,963.0,NORMAL,System Normal ✅,System Load Increasing,Normal
222.4,5.17,1150.0,NORMAL,System Normal ✅,Stable,Normal
236.2,4.55,1075.0,WARNING,High Voltage ⚠️,System Load Increasing,Normal
215.2,4.66,1003.0,NORMAL,System Normal ✅,Stable,Normal
230.7,5.63,1299.0,NORMAL,System Normal ✅,Stable,Normal
225.0,4.23,952.0,NORMAL,System Normal ✅,Stable,Normal
229.9,4.42,1016.0,NORMAL,System Normal ✅,Stable,Normal
228.2,5.74,1310.0,NORMAL,System Normal ✅,Stable,Normal
214.8,4.93,1059.0,NORMAL,System Normal ✅,Stable,Normal
231.2,5.18,1198.0,NORMAL,System Normal ✅,Stable,Normal
230.2,5.99,1379.0,NORMAL,System Normal ✅,Stable,Normal
217.9,5.26,1146.0,NORMAL,System Normal ✅,Stable,Normal
228.5,4.06,928.0,NORMAL,System Normal ✅,Stable,Normal
231.4,4.57,1057.0,NORMAL,System Normal ✅,Stable,Normal
225.0,4.12,927.0,NORMAL,System Normal ✅,Stable,Normal
238.8,4.66,1113.0,CRITICAL,High Voltage ⚠️,System Load Increasing,Normal
219.2,4.31,945.0,NORMAL,System Normal ✅,Stable,Normal
233.1,5.92,1380.0,NORMAL,System Normal ✅,System Load Increasing,Normal
216.4,5.2,1125.0,NORMAL,System Normal ✅,Stable,Normal
220.4,5.92,1305.0,NORMAL,System Normal ✅,Stable,Normal
217.8,5.49,1196.0,NORMAL,System Normal ✅,Stable,Normal
227.4,4.21,957.0,NORMAL,System Normal ✅,Stable,Normal
219.2,4.68,1026.0,NORMAL,System Normal ✅,Stable,Normal
235.0,4.03,947.0,NORMAL,System Normal ✅,System Load Increasing,Normal
236.9,5.21,1234.0,WARNING,High Voltage ⚠️,System Load Increasing,Normal
239.5,5.78,1384.0,CRITICAL,High Voltage ⚠️,System Load Increasing,Normal
226.7,5.46,1238.0,NORMAL,System Normal ✅,Stable,Normal
232.7,4.87,1133.0,NORMAL,System Normal ✅,System Load Increasing,Normal
212.5,4.11,873.0,NORMAL,System Normal ✅,Stable,Normal
232.7,4.18,973.0,NORMAL,System Normal ✅,System Load Increasing,Normal
226.3,4.09,926.0,NORMAL,System Normal ✅,Stable,Normal
239.1,5.36,1282.0,CRITICAL,High Voltage ⚠️,System Load Increasing,Normal
222.8,5.33,1188.0,NORMAL,System Normal ✅,Stable,Normal
231.8,4.8,1113.0,NORMAL,System Normal ✅,Stable,Normal
238.6,5.19,1238.0,CRITICAL,High Voltage ⚠️,System Load Increasing,Normal
210.7,4.18,881.0,NORMAL,System Normal ✅,Stable,Normal
228.1,4.02,917.0,NORMAL,System Normal ✅,Stable,Normal
229.2,5.43,1245.0,NORMAL,System Normal ✅,Stable,Normal
214.4,5.23,1121.0,NORMAL,System Normal ✅,Stable,Normal
232.4,4.55,1057.0,NORMAL,System Normal ✅,Stable,Normal
211.9,5.42,1148.0,NORMAL,System Normal ✅,Stable,Normal
222.2,4.28,951.0,NORMAL,System Normal ✅,Stable,Normal
233.4,4.26,994.0,NORMAL,System Normal ✅,System Load Increasing,Normal
213.2,5.18,1104.0,NORMAL,System Normal ✅,Stable,Normal
226.6,4.04,915.0,NORMAL,System Normal ✅,Stable,Normal
231.1,4.67,1079.0,NORMAL,System Normal ✅,System Load Increasing,Normal
217.3,5.52,1199.0,NORMAL,System Normal ✅,Stable,Normal
218.6,5.11,1117.0,NORMAL,System Normal ✅,Stable,Normal
212.6,4.94,1050.0,NORMAL,System Normal ✅,Stable,Normal
218.0,5.67,1236.0,NORMAL,System Normal ✅,Stable,Normal
225.7,4.82,1088.0,NORMAL,System Normal ✅,Stable,Normal
236.2,4.38,1035.0,WARNING,High Voltage ⚠️,System Load Increasing,Normal
233.8,4.41,1031.0,NORMAL,System Normal ✅,System Load Increasing,Normal
227.1,4.41,1002.0,NORMAL,System Normal ✅,Stable,Normal
234.6,5.88,1379.0,NORMAL,System Normal ✅,System Load Increasing,Normal
221.6,4.82,1068.0,NORMAL,System Normal ✅,Stable,Normal
228.5,4.23,967.0,NORMAL,System Normal ✅,Stable,Normal
214.9,5.72,1229.0,NORMAL,System Normal ✅,Stable,Normal
222.5,5.75,1279.0,NORMAL,System Normal ✅,Stable,Normal
216.3,5.03,1088.0,NORMAL,System Normal ✅,Stable,Normal
219.1,5.18,1135.0,NORMAL,System Normal ✅,Stable,Normal
231.2,5.47,1265.0,NORMAL,System Normal ✅,System Load Increasing,Normal
211.1,4.78,1009.0,NORMAL,System Normal ✅,Stable,Normal
231.4,4.56,1055.0,NORMAL,System Normal ✅,System Load Increasing,Normal
235.1,4.32,1016.0,WARNING,High Voltage ⚠️,System Load Increasing,Normal
222.5,5.07,1128.0,NORMAL,System Normal ✅,Stable,Normal
218.9,5.6,1226.0,NORMAL,System Normal ✅,Stable,Normal
212.8,5.11,1087.0,NORMAL,System Normal ✅,Stable,Normal
224.8,4.63,1041.0,NORMAL,System Normal ✅,Stable,Normal
222.8,4.09,911.0,NORMAL,System Normal ✅,Stable,Normal
224.2,5.86,1314.0,NORMAL,System Normal ✅,Stable,Normal
210.6,5.48,1154.0,NORMAL,System Normal ✅,Stable,Normal
214.3,5.1,1093.0,NORMAL,System Normal ✅,Stable,Normal
233.7,5.98,1398.0,NORMAL,System Normal ✅,System Load Increasing,Normal
223.2,5.76,1286.0,NORMAL,System Normal ✅,Stable,Normal
234.1,5.42,1269.0,NORMAL,System Normal ✅,System Load Increasing,Normal
215.7,5.78,1247.0,NORMAL,System Normal ✅,Stable,Normal
213.0,5.52,1176.0,NORMAL,System Normal ✅,Stable,Normal
232.0,4.52,1049.0,NORMAL,System Normal ✅,System Load Increasing,Normal
213.5,5.55,1185.0,NORMAL,System Normal ✅,Stable,Normal
216.8,5.66,1227.0,NORMAL,System Normal ✅,Stable,Normal
224.7,5.69,1279.0,NORMAL,System Normal ✅,Stable,Normal
238.6,5.3,1265.0,CRITICAL,High Voltage ⚠️,System Load Increasing,Normal
213.7,5.91,1263.0,NORMAL,System Normal ✅,Stable,Normal
225.7,5.27,1189.0,NORMAL,System Normal ✅,Stable,Normal
218.1,4.8,1047.0,NORMAL,System Normal ✅,Stable,Normal
234.5,5.54,1299.0,NORMAL,System Normal ✅,System Load Increasing,Normal
212.7,4.99,1061.0,NORMAL,System Normal ✅,Stable,Normal
225.8,4.16,939.0,NORMAL,System Normal ✅,Stable,Normal
234.0,4.28,1002.0,NORMAL,System Normal ✅,System Load Increasing,Normal
213.0,5.43,1157.0,NORMAL,System Normal ✅,Stable,Normal
236.6,5.37,1271.0,WARNING,High Voltage ⚠️,System Load Increasing,Normal
226.8,5.0,1134.0,NORMAL,System Normal ✅,Stable,Normal
225.4,5.01,1129.0,NORMAL,System Normal ✅,Stable,Normal
222.5,4.16,926.0,NORMAL,System Normal ✅,Stable,Normal
239.5,5.45,1305.0,CRITICAL,High Voltage ⚠️,System Load Increasing,Normal
215.5,5.19,1118.0,NORMAL,System Normal ✅,Stable,Normal
222.7,5.81,1294.0,NORMAL,System Normal ✅,Stable,Normal
213.5,5.69,1215.0,NORMAL,System Normal ✅,Stable,Normal
215.3,4.91,1057.0,NORMAL,System Normal ✅,Stable,Normal
234.2,4.76,1115.0,NORMAL,System Normal ✅,System Load Increasing,Normal
230.5,4.62,1065.0,NORMAL,System Normal ✅,System Load Increasing,Normal
223.1,5.36,1196.0,NORMAL,System Normal ✅,Stable,Normal
219.9,4.11,904.0,NORMAL,System Normal ✅,Stable,Normal
235.0,4.42,1039.0,NORMAL,System Normal ✅,System Load Increasing,Normal
227.0,5.96,1353.0,NORMAL,System Normal ✅,Stable,Normal
218.7,5.67,1240.0,NORMAL,System Normal ✅,Stable,Normal
214.3,5.68,1217.0,NORMAL,System Normal ✅,Stable,Normal
218.4,5.46,1192.0,NORMAL,System Normal ✅,Stable,Normal
227.6,4.68,1065.0,NORMAL,System Normal ✅,Stable,Normal
211.9,5.75,1218.0,NORMAL,System Normal ✅,Stable,Normal
229.9,5.82,1338.0,NORMAL,System Normal ✅,System Load Increasing,Normal
214.0,5.6,1198.0,NORMAL,System Normal ✅,Stable,Normal
219.5,5.67,1245.0,NORMAL,System Normal ✅,Stable,Normal
227.3,5.95,1352.0,NORMAL,System Normal ✅,Stable,Normal
218.1,4.01,875.0,NORMAL,System Normal ✅,Stable,Normal
222.3,5.74,1276.0,NORMAL,System Normal ✅,Stable,Normal
211.9,5.45,1155.0,NORMAL,System Normal ✅,Stable,Normal
235.4,5.15,1212.0,WARNING,High Voltage ⚠️,System Load Increasing,Normal
218.8,5.3,1160.0,NORMAL,System Normal ✅,Stable,Normal
237.8,5.93,1410.0,WARNING,High Voltage ⚠️,System Load Increasing,Normal
216.4,4.31,933.0,NORMAL,System Normal ✅,Stable,Normal
238.0,5.5,1309.0,WARNING,High Voltage ⚠️,System Load Increasing,Normal
226.3,4.01,907.0,NORMAL,System Normal ✅,Stable,Normal
235.7,5.89,1388.0,WARNING,High Voltage ⚠️,System Load Increasing,Normal
238.2,5.34,1272.0,CRITICAL,High Voltage ⚠️,System Load Increasing,Normal
214.1,5.97,1278.0,NORMAL,System Normal ✅,Stable,Normal
218.2,5.46,1191.0,NORMAL,System Normal ✅,Stable,Normal
224.7,4.81,1081.0,NORMAL,System Normal ✅,Stable,Normal
237.5,5.9,1401.0,WARNING,High Voltage ⚠️,System Load Increasing,Normal
213.2,4.91,1047.0,NORMAL,System Normal ✅,Stable,Normal
213.3,4.02,857.0,NORMAL,System Normal ✅,Stable,Normal
234.5,4.71,1104.0,NORMAL,System Normal ✅,System Load Increasing,Normal
231.9,4.4,1020.0,NORMAL,System Normal ✅,System Load Increasing,Normal
226.1,4.12,932.0,NORMAL,System Normal ✅,Stable,Normal
239.8,4.15,995.0,CRITICAL,High Voltage ⚠️,System Load Increasing,Normal
231.7,5.41,1253.0,NORMAL,System Normal ✅,Stable,Normal
226.5,4.0,906.0,NORMAL,System Normal ✅,Stable,Normal
238.8,4.42,1055.0,CRITICAL,High Voltage ⚠️,System Load Increasing,Normal
216.6,4.15,899.0,NORMAL,System Normal ✅,Stable,Normal
218.2,5.36,1170.0,NORMAL,System Normal ✅,Stable,Normal
222.7,4.62,1029.0,NORMAL,System Normal ✅,Stable,Normal
238.0,4.38,1042.0,WARNING,High Voltage ⚠️,System Load Increasing,Normal
231.0,5.49,1268.0,NORMAL,System Normal ✅,Stable,Normal
217.1,5.63,1222.0,NORMAL,System Normal ✅,Stable,Normal
217.8,4.08,889.0,NORMAL,System Normal ✅,Stable,Normal
211.1,5.94,1254.0,NORMAL,System Normal ✅,Stable,Normal
224.3,5.7,1279.0,NORMAL,System Normal ✅,Stable,Normal
231.1,5.68,1313.0,NORMAL,System Normal ✅,System Load Increasing,Normal
224.9,5.26,1183.0,NORMAL,System Normal ✅,Stable,Normal
223.0,4.28,954.0,NORMAL,System Normal ✅,Stable,Normal
223.7,4.32,966.0,NORMAL,System Normal ✅,Stable,Normal
215.3,4.31,928.0,NORMAL,System Normal ✅,Stable,Normal
228.0,4.07,928.0,NORMAL,System Normal ✅,Stable,Normal
223.7,4.52,1011.0,NORMAL,System Normal ✅,Stable,Normal
219.7,4.96,1090.0,NORMAL,System Normal ✅,Stable,Normal
214.4,5.42,1162.0,NORMAL,System Normal ✅,Stable,Normal
237.9,4.07,968.0,WARNING,High Voltage ⚠️,System Load Increasing,Normal
217.0,4.62,1003.0,NORMAL,System Normal ✅,Stable,Normal
218.5,5.52,1206.0,NORMAL,System Normal ✅,Stable,Normal
230.1,4.92,1132.0,NORMAL,System Normal ✅,System Load Increasing,Normal
210.8,5.3,1117.0,NORMAL,System Normal ✅,Stable,Normal
238.7,5.01,1196.0,CRITICAL,High Voltage ⚠️,System Load Increasing,Normal
235.9,4.41,1040.0,WARNING,High Voltage ⚠️,System Load Increasing,Normal
212.4,5.45,1158.0,NORMAL,System Normal ✅,Stable,Normal
223.3,5.18,1157.0,NORMAL,System Normal ✅,Stable,Normal
216.4,5.64,1220.0,NORMAL,System Normal ✅,Stable,Normal
211.6,5.9,1248.0,NORMAL,System Normal ✅,Stable,Normal
228.1,4.18,953.0,NORMAL,System Normal ✅,System Load Increasing,Normal
222.1,5.46,1213.0,NORMAL,System Normal ✅,Stable,Normal
239.1,5.11,1222.0,CRITICAL,High Voltage ⚠️,System Load Increasing,Normal
237.3,4.58,1087.0,WARNING,High Voltage ⚠️,System Load Increasing,Normal
233.5,5.6,1308.0,NORMAL,System Normal ✅,System Load Increasing,Normal
211.6,5.74,1215.0,NORMAL,System Normal ✅,Stable,Normal
237.7,4.18,994.0,WARNING,High Voltage ⚠️,System Load Increasing,Normal
238.9,4.47,1068.0,CRITICAL,High Voltage ⚠️,System Load Increasing,Normal
234.7,4.07,955.0,NORMAL,System Normal ✅,System Load Increasing,Normal
222.0,5.44,1208.0,NORMAL,System Normal ✅,Stable,Normal
234.4,4.99,1170.0,NORMAL,System Normal ✅,System Load Increasing,Normal
229.5,4.52,1037.0,NORMAL,System Normal ✅,Stable,Normal
223.2,4.11,917.0,NORMAL,System Normal ✅,Stable,Normal
233.2,5.19,1210.0,NORMAL,System Normal ✅,System Load Increasing,Normal
222.3,5.93,1318.0,NORMAL,System Normal ✅,Stable,Normal
215.4,4.66,1004.0,NORMAL,System Normal ✅,Stable,Normal
219.6,4.99,1096.0,NORMAL,System Normal ✅,Stable,Normal
223.3,5.55,1239.0,NORMAL,System Normal ✅,Stable,Normal
225.5,4.06,916.0,NORMAL,System Normal ✅,Stable,Normal
231.2,5.85,1353.0,NORMAL,System Normal ✅,Stable,Normal
213.9,5.11,1093.0,NORMAL,System Normal ✅,Stable,Normal
213.7,5.99,1280.0,NORMAL,System Normal ✅,Stable,Normal
213.0,5.96,1269.0,NORMAL,System Normal ✅,Stable,Normal
210.3,4.16,875.0,NORMAL,System Normal ✅,Stable,Normal
225.5,5.76,1299.0,NORMAL,System Normal ✅,Stable,Normal
224.3,4.21,944.0,NORMAL,System Normal ✅,Stable,Normal
210.4,5.03,1058.0,NORMAL,System Normal ✅,Stable,Normal
210.3,5.97,1255.0,NORMAL,System Normal ✅,Stable,Normal
220.4,4.88,1076.0,NORMAL,System Normal ✅,Stable,Normal
210.5,5.38,1132.0,NORMAL,System Normal ✅,Stable,Normal
216.2,5.56,1202.0,NORMAL,System Normal ✅,Stable,Normal
211.9,5.37,1138.0,NORMAL,System Normal ✅,Stable,Normal
226.7,5.29,1199.0,NORMAL,System Normal ✅,System Load Increasing,Normal
227.9,5.07,1155.0,NORMAL,System Normal ✅,System Load Increasing,Normal
226.9,4.47,1014.0,NORMAL,System Normal ✅,System Load Increasing,Normal
224.7,4.1,921.0,NORMAL,System Normal ✅,System Load Increasing,Normal
232.1,5.08,1179.0,NORMAL,System Normal ✅,System Load Increasing,Normal
215.2,5.1,1098.0,NORMAL,System Normal ✅,Stable,Normal
215.7,5.1,1100.0,NORMAL,System Normal ✅,Stable,Normal
236.9,5.2,1232.0,WARNING,High Voltage ⚠️,Voltage Spike Risk,Anomaly 🚨
232.0,5.95,1380.0,NORMAL,System Normal ✅,System Load Increasing,Normal
235.0,5.22,1227.0,NORMAL,System Normal ✅,System Load Increasing,Normal
210.8,5.66,1193.0,NORMAL,System Normal ✅,Stable,Normal
227.2,4.26,968.0,NORMAL,System Normal ✅,System Load Increasing,Normal
223.4,4.0,894.0,NORMAL,System Normal ✅,Stable,Normal
224.4,5.08,1140.0,NORMAL,System Normal ✅,Stable,Normal
235.1,5.44,1279.0,WARNING,High Voltage ⚠️,System Load Increasing,Normal
222.4,5.87,1305.0,NORMAL,System Normal ✅,Stable,Normal
214.3,4.68,1003.0,NORMAL,System Normal ✅,Stable,Normal
223.9,5.62,1258.0,NORMAL,System Normal ✅,Stable,Normal
215.2,5.25,1130.0,NORMAL,System Normal ✅,Stable,Normal
238.7,5.33,1272.0,CRITICAL,High Voltage ⚠️,System Load Increasing,Normal
217.7,4.65,1012.0,NORMAL,System Normal ✅,Stable,Normal
239.1,4.5,1076.0,CRITICAL,High Voltage ⚠️,System Load Increasing,Normal
216.3,5.91,1278.0,NORMAL,System Normal ✅,Stable,Normal
216.7,4.41,956.0,NORMAL,System Normal ✅,Stable,Normal
237.0,4.5,1066.0,WARNING,High Voltage ⚠️,System Load Increasing,Normal
237.8,5.1,1213.0,WARNING,High Voltage ⚠️,System Load Increasing,Normal
219.0,5.43,1189.0,NORMAL,System Normal ✅,Stable,Normal
228.6,5.89,1346.0,NORMAL,System Normal ✅,Stable,Normal
223.4,5.71,1276.0,NORMAL,System Normal ✅,Stable,Normal
229.6,4.33,994.0,NORMAL,System Normal ✅,Stable,Normal
237.7,4.32,1027.0,WARNING,High Voltage ⚠️,System Load Increasing,Normal
213.8,5.13,1097.0,NORMAL,System Normal ✅,Stable,Normal
237.6,4.16,988.0,WARNING,High Voltage ⚠️,System Load Increasing,Normal
212.1,4.95,1050.0,NORMAL,System Normal ✅,Stable,Normal
238.6,4.57,1090.0,CRITICAL,High Voltage ⚠️,System Load Increasing,Normal
233.4,4.28,999.0,NORMAL,System Normal ✅,System Load Increasing,Normal
212.9,4.13,879.0,NORMAL,System Normal ✅,Stable,Normal
211.9,5.19,1100.0,NORMAL,System Normal ✅,Stable,Normal
239.5,4.93,1181.0,CRITICAL,High Voltage ⚠️,System Load Increasing,Normal
216.7,4.64,1005.0,NORMAL,System Normal ✅,Stable,Normal
219.5,4.83,1060.0,NORMAL,System Normal ✅,Stable,Normal
226.6,4.38,993.0,NORMAL,System Normal ✅,Stable,Normal
230.4,5.69,1311.0,NORMAL,System Normal ✅,Stable,Normal
227.7,4.18,952.0,NORMAL,System Normal ✅,Stable,Normal
219.6,5.69,1250.0,NORMAL,System Normal ✅,Stable,Normal
224.7,4.48,1007.0,NORMAL,System Normal ✅,Stable,Normal
239.4,4.63,1108.0,CRITICAL,High Voltage ⚠️,System Load Increasing,Normal
236.0,4.91,1159.0,WARNING,High Voltage ⚠️,System Load Increasing,Normal
236.5,5.35,1265.0,WARNING,High Voltage ⚠️,System Load Increasing,Normal
233.6,5.53,1292.0,NORMAL,System Normal ✅,System Load Increasing,Normal
225.3,4.13,930.0,NORMAL,System Normal ✅,Stable,Normal
211.4,4.71,996.0,NORMAL,System Normal ✅,Stable,Normal
214.7,5.57,1196.0,NORMAL,System Normal ✅,Stable,Normal
217.7,5.91,1287.0,NORMAL,System Normal ✅,Stable,Normal
213.7,5.25,1122.0,NORMAL,System Normal ✅,Stable,Normal
228.6,4.39,1004.0,NORMAL,System Normal ✅,Stable,Normal
217.0,4.47,970.0,NORMAL,System Normal ✅,Stable,Normal
210.3,5.97,1255.0,NORMAL,System Normal ✅,Stable,Normal
232.5,4.21,979.0,NORMAL,System Normal ✅,System Load Increasing,Normal
211.7,5.27,1116.0,NORMAL,System Normal ✅,Stable,Normal
222.1,5.03,1117.0,NORMAL,System Normal ✅,Stable,Normal
214.2,4.09,876.0,NORMAL,System Normal ✅,Stable,Normal
216.4,5.63,1218.0,NORMAL,System Normal ✅,Stable,Normal
228.4,5.17,1181.0,NORMAL,System Normal ✅,System Load Increasing,Normal
220.1,5.95,1310.0,NORMAL,System Normal ✅,Stable,Normal
220.1,4.15,913.0,NORMAL,System Normal ✅,Stable,Normal
213.4,4.03,860.0,NORMAL,System Normal ✅,Stable,Normal
235.4,4.62,1088.0,WARNING,High Voltage ⚠️,System Load Increasing,Normal
214.7,5.64,1211.0,NORMAL,System Normal ✅,Stable,Normal
215.1,5.7,1226.0,NORMAL,System Normal ✅,Stable,Normal
216.7,4.12,893.0,NORMAL,System Normal ✅,Stable,Normal
217.6,4.54,988.0,NORMAL,System Normal ✅,Stable,Normal
212.1,4.8,1018.0,NORMAL,System Normal ✅,Stable,Normal
219.3,5.58,1224.0,NORMAL,System Normal ✅,Stable,Normal
229.5,5.95,1366.0,NORMAL,System Normal ✅,System Load Increasing,Normal
234.5,5.54,1299.0,NORMAL,System Normal ✅,System Load Increasing,Normal
230.1,5.02,1155.0,NORMAL,System Normal ✅,System Load Increasing,Normal
230.2,4.87,1121.0,NORMAL,System Normal ✅,System Load Increasing,Normal
227.3,5.53,1257.0,NORMAL,System Normal ✅,System Load Increasing,Normal
234.5,5.7,1337.0,NORMAL,System Normal ✅,System Load Increasing,Normal
221.4,4.73,1047.0,NORMAL,System Normal ✅,Stable,Normal
234.1,5.12,1199.0,NORMAL,System Normal ✅,System Load Increasing,Normal
212.5,5.23,1111.0,NORMAL,System Normal ✅,Stable,Normal
217.8,4.03,878.0,NORMAL,System Normal ✅,Stable,Normal
234.5,5.63,1320.0,NORMAL,System Normal ✅,System Load Increasing,Normal
239.2,5.87,1404.0,CRITICAL,High Voltage ⚠️,System Load Increasing,Normal
215.5,5.11,1101.0,NORMAL,System Normal ✅,Stable,Normal
219.5,4.26,935.0,NORMAL,System Normal ✅,Stable,Normal
236.3,4.45,1052.0,WARNING,High Voltage ⚠️,System Load Increasing,Normal
226.7,4.28,970.0,NORMAL,System Normal ✅,Stable,Normal
221.1,5.33,1178.0,NORMAL,System Normal ✅,Stable,Normal
221.7,5.22,1157.0,NORMAL,System Normal ✅,Stable,Normal
228.1,4.07,928.0,NORMAL,System Normal ✅,Stable,Normal
213.8,4.61,986.0,NORMAL,System Normal ✅,Stable,Normal
232.2,5.88,1365.0,NORMAL,System Normal ✅,System Load Increasing,Normal
223.8,5.96,1334.0,NORMAL,System Normal ✅,Stable,Normal
210.5,4.89,1029.0,NORMAL,System Normal ✅,Stable,Normal
220.7,5.04,1112.0,NORMAL,System Normal ✅,Stable,Normal
236.8,5.29,1253.0,WARNING,High Voltage ⚠️,System Load Increasing,Normal
227.5,4.34,987.0,NORMAL,System Normal ✅,Stable,Normal
234.6,4.44,1042.0,NORMAL,System Normal ✅,System Load Increasing,Normal
215.5,5.62,1211.0,NORMAL,System Normal ✅,Stable,Normal
235.7,4.03,950.0,WARNING,High Voltage ⚠️,System Load Increasing,Normal
236.8,5.35,1267.0,WARNING,High Voltage ⚠️,System Load Increasing,Normal
231.6,5.89,1364.0,NORMAL,System Normal ✅,System Load Increasing,Normal
233.8,5.39,1260.0,NORMAL,System Normal ✅,System Load Increasing,Normal
212.2,5.81,1233.0,NORMAL,System Normal ✅,Stable,Normal
229.2,5.22,1196.0,NORMAL,System Normal ✅,Stable,Normal
234.1,4.04,946.0,NORMAL,System Normal ✅,System Load Increasing,Normal
214.0,5.74,1228.0,NORMAL,System Normal ✅,Stable,Normal
227.2,4.98,1131.0,NORMAL,System Normal ✅,Stable,Normal
236.2,4.62,1091.0,WARNING,High Voltage ⚠️,System Load Increasing,Normal
217.1,5.67,1231.0,NORMAL,System Normal ✅,Stable,Normal
227.1,5.16,1172.0,NORMAL,System Normal ✅,Stable,Normal
231.3,4.62,1069.0,NORMAL,System Normal ✅,Stable,Normal
221.2,4.09,905.0,NORMAL,System Normal ✅,Stable,Normal
215.9,4.1,885.0,NORMAL,System Normal ✅,Stable,Normal
230.4,5.35,1233.0,NORMAL,System Normal ✅,Stable,Normal
235.3,4.96,1167.0,WARNING,High Voltage ⚠️,System Load Increasing,Normal
229.2,5.34,1224.0,NORMAL,System Normal ✅,Stable,Normal
225.2,5.61,1263.0,NORMAL,System Normal ✅,Stable,Normal
233.5,4.26,995.0,NORMAL,System Normal ✅,System Load Increasing,Normal
228.4,4.15,948.0,NORMAL,System Normal ✅,Stable,Normal
211.1,4.06,857.0,NORMAL,System Normal ✅,Stable,Normal
212.9,5.19,1105.0,NORMAL,System Normal ✅,Stable,Normal
220.4,4.79,1056.0,NORMAL,System Normal ✅,Stable,Normal
211.3,5.12,1082.0,NORMAL,System Normal ✅,Stable,Normal
211.9,5.46,1157.0,NORMAL,System Normal ✅,Stable,Normal
212.4,5.85,1243.0,NORMAL,System Normal ✅,Stable,Normal
229.0,4.68,1072.0,NORMAL,System Normal ✅,System Load Increasing,Normal
229.2,4.96,1137.0,NORMAL,System Normal ✅,System Load Increasing,Normal
229.0,5.43,1243.0,NORMAL,System Normal ✅,System Load Increasing,Normal
237.4,4.2,997.0,WARNING,High Voltage ⚠️,System Load Increasing,Normal
236.7,4.85,1148.0,WARNING,High Voltage ⚠️,System Load Increasing,Normal
218.8,4.71,1031.0,NORMAL,System Normal ✅,Stable,Normal
224.1,5.55,1244.0,NORMAL,System Normal ✅,Stable,Normal
230.6,5.48,1264.0,NORMAL,System Normal ✅,System Load Increasing,Normal
216.6,5.37,1163.0,NORMAL,System Normal ✅,Stable,Normal
225.6,4.92,1110.0,NORMAL,System Normal ✅,Stable,Normal
213.1,5.92,1262.0,NORMAL,System Normal ✅,Stable,Normal
226.7,5.76,1306.0,NORMAL,System Normal ✅,Stable,Normal
213.3,4.22,900.0,NORMAL,System Normal ✅,Stable,Normal
210.4,5.26,1107.0,NORMAL,System Normal ✅,Stable,Normal
233.7,4.92,1150.0,NORMAL,System Normal ✅,System Load Increasing,Normal
231.9,5.91,1371.0,NORMAL,System Normal ✅,System Load Increasing,Normal
229.3,4.81,1103.0,NORMAL,System Normal ✅,System Load Increasing,Normal
212.0,4.87,1032.0,NORMAL,System Normal ✅,Stable,Normal
223.2,4.03,899.0,NORMAL,System Normal ✅,Stable,Normal
226.5,4.64,1051.0,NORMAL,System Normal ✅,Stable,Normal
224.1,4.28,959.0,NORMAL,System Normal ✅,Stable,Normal
217.0,5.74,1246.0,NORMAL,System Normal ✅,Stable,Normal
232.3,5.65,1312.0,NORMAL,System Normal ✅,System Load Increasing,Normal
236.1,5.77,1362.0,WARNING,High Voltage ⚠️,System Load Increasing,Normal
227.2,4.14,941.0,NORMAL,System Normal ✅,Stable,Normal
233.1,5.73,1336.0,NORMAL,System Normal ✅,System Load Increasing,Normal
224.1,5.74,1286.0,NORMAL,System Normal ✅,Stable,Normal
216.5,4.05,877.0,NORMAL,System Normal ✅,Stable,Normal
229.0,4.56,1044.0,NORMAL,System Normal ✅,Stable,Normal
217.5,4.39,955.0,NORMAL,System Normal ✅,Stable,Normal
234.6,5.16,1211.0,NORMAL,System Normal ✅,System Load Increasing,Normal
228.9,4.22,966.0,NORMAL,System Normal ✅,Stable,Normal
231.5,5.31,1229.0,NORMAL,System Normal ✅,System Load Increasing,Normal
235.9,5.31,1253.0,WARNING,High Voltage ⚠️,System Load Increasing,Normal
231.4,4.09,946.0,NORMAL,System Normal ✅,Stable,Normal
219.3,5.34,1171.0,NORMAL,System Normal ✅,Stable,Normal
235.1,5.71,1342.0,WARNING,High Voltage ⚠️,System Load Increasing,Normal
237.0,5.86,1389.0,WARNING,High Voltage ⚠️,System Load Increasing,Normal
235.9,5.69,1342.0,WARNING,High Voltage ⚠️,System Load Increasing,Normal
234.5,5.97,1400.0,NORMAL,System Normal ✅,System Load Increasing,Normal
223.0,4.17,930.0,NORMAL,System Normal ✅,Stable,Normal
237.4,5.67,1346.0,WARNING,High Voltage ⚠️,System Load Increasing,Normal
236.5,4.59,1086.0,WARNING,High Voltage ⚠️,System Load Increasing,Normal
213.2,5.29,1128.0,NORMAL,System Normal ✅,Voltage Spike Risk,Anomaly 🚨
218.8,5.87,1284.0,NORMAL,System Normal ✅,Stable,Normal
221.9,5.49,1218.0,NORMAL,System Normal ✅,Stable,Normal
234.3,5.64,1321.0,NORMAL,System Normal ✅,System Load Increasing,Normal
213.5,4.6,982.0,NORMAL,System Normal ✅,Stable,Normal
210.6,4.23,891.0,NORMAL,System Normal ✅,Stable,Normal
217.1,4.88,1059.0,NORMAL,System Normal ✅,Stable,Normal
237.1,4.53,1074.0,WARNING,High Voltage ⚠️,System Load Increasing,Normal
236.7,4.41,1044.0,WARNING,High Voltage ⚠️,System Load Increasing,Normal
235.5,5.31,1251.0,WARNING,High Voltage ⚠️,System Load Increasing,Normal
232.6,4.52,1051.0,NORMAL,System Normal ✅,Stable,Normal
229.1,5.46,1251.0,NORMAL,System Normal ✅,Stable,Normal
227.9,4.13,941.0,NORMAL,System Normal ✅,Stable,Normal
234.1,5.24,1227.0,NORMAL,System Normal ✅,System Load Increasing,Normal
214.8,4.58,984.0,NORMAL,System Normal ✅,Stable,Normal
234.0,5.75,1346.0,NORMAL,System Normal ✅,System Load Increasing,Normal
235.6,4.83,1138.0,WARNING,High Voltage ⚠️,System Load Increasing,Normal
226.1,5.3,1198.0,NORMAL,System Normal ✅,Stable,Normal
222.4,5.45,1212.0,NORMAL,System Normal ✅,Stable,Normal
210.8,4.18,881.0,NORMAL,System Normal ✅,Stable,Normal
217.3,5.3,1152.0,NORMAL,System Normal ✅,Stable,Normal
216.0,4.3,929.0,NORMAL,System Normal ✅,Stable,Normal
216.5,4.59,994.0,NORMAL,System Normal ✅,Stable,Normal
218.6,4.93,1078.0,NORMAL,System Normal ✅,Stable,Normal
233.5,4.65,1086.0,NORMAL,System Normal ✅,System Load Increasing,Normal
237.4,5.96,1415.0,WARNING,High Voltage ⚠️,System Load Increasing,Normal
222.5,4.63,1030.0,NORMAL,System Normal ✅,Stable,Normal
233.8,4.39,1026.0,NORMAL,System Normal ✅,System Load Increasing,Normal
232.5,4.97,1156.0,NORMAL,System Normal ✅,System Load Increasing,Normal
215.9,5.63,1216.0,NORMAL,System Normal ✅,Stable,Normal
214.6,5.97,1281.0,NORMAL,System Normal ✅,Stable,Normal
229.1,5.22,1196.0,NORMAL,System Normal ✅,Stable,Normal
227.8,5.47,1246.0,NORMAL,System Normal ✅,Stable,Normal
228.2,4.93,1125.0,NORMAL,System Normal ✅,Stable,Normal
225.7,4.15,937.0,NORMAL,System Normal ✅,Stable,Normal
230.6,5.96,1374.0,NORMAL,System Normal ✅,System Load Increasing,Normal
226.1,4.11,929.0,NORMAL,System Normal ✅,Stable,Normal
224.1,5.63,1262.0,NORMAL,System Normal ✅,Stable,Normal
237.3,5.94,1410.0,WARNING,High Voltage ⚠️,System Load Increasing,Normal
230.3,5.45,1255.0,NORMAL,System Normal ✅,Stable,Normal
216.2,5.69,1230.0,NORMAL,System Normal ✅,Stable,Normal
235.6,4.58,1079.0,WARNING,High Voltage ⚠️,System Load Increasing,Normal
234.4,4.48,1050.0,NORMAL,System Normal ✅,System Load Increasing,Normal
227.7,5.45,1241.0,NORMAL,System Normal ✅,Stable,Normal
225.7,5.86,1323.0,NORMAL,System Normal ✅,Stable,Normal
221.3,6.0,1328.0,NORMAL,System Normal ✅,Stable,Normal
238.9,5.52,1319.0,CRITICAL,High Voltage ⚠️,System Load Increasing,Normal
213.2,5.03,1072.0,NORMAL,System Normal ✅,Stable,Normal
223.8,5.87,1314.0,NORMAL,System Normal ✅,Stable,Normal
217.3,4.6,1000.0,NORMAL,System Normal ✅,Stable,Normal
211.6,4.23,895.0,NORMAL,System Normal ✅,Stable,Normal
239.7,5.79,1388.0,CRITICAL,High Voltage ⚠️,System Load Increasing,Normal
212.7,4.44,944.0,NORMAL,System Normal ✅,Stable,Normal
221.9,5.23,1161.0,NORMAL,System Normal ✅,Stable,Normal
215.4,5.32,1146.0,NORMAL,System Normal ✅,Stable,Normal
235.8,5.33,1257.0,WARNING,High Voltage ⚠️,System Load Increasing,Normal
218.9,4.9,1073.0,NORMAL,System Normal ✅,Stable,Normal
220.9,4.54,1003.0,NORMAL,System Normal ✅,Stable,Normal
218.0,4.06,885.0,NORMAL,System Normal ✅,Stable,Normal
237.1,5.68,1347.0,WARNING,High Voltage ⚠️,System Load Increasing,Normal
211.4,4.25,898.0,NORMAL,System Normal ✅,Stable,Normal
218.3,4.97,1085.0,NORMAL,System Normal ✅,Stable,Normal
216.7,5.57,1207.0,NORMAL,System Normal ✅,Stable,Normal
226.5,5.36,1214.0,NORMAL,System Normal ✅,Stable,Normal
225.1,4.62,1040.0,NORMAL,System Normal ✅,Stable,Normal
211.4,4.78,1010.0,NORMAL,System Normal ✅,Stable,Normal
228.9,5.41,1238.0,NORMAL,System Normal ✅,System Load Increasing,Normal
233.3,4.54,1059.0,NORMAL,System Normal ✅,System Load Increasing,Normal
231.1,4.96,1146.0,NORMAL,System Normal ✅,System Load Increasing,Normal
238.6,5.69,1358.0,CRITICAL,High Voltage ⚠️,System Load Increasing,Normal
227.6,4.1,933.0,NORMAL,System Normal ✅,Stable,Normal
211.6,5.1,1079.0,NORMAL,System Normal ✅,Stable,Normal
228.9,4.92,1126.0,NORMAL,System Normal ✅,System Load Increasing,Normal
216.0,5.78,1248.0,NORMAL,System Normal ✅,Stable,Normal
219.1,5.94,1301.0,NORMAL,System Normal ✅,Stable,Normal
227.6,5.15,1172.0,NORMAL,System Normal ✅,Stable,Normal
231.8,4.39,1018.0,NORMAL,System Normal ✅,System Load Increasing,Normal
212.4,5.16,1096.0,NORMAL,System Normal ✅,Stable,Normal
232.3,5.27,1224.0,NORMAL,System Normal ✅,System Load Increasing,Normal
219.2,5.24,1149.0,NORMAL,System Normal ✅,Stable,Normal
232.8,5.95,1385.0,NORMAL,System Normal ✅,System Load Increasing,Normal
222.1,5.24,1164.0,NORMAL,System Normal ✅,Stable,Normal
224.8,4.4,989.0,NORMAL,System Normal ✅,Stable,Normal
235.9,4.52,1066.0,WARNING,High Voltage ⚠️,System Load Increasing,Normal
226.5,4.73,1071.0,NORMAL,System Normal ✅,Stable,Normal
218.0,5.9,1286.0,NORMAL,System Normal ✅,Stable,Normal
238.3,4.79,1141.0,CRITICAL,High Voltage ⚠️,System Load Increasing,Normal
228.5,4.76,1088.0,NORMAL,System Normal ✅,Stable,Normal
211.2,5.86,1238.0,NORMAL,System Normal ✅,Stable,Normal
227.2,5.81,1320.0,NORMAL,System Normal ✅,Stable,Normal
212.3,5.07,1076.0,NORMAL,System Normal ✅,Stable,Normal
210.8,4.93,1039.0,NORMAL,System Normal ✅,Stable,Normal
221.5,5.26,1165.0,NORMAL,System Normal ✅,Stable,Normal
226.1,5.42,1225.0,NORMAL,System Normal ✅,Stable,Normal
213.0,4.45,948.0,NORMAL,System Normal ✅,Stable,Normal
218.8,4.82,1055.0,NORMAL,System Normal ✅,Stable,Normal
214.3,5.66,1213.0,NORMAL,System Normal ✅,Stable,Normal
236.0,5.62,1326.0,WARNING,High Voltage ⚠️,System Load Increasing,Normal
238.7,5.67,1353.0,CRITICAL,High Voltage ⚠️,System Load Increasing,Normal
237.1,5.6,1328.0,WARNING,High Voltage ⚠️,System Load Increasing,Normal
211.8,5.84,1237.0,NORMAL,System Normal ✅,Stable,Normal
233.6,4.53,1058.0,NORMAL,System Normal ✅,System Load Increasing,Normal
224.1,5.36,1201.0,NORMAL,System Normal ✅,Stable,Normal
217.8,5.23,1139.0,NORMAL,System Normal ✅,Stable,Normal
237.6,4.98,1183.0,WARNING,High Voltage ⚠️,System Load Increasing,Normal
226.8,5.06,1148.0,NORMAL,System Normal ✅,Stable,Normal
225.1,5.42,1220.0,NORMAL,System Normal ✅,Stable,Normal
228.3,5.66,1292.0,NORMAL,System Normal ✅,Stable,Normal
213.6,5.13,1096.0,NORMAL,System Normal ✅,Stable,Normal
212.0,4.54,962.0,NORMAL,System Normal ✅,Stable,Normal
237.8,5.28,1256.0,WARNING,High Voltage ⚠️,System Load Increasing,Normal
222.5,5.47,1217.0,NORMAL,System Normal ✅,Stable,Normal
221.0,5.29,1169.0,NORMAL,System Normal ✅,Stable,Normal
231.9,4.6,1067.0,NORMAL,System Normal ✅,System Load Increasing,Normal
223.1,5.72,1276.0,NORMAL,System Normal ✅,Stable,Normal
231.1,4.57,1056.0,NORMAL,System Normal ✅,Stable,Normal
222.0,4.09,908.0,NORMAL,System Normal ✅,Stable,Normal
215.5,4.67,1006.0,NORMAL,System Normal ✅,Stable,Normal
236.6,4.56,1079.0,WARNING,High Voltage ⚠️,System Load Increasing,Normal
234.3,5.86,1373.0,NORMAL,System Normal ✅,System Load Increasing,Normal
228.9,5.72,1309.0,NORMAL,System Normal ✅,Stable,Normal
229.2,5.78,1325.0,NORMAL,System Normal ✅,Stable,Normal
229.6,5.87,1348.0,NORMAL,System Normal ✅,Stable,Normal
227.0,4.29,974.0,NORMAL,System Normal ✅,Stable,Normal
237.0,4.33,1026.0,WARNING,High Voltage ⚠️,System Load Increasing,Normal
217.4,4.61,1002.0,NORMAL,System Normal ✅,Stable,Normal
232.0,4.81,1116.0,NORMAL,System Normal ✅,System Load Increasing,Normal
211.6,4.27,904.0,NORMAL,System Normal ✅,Stable,Normal
234.1,4.86,1138.0,NORMAL,System Normal ✅,System Load Increasing,Normal
221.6,5.3,1174.0,NORMAL,System Normal ✅,Stable,Normal
235.0,4.98,1170.0,NORMAL,System Normal ✅,System Load Increasing,Normal
239.7,6.0,1438.0,CRITICAL,High Voltage ⚠️,System Load Increasing,Normal
215.4,5.88,1267.0,NORMAL,System Normal ✅,Stable,Normal
218.3,4.2,917.0,NORMAL,System Normal ✅,Stable,Normal
217.1,5.62,1220.0,NORMAL,System Normal ✅,Stable,Normal
237.2,4.11,975.0,WARNING,High Voltage ⚠️,System Load Increasing,Normal
233.1,5.9,1375.0,NORMAL,System Normal ✅,System Load Increasing,Normal
221.7,4.92,1091.0,NORMAL,System Normal ✅,Stable,Normal
235.7,4.5,1061.0,WARNING,High Voltage ⚠️,System Load Increasing,Normal
236.5,4.59,1086.0,WARNING,High Voltage ⚠️,System Load Increasing,Normal
236.4,4.47,1057.0,WARNING,High Voltage ⚠️,System Load Increasing,Normal
227.3,4.11,934.0,NORMAL,System Normal ✅,Stable,Normal
214.5,4.33,929.0,NORMAL,System Normal ✅,Stable,Normal
230.8,4.83,1115.0,NORMAL,System Normal ✅,Stable,Normal
224.6,5.9,1325.0,NORMAL,System Normal ✅,Stable,Normal
214.7,5.4,1159.0,NORMAL,System Normal ✅,Stable,Normal
235.3,5.56,1308.0,WARNING,High Voltage ⚠️,System Load Increasing,Normal
218.8,4.6,1006.0,NORMAL,System Normal ✅,Stable,Normal
213.4,4.26,909.0,NORMAL,System Normal ✅,Stable,Normal
220.7,5.63,1243.0,NORMAL,System Normal ✅,Stable,Normal
214.9,4.17,896.0,NORMAL,System Normal ✅,Stable,Normal
221.0,4.22,933.0,NORMAL,System Normal ✅,Stable,Normal
234.4,5.59,1310.0,NORMAL,System Normal ✅,System Load Increasing,Normal
221.2,5.27,1166.0,NORMAL,System Normal ✅,Stable,Normal
229.8,5.96,1370.0,NORMAL,System Normal ✅,Stable,Normal
214.1,5.34,1143.0,NORMAL,System Normal ✅,Stable,Normal
230.2,5.91,1360.0,NORMAL,System Normal ✅,System Load Increasing,Normal
233.7,5.91,1381.0,NORMAL,System Normal ✅,System Load Increasing,Normal
230.3,5.89,1356.0,NORMAL,System Normal ✅,System Load Increasing,Normal
229.0,4.36,998.0,NORMAL,System Normal ✅,Stable,Normal
239.4,4.47,1070.0,CRITICAL,High Voltage ⚠️,System Load Increasing,Normal
236.5,4.91,1161.0,WARNING,High Voltage ⚠️,System Load Increasing,Normal
230.7,5.02,1158.0,NORMAL,System Normal ✅,Stable,Normal
232.9,4.37,1018.0,NORMAL,System Normal ✅,System Load Increasing,Normal
225.3,4.49,1012.0,NORMAL,System Normal ✅,Stable,Normal
224.1,4.57,1024.0,NORMAL,System Normal ✅,Stable,Normal
234.4,5.53,1296.0,NORMAL,System Normal ✅,System Load Increasing,Normal
231.3,4.04,934.0,NORMAL,System Normal ✅,Stable,Normal
225.6,5.94,1340.0,NORMAL,System Normal ✅,Stable,Normal
225.4,4.85,1093.0,NORMAL,System Normal ✅,Stable,Normal
238.6,5.14,1226.0,CRITICAL,High Voltage ⚠️,System Load Increasing,Normal
213.5,4.32,922.0,NORMAL,System Normal ✅,Voltage Spike Risk,Anomaly 🚨
225.9,5.4,1220.0,NORMAL,System Normal ✅,Stable,Normal
237.6,4.35,1034.0,WARNING,High Voltage ⚠️,System Load Increasing,Normal
230.6,4.22,973.0,NORMAL,System Normal ✅,Stable,Normal
234.4,4.34,1017.0,NORMAL,System Normal ✅,Stable,Normal
223.6,4.88,1091.0,NORMAL,System Normal ✅,Stable,Normal
227.1,5.02,1140.0,NORMAL,System Normal ✅,Stable,Normal
222.5,5.74,1277.0,NORMAL,System Normal ✅,Stable,Normal
213.2,5.1,1087.0,NORMAL,System Normal ✅,Voltage Spike Risk,Anomaly 🚨
237.1,4.42,1048.0,WARNING,High Voltage ⚠️,System Load Increasing,Normal
234.8,4.97,1167.0,NORMAL,System Normal ✅,System Load Increasing,Normal
221.1,5.02,1110.0,NORMAL,System Normal ✅,Stable,Normal
235.6,4.67,1100.0,WARNING,High Voltage ⚠️,System Load Increasing,Normal
218.7,4.89,1069.0,NORMAL,System Normal ✅,Stable,Normal
219.1,5.38,1179.0,NORMAL,System Normal ✅,Stable,Normal
230.3,5.88,1354.0,NORMAL,System Normal ✅,Stable,Normal
226.5,4.25,963.0,NORMAL,System Normal ✅,Stable,Normal
219.6,4.51,990.0,NORMAL,System Normal ✅,Stable,Normal
212.5,4.0,850.0,NORMAL,System Normal ✅,Stable,Normal
237.2,4.54,1077.0,WARNING,High Voltage ⚠️,System Load Increasing,Normal
215.8,5.21,1124.0,NORMAL,System Normal ✅,Stable,Normal
214.7,5.76,1237.0,NORMAL,System Normal ✅,Stable,Normal
232.2,4.24,985.0,NORMAL,System Normal ✅,System Load Increasing,Normal
226.0,5.64,1275.0,NORMAL,System Normal ✅,Stable,Normal
223.4,4.57,1021.0,NORMAL,System Normal ✅,Stable,Normal
229.4,4.07,934.0,NORMAL,System Normal ✅,Stable,Normal
212.6,4.04,859.0,NORMAL,System Normal ✅,Stable,Normal
239.3,4.76,1139.0,CRITICAL,High Voltage ⚠️,System Load Increasing,Normal
212.4,5.17,1098.0,NORMAL,System Normal ✅,Stable,Normal
216.9,4.07,883.0,NORMAL,System Normal ✅,Stable,Normal
216.8,4.12,893.0,NORMAL,System Normal ✅,Stable,Normal
239.7,5.61,1345.0,CRITICAL,High Voltage ⚠️,System Load Increasing,Normal
211.7,4.97,1052.0,NORMAL,System Normal ✅,Stable,Normal
216.0,4.41,953.0,NORMAL,System Normal ✅,Stable,Normal
219.4,4.15,911.0,NORMAL,System Normal ✅,Stable,Normal
235.0,4.25,999.0,NORMAL,System Normal ✅,System Load Increasing,Normal
233.6,4.15,969.0,NORMAL,System Normal ✅,System Load Increasing,Normal
213.9,5.76,1232.0,NORMAL,System Normal ✅,Stable,Normal
214.2,4.22,904.0,NORMAL,System Normal ✅,Stable,Normal
238.6,4.95,1181.0,CRITICAL,High Voltage ⚠️,System Load Increasing,Normal
215.6,5.69,1227.0,NORMAL,System Normal ✅,Stable,Normal
239.9,5.32,1276.0,CRITICAL,High Voltage ⚠️,System Load Increasing,Normal
226.5,5.8,1314.0,NORMAL,System Normal ✅,Stable,Normal
221.2,5.22,1155.0,NORMAL,System Normal ✅,Stable,Normal
231.4,4.27,988.0,NORMAL,System Normal ✅,System Load Increasing,Normal
232.9,4.92,1146.0,NORMAL,System Normal ✅,System Load Increasing,Normal
238.7,4.07,972.0,CRITICAL,High Voltage ⚠️,System Load Increasing,Normal
232.7,4.51,1049.0,NORMAL,System Normal ✅,System Load Increasing,Normal
234.2,5.82,1363.0,NORMAL,System Normal ✅,System Load Increasing,Normal
230.5,5.41,1247.0,NORMAL,System Normal ✅,Stable,Normal
236.4,5.62,1329.0,WARNING,High Voltage ⚠️,System Load Increasing,Normal
212.5,5.74,1220.0,NORMAL,System Normal ✅,Stable,Normal
211.8,5.46,1156.0,NORMAL,System Normal ✅,Stable,Normal
213.1,4.73,1008.0,NORMAL,System Normal ✅,Stable,Normal
235.7,4.28,1009.0,WARNING,High Voltage ⚠️,System Load Increasing,Normal
233.3,5.12,1194.0,NORMAL,System Normal ✅,System Load Increasing,Normal
238.2,5.44,1296.0,CRITICAL,High Voltage ⚠️,System Load Increasing,Normal
219.9,5.25,1154.0,NORMAL,System Normal ✅,Stable,Normal
214.1,5.01,1073.0,NORMAL,System Normal ✅,Stable,Normal
214.0,5.33,1141.0,NORMAL,System Normal ✅,Stable,Normal
234.7,5.83,1368.0,NORMAL,System Normal ✅,System Load Increasing,Normal
239.5,4.22,1011.0,CRITICAL,High Voltage ⚠️,System Load Increasing,Normal
223.2,5.74,1281.0,NORMAL,System Normal ✅,Stable,Normal
217.0,4.59,996.0,NORMAL,System Normal ✅,Stable,Normal
236.0,4.54,1071.0,WARNING,High Voltage ⚠️,System Load Increasing,Normal
237.7,4.14,984.0,WARNING,High Voltage ⚠️,System Load Increasing,Normal
230.2,5.77,1328.0,NORMAL,System Normal ✅,Stable,Normal
227.6,4.12,938.0,NORMAL,System Normal ✅,Stable,Normal
233.2,4.53,1056.0,NORMAL,System Normal ✅,System Load Increasing,Normal
215.9,5.09,1099.0,NORMAL,System Normal ✅,Stable,Normal
233.4,5.19,1211.0,NORMAL,System Normal ✅,System Load Increasing,Normal
212.8,5.31,1130.0,NORMAL,System Normal ✅,Stable,Normal
227.3,5.67,1289.0,NORMAL,System Normal ✅,Stable,Normal
215.1,5.91,1271.0,NORMAL,System Normal ✅,Stable,Normal
227.4,5.13,1167.0,NORMAL,System Normal ✅,Stable,Normal
239.2,5.3,1268.0,CRITICAL,High Voltage ⚠️,System Load Increasing,Normal
221.6,4.19,929.0,NORMAL,System Normal ✅,Stable,Normal
228.1,4.82,1099.0,NORMAL,System Normal ✅,Stable,Normal
227.3,5.96,1355.0,NORMAL,System Normal ✅,Stable,Normal
223.2,5.02,1120.0,NORMAL,System Normal ✅,Stable,Normal
218.8,5.04,1103.0,NORMAL,System Normal ✅,Stable,Normal
233.8,5.84,1365.0,NORMAL,System Normal ✅,System Load Increasing,Normal
230.7,5.44,1255.0,NORMAL,System Normal ✅,Stable,Normal
236.3,5.1,1205.0,WARNING,High Voltage ⚠️,System Load Increasing,Normal
232.5,5.84,1358.0,NORMAL,System Normal ✅,Stable,Normal
216.6,4.63,1003.0,NORMAL,System Normal ✅,Stable,Normal
221.7,5.73,1270.0,NORMAL,System Normal ✅,Stable,Normal
233.4,5.59,1305.0,NORMAL,System Normal ✅,System Load Increasing,Normal
221.5,4.9,1085.0,NORMAL,System Normal ✅,Stable,Normal
232.0,5.44,1262.0,NORMAL,System Normal ✅,System Load Increasing,Normal
220.6,5.14,1134.0,NORMAL,System Normal ✅,Stable,Normal
212.6,5.88,1250.0,NORMAL,System Normal ✅,Stable,Normal
211.6,5.7,1206.0,NORMAL,System Normal ✅,Stable,Normal
228.2,4.23,965.0,NORMAL,System Normal ✅,Stable,Normal
230.4,4.29,988.0,NORMAL,System Normal ✅,Stable,Normal
233.4,5.59,1305.0,NORMAL,System Normal ✅,System Load Increasing,Normal
225.0,5.86,1318.0,NORMAL,System Normal ✅,Stable,Normal
232.8,5.93,1381.0,NORMAL,System Normal ✅,System Load Increasing,Normal
234.1,4.77,1117.0,NORMAL,System Normal ✅,System Load Increasing,Normal
227.2,5.61,1275.0,NORMAL,System Normal ✅,Stable,Normal
239.6,4.08,978.0,CRITICAL,High Voltage ⚠️,System Load Increasing,Normal
235.0,5.27,1238.0,NORMAL,System Normal ✅,System Load Increasing,Normal
225.3,5.31,1196.0,NORMAL,System Normal ✅,Stable,Normal
226.6,4.22,956.0,NORMAL,System Normal ✅,Stable,Normal
237.9,5.96,1418.0,WARNING,High Voltage ⚠️,System Load Increasing,Normal
215.1,5.21,1121.0,NORMAL,System Normal ✅,Stable,Normal
224.0,5.58,1250.0,NORMAL,System Normal ✅,Stable,Normal
215.8,5.96,1286.0,NORMAL,System Normal ✅,Stable,Normal
234.7,5.5,1291.0,NORMAL,System Normal ✅,System Load Increasing,Normal
214.2,4.56,977.0,NORMAL,System Normal ✅,Stable,Normal
228.2,4.43,1011.0,NORMAL,System Normal ✅,Stable,Normal
222.3,5.39,1198.0,NORMAL,System Normal ✅,Stable,Normal
238.5,4.18,997.0,CRITICAL,High Voltage ⚠️,System Load Increasing,Normal
222.3,5.09,1132.0,NORMAL,System Normal ✅,Stable,Normal
227.4,5.44,1237.0,NORMAL,System Normal ✅,Stable,Normal
219.6,4.64,1019.0,NORMAL,System Normal ✅,Stable,Normal
227.6,4.51,1026.0,NORMAL,System Normal ✅,Stable,Normal
235.6,5.54,1305.0,WARNING,High Voltage ⚠️,System Load Increasing,Normal
238.3,4.05,965.0,CRITICAL,High Voltage ⚠️,System Load Increasing,Normal
212.9,5.07,1079.0,NORMAL,System Normal ✅,Stable,Normal
237.5,4.81,1142.0,WARNING,High Voltage ⚠️,System Load Increasing,Normal
228.8,4.22,966.0,NORMAL,System Normal ✅,Stable,Normal
221.9,5.57,1236.0,NORMAL,System Normal ✅,Stable,Normal
220.3,5.64,1242.0,NORMAL,System Normal ✅,Stable,Normal
210.8,4.25,896.0,NORMAL,System Normal ✅,Stable,Normal
238.9,5.36,1281.0,CRITICAL,High Voltage ⚠️,System Load Increasing,Normal
214.6,4.07,873.0,NORMAL,System Normal ✅,Stable,Normal
223.1,5.92,1321.0,NORMAL,System Normal ✅,Stable,Normal
230.4,5.81,1339.0,NORMAL,System Normal ✅,Stable,Normal
212.8,4.73,1007.0,NORMAL,System Normal ✅,Stable,Normal
232.8,5.09,1185.0,NORMAL,System Normal ✅,System Load Increasing,Normal
218.5,4.87,1064.0,NORMAL,System Normal ✅,Stable,Normal
215.1,5.14,1106.0,NORMAL,System Normal ✅,Stable,Normal
220.5,4.68,1032.0,NORMAL,System Normal ✅,Stable,Normal
221.0,5.12,1132.0,NORMAL,System Normal ✅,Stable,Normal
218.0,4.83,1053.0,NORMAL,System Normal ✅,Stable,Normal
211.7,4.05,857.0,NORMAL,System Normal ✅,Stable,Normal
232.7,4.7,1094.0,NORMAL,System Normal ✅,System Load Increasing,Normal
235.5,5.89,1387.0,WARNING,High Voltage ⚠️,System Load Increasing,Normal
212.0,4.4,933.0,NORMAL,System Normal ✅,Stable,Normal
226.5,5.39,1221.0,NORMAL,System Normal ✅,Stable,Normal
214.1,5.26,1126.0,NORMAL,System Normal ✅,Stable,Normal
234.9,5.07,1191.0,NORMAL,System Normal ✅,System Load Increasing,Normal
236.3,5.43,1283.0,WARNING,High Voltage ⚠️,System Load Increasing,Normal
219.6,4.31,946.0,NORMAL,System Normal ✅,Stable,Normal
235.3,5.0,1176.0,WARNING,High Voltage ⚠️,System Load Increasing,Normal
235.6,4.53,1067.0,WARNING,High Voltage ⚠️,System Load Increasing,Normal
211.2,4.39,927.0,NORMAL,System Normal ✅,Stable,Normal
239.7,4.87,1167.0,CRITICAL,High Voltage ⚠️,System Load Increasing,Normal
214.4,5.82,1248.0,NORMAL,System Normal ✅,Stable,Normal
215.2,4.77,1027.0,NORMAL,System Normal ✅,Stable,Normal
237.7,4.76,1131.0,WARNING,High Voltage ⚠️,System Load Increasing,Normal
221.1,4.48,991.0,NORMAL,System Normal ✅,Stable,Normal
217.6,4.37,951.0,NORMAL,System Normal ✅,Stable,Normal
228.2,5.33,1216.0,NORMAL,System Normal ✅,Stable,Normal
236.0,4.14,977.0,WARNING,High Voltage ⚠️,System Load Increasing,Normal
228.0,4.19,955.0,NORMAL,System Normal ✅,Stable,Normal
224.5,5.36,1203.0,NORMAL,System Normal ✅,Stable,Normal
237.6,5.74,1364.0,WARNING,High Voltage ⚠️,System Load Increasing,Normal
210.8,4.9,1033.0,NORMAL,System Normal ✅,Stable,Normal
224.5,5.57,1250.0,NORMAL,System Normal ✅,Stable,Normal
220.9,5.91,1306.0,NORMAL,System Normal ✅,Stable,Normal
233.7,5.22,1220.0,NORMAL,System Normal ✅,System Load Increasing,Normal
230.2,5.42,1248.0,NORMAL,System Normal ✅,Stable,Normal
222.3,5.9,1312.0,NORMAL,System Normal ✅,Stable,Normal
211.4,4.67,987.0,NORMAL,System Normal ✅,Stable,Normal
233.6,4.88,1140.0,NORMAL,System Normal ✅,System Load Increasing,Normal
219.3,5.85,1283.0,NORMAL,System Normal ✅,Stable,Normal
230.6,5.27,1215.0,NORMAL,System Normal ✅,System Load Increasing,Normal
211.6,5.91,1251.0,NORMAL,System Normal ✅,Stable,Normal
228.8,4.74,1085.0,NORMAL,System Normal ✅,Stable,Normal
219.9,5.73,1260.0,NORMAL,System Normal ✅,Stable,Normal
235.6,5.7,1343.0,WARNING,High Voltage ⚠️,System Load Increasing,Normal
220.3,4.04,890.0,NORMAL,System Normal ✅,Stable,Normal
225.3,5.65,1273.0,NORMAL,System Normal ✅,Stable,Normal
219.5,4.13,907.0,NORMAL,System Normal ✅,Stable,Normal
221.6,4.79,1061.0,NORMAL,System Normal ✅,Stable,Normal
225.2,5.2,1171.0,NORMAL,System Normal ✅,Stable,Normal
221.3,5.71,1264.0,NORMAL,System Normal ✅,Stable,Normal
218.3,5.62,1227.0,NORMAL,System Normal ✅,Stable,Normal
233.5,5.34,1247.0,NORMAL,System Normal ✅,System Load Increasing,Normal
210.6,5.16,1087.0,NORMAL,System Normal ✅,Stable,Normal
231.7,5.62,1302.0,NORMAL,System Normal ✅,System Load Increasing,Normal
229.0,4.02,921.0,NORMAL,System Normal ✅,System Load Increasing,Normal
223.9,4.6,1030.0,NORMAL,System Normal ✅,Stable,Normal
212.0,4.23,897.0,NORMAL,System Normal ✅,Stable,Normal
221.4,4.86,1076.0,NORMAL,System Normal ✅,Stable,Normal
238.6,4.97,1186.0,CRITICAL,High Voltage ⚠️,System Load Increasing,Normal
233.0,5.96,1389.0,NORMAL,System Normal ✅,System Load Increasing,Normal
232.4,5.5,1278.0,NORMAL,System Normal ✅,System Load Increasing,Normal
220.5,5.59,1233.0,NORMAL,System Normal ✅,Stable,Normal
219.2,4.5,986.0,NORMAL,System Normal ✅,Stable,Normal
213.0,4.0,852.0,NORMAL,System Normal ✅,Stable,Normal
218.8,4.74,1037.0,NORMAL,System Normal ✅,Stable,Normal
216.8,4.7,1019.0,NORMAL,System Normal ✅,Stable,Normal
224.7,4.46,1002.0,NORMAL,System Normal ✅,Stable,Normal
213.4,5.7,1216.0,NORMAL,System Normal ✅,Stable,Normal
235.8,4.72,1113.0,WARNING,High Voltage ⚠️,System Load Increasing,Normal
216.2,4.57,988.0,NORMAL,System Normal ✅,Stable,Normal
235.7,5.31,1252.0,WARNING,High Voltage ⚠️,System Load Increasing,Normal
214.7,4.01,861.0,NORMAL,System Normal ✅,Stable,Normal
232.6,5.33,1240.0,NORMAL,System Normal ✅,System Load Increasing,Normal
235.1,5.85,1375.0,WARNING,High Voltage ⚠️,System Load Increasing,Normal
232.9,5.96,1388.0,NORMAL,System Normal ✅,System Load Increasing,Normal
239.1,5.46,1305.0,CRITICAL,High Voltage ⚠️,System Load Increasing,Normal
223.9,5.6,1254.0,NORMAL,System Normal ✅,Stable,Normal
212.7,5.77,1227.0,NORMAL,System Normal ✅,Stable,Normal
232.5,4.24,986.0,NORMAL,System Normal ✅,System Load Increasing,Normal
220.2,5.07,1116.0,NORMAL,System Normal ✅,Stable,Normal
233.2,4.28,998.0,NORMAL,System Normal ✅,System Load Increasing,Normal
234.8,5.12,1202.0,NORMAL,System Normal ✅,System Load Increasing,Normal
218.4,5.49,1199.0,NORMAL,System Normal ✅,Stable,Normal
214.1,4.08,874.0,NORMAL,System Normal ✅,Stable,Normal
235.6,5.9,1390.0,WARNING,High Voltage ⚠️,System Load Increasing,Normal
224.5,5.85,1313.0,NORMAL,System Normal ✅,Stable,Normal
210.4,4.49,945.0,NORMAL,System Normal ✅,Stable,Normal
215.3,5.61,1208.0,NORMAL,System Normal ✅,Stable,Normal
219.8,5.73,1259.0,NORMAL,System Normal ✅,Stable,Normal
234.2,5.95,1393.0,NORMAL,System Normal ✅,System Load Increasing,Normal
210.6,4.25,895.0,NORMAL,System Normal ✅,Stable,Normal
219.3,5.26,1154.0,NORMAL,System Normal ✅,Stable,Normal
224.7,5.53,1243.0,NORMAL,System Normal ✅,Stable,Normal
230.7,5.75,1327.0,NORMAL,System Normal ✅,System Load Increasing,Normal
236.8,5.29,1253.0,WARNING,High Voltage ⚠️,System Load Increasing,Normal
216.4,5.2,1125.0,NORMAL,System Normal ✅,Stable,Normal
234.5,5.05,1184.0,NORMAL,System Normal ✅,System Load Increasing,Normal
214.8,4.82,1035.0,NORMAL,System Normal ✅,Stable,Normal
229.2,4.53,1038.0,NORMAL,System Normal ✅,System Load Increasing,Normal
222.4,5.24,1165.0,NORMAL,System Normal ✅,Stable,Normal
237.2,5.01,1188.0,WARNING,High Voltage ⚠️,System Load Increasing,Normal
213.5,4.19,895.0,NORMAL,System Normal ✅,Stable,Normal
237.0,4.97,1178.0,WARNING,High Voltage ⚠️,System Load Increasing,Normal
219.0,4.71,1031.0,NORMAL,System Normal ✅,Stable,Normal
223.9,5.8,1299.0,NORMAL,System Normal ✅,Stable,Normal
231.1,4.39,1015.0,NORMAL,System Normal ✅,System Load Increasing,Normal
217.6,4.98,1084.0,NORMAL,System Normal ✅,Stable,Normal
231.7,4.28,992.0,NORMAL,System Normal ✅,System Load Increasing,Normal
223.6,4.69,1049.0,NORMAL,System Normal ✅,Stable,Normal
234.8,4.76,1118.0,NORMAL,System Normal ✅,System Load Increasing,Normal
222.0,5.03,1117.0,NORMAL,System Normal ✅,Stable,Normal
228.1,5.73,1307.0,NORMAL,System Normal ✅,Stable,Normal
236.7,4.83,1143.0,WARNING,High Voltage ⚠️,System Load Increasing,Normal
210.4,4.4,926.0,NORMAL,System Normal ✅,Stable,Normal
228.2,5.09,1162.0,NORMAL,System Normal ✅,Stable,Normal
215.4,4.39,946.0,NORMAL,System Normal ✅,Stable,Normal
215.2,4.81,1035.0,NORMAL,System Normal ✅,Stable,Normal
217.4,5.34,1161.0,NORMAL,System Normal ✅,Stable,Normal
234.0,5.8,1357.0,NORMAL,System Normal ✅,System Load Increasing,Normal
214.2,5.51,1180.0,NORMAL,System Normal ✅,Stable,Normal
217.4,5.99,1302.0,NORMAL,System Normal ✅,Stable,Normal
214.4,4.52,969.0,NORMAL,System Normal ✅,Stable,Normal
239.4,4.38,1049.0,CRITICAL,High Voltage ⚠️,System Load Increasing,Normal
221.5,4.01,888.0,NORMAL,System Normal ✅,Stable,Normal
212.7,4.95,1053.0,NORMAL,System Normal ✅,Stable,Normal
232.6,4.55,1058.0,NORMAL,System Normal ✅,System Load Increasing,Normal
227.5,5.01,1140.0,NORMAL,System Normal ✅,Stable,Normal
210.9,4.9,1033.0,NORMAL,System Normal ✅,Stable,Normal
211.2,4.17,881.0,NORMAL,System Normal ✅,Stable,Normal
213.4,5.8,1238.0,NORMAL,System Normal ✅,Stable,Normal
221.8,4.1,909.0,NORMAL,System Normal ✅,Stable,Normal
233.7,5.34,1248.0,NORMAL,System Normal ✅,System Load Increasing,Normal
229.0,4.21,964.0,NORMAL,System Normal ✅,System Load Increasing,Normal
226.4,5.4,1223.0,NORMAL,System Normal ✅,Stable,Normal
227.4,5.96,1355.0,NORMAL,System Normal ✅,System Load Increasing,Normal
214.8,4.77,1025.0,NORMAL,System Normal ✅,Stable,Normal
220.0,5.34,1175.0,NORMAL,System Normal ✅,Stable,Normal
233.1,4.43,1033.0,NORMAL,System Normal ✅,System Load Increasing,Normal
239.1,4.61,1102.0,CRITICAL,High Voltage ⚠️,System Load Increasing,Normal
230.1,5.51,1268.0,NORMAL,System Normal ✅,System Load Increasing,Normal
238.6,4.88,1164.0,CRITICAL,High Voltage ⚠️,System Load Increasing,Normal
235.9,4.14,977.0,WARNING,High Voltage ⚠️,System Load Increasing,Normal
213.6,5.05,1079.0,NORMAL,System Normal ✅,Stable,Normal
219.9,4.41,970.0,NORMAL,System Normal ✅,Stable,Normal
216.3,4.7,1017.0,NORMAL,System Normal ✅,Stable,Normal
210.1,4.55,956.0,NORMAL,System Normal ✅,Stable,Normal
239.4,5.44,1302.0,CRITICAL,High Voltage ⚠️,System Load Increasing,Normal
212.5,4.83,1026.0,NORMAL,System Normal ✅,Stable,Normal
214.8,5.69,1222.0,NORMAL,System Normal ✅,Stable,Normal
232.1,5.15,1195.0,NORMAL,System Normal ✅,System Load Increasing,Normal
220.8,5.58,1232.0,NORMAL,System Normal ✅,Stable,Normal
230.9,5.76,1330.0,NORMAL,System Normal ✅,System Load Increasing,Normal
232.9,5.28,1230.0,NORMAL,System Normal ✅,System Load Increasing,Normal
213.7,4.79,1024.0,NORMAL,System Normal ✅,Stable,Normal
236.7,5.23,1238.0,WARNING,High Voltage ⚠️,System Load Increasing,Normal
226.1,4.34,981.0,NORMAL,System Normal ✅,Stable,Normal
214.7,5.95,1277.0,NORMAL,System Normal ✅,Stable,Normal
227.8,5.93,1351.0,NORMAL,System Normal ✅,Stable,Normal
213.4,4.85,1035.0,NORMAL,System Normal ✅,Stable,Normal
224.1,4.78,1071.0,NORMAL,System Normal ✅,Stable,Normal
217.2,4.09,888.0,NORMAL,System Normal ✅,Stable,Normal
214.3,4.13,885.0,NORMAL,System Normal ✅,Stable,Normal
230.9,5.65,1305.0,NORMAL,System Normal ✅,System Load Increasing,Normal
237.9,5.36,1275.0,WARNING,High Voltage ⚠️,System Load Increasing,Normal
218.0,4.52,985.0,NORMAL,System Normal ✅,Stable,Normal
210.0,4.87,1023.0,NORMAL,System Normal ✅,Stable,Normal
228.5,4.57,1044.0,NORMAL,System Normal ✅,System Load Increasing,Normal
220.2,4.95,1090.0,NORMAL,System Normal ✅,Stable,Normal
222.3,4.06,903.0,NORMAL,System Normal ✅,Stable,Normal
215.2,4.55,979.0,NORMAL,System Normal ✅,Stable,Normal
235.2,4.44,1044.0,WARNING,High Voltage ⚠️,System Load Increasing,Normal
237.7,5.49,1305.0,WARNING,High Voltage ⚠️,System Load Increasing,Normal
214.7,4.84,1039.0,NORMAL,System Normal ✅,Stable,Normal
224.8,4.72,1061.0,NORMAL,System Normal ✅,Stable,Normal
226.3,5.96,1349.0,NORMAL,System Normal ✅,Stable,Normal
210.8,4.34,915.0,NORMAL,System Normal ✅,Stable,Normal
223.2,4.89,1091.0,NORMAL,System Normal ✅,Stable,Normal
211.8,4.88,1034.0,NORMAL,System Normal ✅,Stable,Normal
219.2,4.7,1030.0,NORMAL,System Normal ✅,Stable,Normal
231.9,4.44,1030.0,NORMAL,System Normal ✅,System Load Increasing,Normal
222.6,4.64,1033.0,NORMAL,System Normal ✅,Stable,Normal
219.0,4.41,966.0,NORMAL,System Normal ✅,Stable,Normal
238.0,4.95,1178.0,WARNING,High Voltage ⚠️,System Load Increasing,Normal
223.9,4.17,934.0,NORMAL,System Normal ✅,Stable,Normal
214.4,5.06,1085.0,NORMAL,System Normal ✅,Stable,Normal
224.4,5.6,1257.0,NORMAL,System Normal ✅,Stable,Normal
226.6,4.05,918.0,NORMAL,System Normal ✅,Stable,Normal
219.9,5.45,1198.0,NORMAL,System Normal ✅,Stable,Normal
227.7,5.97,1359.0,NORMAL,System Normal ✅,Stable,Normal
228.8,4.56,1043.0,NORMAL,System Normal ✅,Stable,Normal
230.0,5.11,1175.0,NORMAL,System Normal ✅,System Load Increasing,Normal
233.0,5.2,1212.0,NORMAL,System Normal ✅,System Load Increasing,Normal
226.0,5.7,1288.0,NORMAL,System Normal ✅,Stable,Normal
216.1,4.53,979.0,NORMAL,System Normal ✅,Stable,Normal
227.2,4.23,961.0,NORMAL,System Normal ✅,Stable,Normal
228.6,4.47,1022.0,NORMAL,System Normal ✅,Stable,Normal
222.0,4.91,1090.0,NORMAL,System Normal ✅,Stable,Normal
231.4,6.0,1388.0,NORMAL,System Normal ✅,System Load Increasing,Normal
219.2,5.73,1256.0,NORMAL,System Normal ✅,Stable,Normal
221.7,5.32,1179.0,NORMAL,System Normal ✅,Stable,Normal
213.7,5.73,1225.0,NORMAL,System Normal ✅,Stable,Normal
219.5,5.1,1119.0,NORMAL,System Normal ✅,Stable,Normal
239.5,4.45,1066.0,CRITICAL,High Voltage ⚠️,Voltage Spike Risk,Anomaly 🚨
237.4,5.44,1291.0,WARNING,High Voltage ⚠️,System Load Increasing,Normal
214.1,5.48,1173.0,NORMAL,System Normal ✅,Stable,Normal
239.2,4.59,1098.0,CRITICAL,High Voltage ⚠️,System Load Increasing,Normal
223.5,4.66,1042.0,NORMAL,System Normal ✅,Stable,Normal
233.1,4.39,1023.0,NORMAL,System Normal ✅,System Load Increasing,Normal
230.7,5.19,1197.0,NORMAL,System Normal ✅,Stable,Normal
223.3,4.04,902.0,NORMAL,System Normal ✅,Stable,Normal
211.8,5.99,1269.0,NORMAL,System Normal ✅,Stable,Normal
216.7,4.63,1003.0,NORMAL,System Normal ✅,Stable,Normal
211.1,4.88,1030.0,NORMAL,System Normal ✅,Stable,Normal
239.4,5.35,1281.0,CRITICAL,High Voltage ⚠️,System Load Increasing,Normal
227.5,5.65,1285.0,NORMAL,System Normal ✅,Stable,Normal
236.9,5.23,1239.0,WARNING,High Voltage ⚠️,System Load Increasing,Normal
226.5,5.37,1216.0,NORMAL,System Normal ✅,Stable,Normal
218.1,5.55,1210.0,NORMAL,System Normal ✅,Stable,Normal
231.2,5.76,1332.0,NORMAL,System Normal ✅,System Load Increasing,Normal
236.3,5.8,1371.0,WARNING,High Voltage ⚠️,System Load Increasing,Normal
221.1,5.77,1276.0,NORMAL,System Normal ✅,Stable,Normal
233.6,4.96,1159.0,NORMAL,System Normal ✅,System Load Increasing,Normal
212.1,5.39,1143.0,NORMAL,System Normal ✅,Stable,Normal
234.4,4.76,1116.0,NORMAL,System Normal ✅,System Load Increasing,Normal
233.2,4.65,1084.0,NORMAL,System Normal ✅,System Load Increasing,Normal
230.6,5.77,1331.0,NORMAL,System Normal ✅,Stable,Normal
221.5,5.79,1282.0,NORMAL,System Normal ✅,Stable,Normal
221.9,4.71,1045.0,NORMAL,System Normal ✅,Stable,Normal
231.3,5.31,1228.0,NORMAL,System Normal ✅,System Load Increasing,Normal
233.2,5.66,1320.0,NORMAL,System Normal ✅,System Load Increasing,Normal
210.2,5.55,1167.0,NORMAL,System Normal ✅,Stable,Normal
214.3,5.79,1241.0,NORMAL,System Normal ✅,Stable,Normal
214.3,5.81,1245.0,NORMAL,System Normal ✅,Stable,Normal
224.8,5.52,1241.0,NORMAL,System Normal ✅,Stable,Normal
219.9,5.95,1308.0,NORMAL,System Normal ✅,Stable,Normal
228.7,4.99,1141.0,NORMAL,System Normal ✅,Stable,Normal
235.7,4.57,1077.0,WARNING,High Voltage ⚠️,System Load Increasing,Normal
230.2,5.16,1188.0,NORMAL,System Normal ✅,Stable,Normal
225.0,4.55,1024.0,NORMAL,System Normal ✅,Stable,Normal
218.3,5.16,1126.0,NORMAL,System Normal ✅,Stable,Normal
228.6,4.48,1024.0,NORMAL,System Normal ✅,Stable,Normal
219.7,5.25,1153.0,NORMAL,System Normal ✅,Stable,Normal
222.8,5.1,1136.0,NORMAL,System Normal ✅,Stable,Normal
212.4,4.81,1022.0,NORMAL,System Normal ✅,Stable,Normal
228.5,5.49,1254.0,NORMAL,System Normal ✅,Stable,Normal
238.7,5.9,1408.0,CRITICAL,High Voltage ⚠️,System Load Increasing,Normal
230.6,4.5,1038.0,NORMAL,System Normal ✅,System Load Increasing,Normal
210.5,4.97,1046.0,NORMAL,System Normal ✅,Stable,Normal
237.2,5.87,1392.0,WARNING,High Voltage ⚠️,System Load Increasing,Normal
221.9,5.87,1303.0,NORMAL,System Normal ✅,Stable,Normal
230.7,5.46,1260.0,NORMAL,System Normal ✅,System Load Increasing,Normal
237.5,4.18,993.0,WARNING,High Voltage ⚠️,System Load Increasing,Normal
212.0,4.46,946.0,NORMAL,System Normal ✅,Stable,Normal
211.6,4.74,1003.0,NORMAL,System Normal ✅,Stable,Normal
228.7,4.17,954.0,NORMAL,System Normal ✅,Stable,Normal
223.4,5.91,1320.0,NORMAL,System Normal ✅,Stable,Normal
221.8,5.2,1153.0,NORMAL,System Normal ✅,Stable,Normal
218.9,5.48,1200.0,NORMAL,System Normal ✅,Stable,Normal
235.2,5.63,1324.0,WARNING,High Voltage ⚠️,System Load Increasing,Normal
231.5,4.9,1134.0,NORMAL,System Normal ✅,System Load Increasing,Normal
219.0,5.31,1163.0,NORMAL,System Normal ✅,Stable,Normal
230.0,4.1,943.0,NORMAL,System Normal ✅,Stable,Normal
239.5,4.39,1051.0,CRITICAL,High Voltage ⚠️,System Load Increasing,Normal
219.2,5.88,1289.0,NORMAL,System Normal ✅,Stable,Normal
221.8,4.72,1047.0,NORMAL,System Normal ✅,Stable,Normal
230.1,5.73,1318.0,NORMAL,System Normal ✅,Stable,Normal
237.6,4.29,1019.0,WARNING,High Voltage ⚠️,System Load Increasing,Normal
222.0,4.22,937.0,NORMAL,System Normal ✅,Stable,Normal
222.1,4.56,1013.0,NORMAL,System Normal ✅,Stable,Normal
225.5,5.15,1161.0,NORMAL,System Normal ✅,Stable,Normal
238.2,5.85,1393.0,CRITICAL,High Voltage ⚠️,System Load Increasing,Normal
217.9,4.66,1015.0,NORMAL,System Normal ✅,Stable,Normal
220.9,5.74,1268.0,NORMAL,System Normal ✅,Stable,Normal
213.9,5.19,1110.0,NORMAL,System Normal ✅,Stable,Normal
231.5,4.37,1012.0,NORMAL,System Normal ✅,System Load Increasing,Normal
222.5,4.67,1039.0,NORMAL,System Normal ✅,Stable,Normal
229.2,5.6,1284.0,NORMAL,System Normal ✅,Stable,Normal
217.0,5.92,1285.0,NORMAL,System Normal ✅,Stable,Normal
230.0,4.18,961.0,NORMAL,System Normal ✅,Stable,Normal
239.3,4.38,1048.0,CRITICAL,High Voltage ⚠️,System Load Increasing,Normal
214.8,4.19,900.0,NORMAL,System Normal ✅,Stable,Normal
231.0,5.48,1266.0,NORMAL,System Normal ✅,Stable,Normal
235.8,5.08,1198.0,WARNING,High Voltage ⚠️,System Load Increasing,Normal
222.2,5.06,1124.0,NORMAL,System Normal ✅,Stable,Normal
210.4,5.98,1258.0,NORMAL,System Normal ✅,Stable,Normal
218.6,5.1,1115.0,NORMAL,System Normal ✅,Stable,Normal
222.5,4.38,975.0,NORMAL,System Normal ✅,Stable,Normal
230.0,4.06,934.0,NORMAL,System Normal ✅,System Load Increasing,Normal
219.5,5.13,1126.0,NORMAL,System Normal ✅,Stable,Normal
211.8,4.03,854.0,NORMAL,System Normal ✅,Stable,Normal
217.9,4.83,1052.0,NORMAL,System Normal ✅,Stable,Normal
236.2,5.32,1257.0,WARNING,High Voltage ⚠️,System Load Increasing,Normal
224.5,4.53,1017.0,NORMAL,System Normal ✅,Stable,Normal
219.7,5.72,1257.0,NORMAL,System Normal ✅,Stable,Normal
235.6,5.7,1343.0,WARNING,High Voltage ⚠️,System Load Increasing,Normal
235.8,4.12,971.0,WARNING,High Voltage ⚠️,System Load Increasing,Normal
238.1,4.64,1105.0,CRITICAL,High Voltage ⚠️,System Load Increasing,Normal
233.8,4.2,982.0,NORMAL,System Normal ✅,System Load Increasing,Normal
226.4,5.99,1356.0,NORMAL,System Normal ✅,Stable,Normal
227.0,5.16,1171.0,NORMAL,System Normal ✅,Stable,Normal
212.8,5.05,1075.0,NORMAL,System Normal ✅,Stable,Normal
221.5,4.99,1105.0,NORMAL,System Normal ✅,Stable,Normal
227.4,4.98,1132.0,NORMAL,System Normal ✅,Stable,Normal
239.9,4.27,1024.0,CRITICAL,High Voltage ⚠️,System Load Increasing,Normal
214.3,4.01,859.0,NORMAL,System Normal ✅,Stable,Normal
232.9,5.01,1167.0,NORMAL,System Normal ✅,System Load Increasing,Normal
238.4,4.78,1140.0,CRITICAL,High Voltage ⚠️,System Load Increasing,Normal
233.5,4.92,1149.0,NORMAL,System Normal ✅,System Load Increasing,Normal
235.9,5.62,1326.0,WARNING,High Voltage ⚠️,System Load Increasing,Normal
224.1,5.84,1309.0,NORMAL,System Normal ✅,Stable,Normal
228.0,4.12,939.0,NORMAL,System Normal ✅,Stable,Normal
216.3,5.07,1097.0,NORMAL,System Normal ✅,Stable,Normal
239.4,5.35,1281.0,CRITICAL,High Voltage ⚠️,System Load Increasing,Normal
228.4,5.32,1215.0,NORMAL,System Normal ✅,Stable,Normal
227.0,5.19,1178.0,NORMAL,System Normal ✅,Stable,Normal
212.9,4.52,962.0,NORMAL,System Normal ✅,Stable,Normal
230.5,4.07,938.0,NORMAL,System Normal ✅,Stable,Normal
212.2,5.62,1193.0,NORMAL,System Normal ✅,Stable,Normal
215.7,5.39,1163.0,NORMAL,System Normal ✅,Stable,Normal
219.9,4.44,976.0,NORMAL,System Normal ✅,Stable,Normal
225.8,4.97,1122.0,NORMAL,System Normal ✅,Stable,Normal
239.7,4.87,1167.0,CRITICAL,High Voltage ⚠️,System Load Increasing,Normal
236.5,5.2,1230.0,WARNING,High Voltage ⚠️,System Load Increasing,Normal
235.2,5.82,1369.0,WARNING,High Voltage ⚠️,System Load Increasing,Normal
236.6,5.09,1204.0,WARNING,High Voltage ⚠️,System Load Increasing,Normal
213.5,4.03,860.0,NORMAL,System Normal ✅,Stable,Normal
211.9,5.35,1134.0,NORMAL,System Normal ✅,Stable,Normal
211.3,5.59,1181.0,NORMAL,System Normal ✅,Stable,Normal
236.1,4.89,1155.0,WARNING,High Voltage ⚠️,System Load Increasing,Normal
219.7,4.12,905.0,NORMAL,System Normal ✅,Stable,Normal
215.8,4.74,1023.0,NORMAL,System Normal ✅,Stable,Normal
219.0,5.17,1132.0,NORMAL,System Normal ✅,Stable,Normal
218.5,4.67,1020.0,NORMAL,System Normal ✅,Stable,Normal
213.6,5.49,1173.0,NORMAL,System Normal ✅,Stable,Normal
216.9,5.67,1230.0,NORMAL,System Normal ✅,Stable,Normal
212.4,5.71,1213.0,NORMAL,System Normal ✅,Stable,Normal
237.8,5.91,1405.0,WARNING,High Voltage ⚠️,System Load Increasing,Normal
222.9,4.74,1057.0,NORMAL,System Normal ✅,Stable,Normal
238.5,5.67,1352.0,CRITICAL,High Voltage ⚠️,System Load Increasing,Normal
225.2,4.34,977.0,NORMAL,System Normal ✅,Stable,Normal
227.8,4.74,1080.0,NORMAL,System Normal ✅,Stable,Normal
237.8,4.67,1111.0,WARNING,High Voltage ⚠️,System Load Increasing,Normal
215.1,5.52,1187.0,NORMAL,System Normal ✅,Stable,Normal
217.9,5.28,1151.0,NORMAL,System Normal ✅,Stable,Normal
237.1,5.8,1375.0,WARNING,High Voltage ⚠️,System Load Increasing,Normal
217.3,5.3,1152.0,NORMAL,System Normal ✅,Stable,Normal
211.9,5.29,1121.0,NORMAL,System Normal ✅,Stable,Normal
231.3,5.28,1221.0,NORMAL,System Normal ✅,System Load Increasing,Normal
234.7,5.29,1242.0,NORMAL,System Normal ✅,System Load Increasing,Normal
230.0,5.85,1346.0,NORMAL,System Normal ✅,System Load Increasing,Normal
232.0,4.85,1125.0,NORMAL,System Normal ✅,System Load Increasing,Normal
236.5,5.99,1417.0,WARNING,High Voltage ⚠️,System Load Increasing,Normal
220.4,4.68,1031.0,NORMAL,System Normal ✅,Stable,Normal
213.8,5.69,1217.0,NORMAL,System Normal ✅,Stable,Normal
212.2,5.67,1203.0,NORMAL,System Normal ✅,Stable,Normal
234.7,4.12,967.0,NORMAL,System Normal ✅,System Load Increasing,Normal
231.5,4.12,954.0,NORMAL,System Normal ✅,System Load Increasing,Normal
214.2,4.9,1050.0,NORMAL,System Normal ✅,Stable,Normal
230.7,4.84,1117.0,NORMAL,System Normal ✅,System Load Increasing,Normal
232.7,4.01,933.0,NORMAL,System Normal ✅,System Load Increasing,Normal
230.3,5.24,1207.0,NORMAL,System Normal ✅,Stable,Normal
221.4,4.32,956.0,NORMAL,System Normal ✅,Stable,Normal
227.0,4.14,940.0,NORMAL,System Normal ✅,Stable,Normal
229.0,4.09,937.0,NORMAL,System Normal ✅,Stable,Normal
214.2,5.74,1230.0,NORMAL,System Normal ✅,Stable,Normal
220.9,5.44,1202.0,NORMAL,System Normal ✅,Stable,Normal
230.6,5.12,1181.0,NORMAL,System Normal ✅,Stable,Normal
216.3,4.74,1025.0,NORMAL,System Normal ✅,Stable,Normal
229.4,4.3,986.0,NORMAL,System Normal ✅,Stable,Normal
230.8,5.27,1216.0,NORMAL,System Normal ✅,System Load Increasing,Normal
238.7,5.88,1404.0,CRITICAL,High Voltage ⚠️,System Load Increasing,Normal
226.5,5.78,1309.0,NORMAL,System Normal ✅,Stable,Normal
222.0,4.45,988.0,NORMAL,System Normal ✅,Stable,Normal
235.5,5.85,1378.0,WARNING,High Voltage ⚠️,System Load Increasing,Normal
212.2,4.29,910.0,NORMAL,System Normal ✅,Stable,Normal
216.9,4.24,920.0,NORMAL,System Normal ✅,Stable,Normal
213.0,4.59,978.0,NORMAL,System Normal ✅,Stable,Normal
221.0,5.2,1149.0,NORMAL,System Normal ✅,Stable,Normal
228.8,4.4,1007.0,NORMAL,System Normal ✅,Stable,Normal
218.4,4.28,935.0,NORMAL,System Normal ✅,Stable,Normal
234.1,5.41,1266.0,NORMAL,System Normal ✅,System Load Increasing,Normal
215.3,5.66,1219.0,NORMAL,System Normal ✅,Stable,Normal
228.3,4.51,1030.0,NORMAL,System Normal ✅,Stable,Normal
216.8,4.69,1017.0,NORMAL,System Normal ✅,Stable,Normal
232.7,4.01,933.0,NORMAL,System Normal ✅,System Load Increasing,Normal
216.9,4.45,965.0,NORMAL,System Normal ✅,Stable,Normal
218.5,5.63,1230.0,NORMAL,System Normal ✅,Stable,Normal
232.7,4.32,1005.0,NORMAL,System Normal ✅,System Load Increasing,Normal
218.6,4.06,888.0,NORMAL,System Normal ✅,Stable,Normal
235.9,4.06,958.0,WARNING,High Voltage ⚠️,System Load Increasing,Normal
223.1,5.34,1191.0,NORMAL,System Normal ✅,Stable,Normal
218.8,4.59,1004.0,NORMAL,System Normal ✅,Stable,Normal
234.7,4.94,1159.0,NORMAL,System Normal ✅,System Load Increasing,Normal
227.8,4.49,1023.0,NORMAL,System Normal ✅,Stable,Normal
223.0,5.54,1235.0,NORMAL,System Normal ✅,Stable,Normal
215.4,5.66,1219.0,NORMAL,System Normal ✅,Stable,Normal
222.0,5.85,1299.0,NORMAL,System Normal ✅,Stable,Normal
228.5,5.89,1346.0,NORMAL,System Normal ✅,Stable,Normal
216.6,5.4,1170.0,NORMAL,System Normal ✅,Stable,Normal
226.3,4.45,1007.0,NORMAL,System Normal ✅,Stable,Normal
210.5,4.38,922.0,NORMAL,System Normal ✅,Stable,Normal
216.3,5.26,1138.0,NORMAL,System Normal ✅,Stable,Normal
218.5,4.28,935.0,NORMAL,System Normal ✅,Stable,Normal
237.6,5.65,1342.0,WARNING,High Voltage ⚠️,System Load Increasing,Normal
227.1,4.14,940.0,NORMAL,System Normal ✅,Stable,Normal
212.0,5.78,1225.0,NORMAL,System Normal ✅,Stable,Normal
211.5,4.41,933.0,NORMAL,System Normal ✅,Stable,Normal
226.5,5.63,1275.0,NORMAL,System Normal ✅,Stable,Normal
224.9,4.98,1120.0,NORMAL,System Normal ✅,Stable,Normal
230.3,5.24,1207.0,NORMAL,System Normal ✅,System Load Increasing,Normal
231.7,5.2,1205.0,NORMAL,System Normal ✅,System Load Increasing,Normal
220.6,5.44,1200.0,NORMAL,System Normal ✅,Stable,Normal
230.0,5.61,1290.0,NORMAL,System Normal ✅,System Load Increasing,Normal
218.3,4.48,978.0,NORMAL,System Normal ✅,Stable,Normal
235.8,4.27,1007.0,WARNING,High Voltage ⚠️,System Load Increasing,Normal
234.2,5.75,1347.0,NORMAL,System Normal ✅,System Load Increasing,Normal
222.7,4.31,960.0,NORMAL,System Normal ✅,Stable,Normal
215.7,5.09,1098.0,NORMAL,System Normal ✅,Stable,Normal
231.6,4.63,1072.0,NORMAL,System Normal ✅,System Load Increasing,Normal
238.6,5.55,1324.0,CRITICAL,High Voltage ⚠️,System Load Increasing,Normal
212.0,4.37,926.0,NORMAL,System Normal ✅,Stable,Normal
236.3,4.93,1165.0,WARNING,High Voltage ⚠️,System Load Increasing,Normal
212.7,4.49,955.0,NORMAL,System Normal ✅,Stable,Normal
213.1,4.73,1008.0,NORMAL,System Normal ✅,Stable,Normal
218.8,4.15,908.0,NORMAL,System Normal ✅,Stable,Normal
213.3,4.8,1024.0,NORMAL,System Normal ✅,Stable,Normal
215.2,4.02,865.0,NORMAL,System Normal ✅,Stable,Normal
222.8,5.81,1294.0,NORMAL,System Normal ✅,Stable,Normal
229.1,5.92,1356.0,NORMAL,System Normal ✅,Stable,Normal
228.0,4.55,1037.0,NORMAL,System Normal ✅,Stable,Normal
214.8,5.28,1134.0,NORMAL,System Normal ✅,Stable,Normal
233.1,4.89,1140.0,NORMAL,System Normal ✅,System Load Increasing,Normal
224.0,4.36,977.0,NORMAL,System Normal ✅,Stable,Normal
217.3,4.4,956.0,NORMAL,System Normal ✅,Stable,Normal
213.7,5.02,1073.0,NORMAL,System Normal ✅,Stable,Normal
219.9,4.2,924.0,NORMAL,System Normal ✅,Stable,Normal
238.0,5.99,1426.0,WARNING,High Voltage ⚠️,System Load Increasing,Normal
231.0,4.33,1000.0,NORMAL,System Normal ✅,System Load Increasing,Normal
233.2,5.81,1355.0,NORMAL,System Normal ✅,System Load Increasing,Normal
212.9,5.39,1148.0,NORMAL,System Normal ✅,Stable,Normal
230.0,5.48,1260.0,NORMAL,System Normal ✅,System Load Increasing,Normal
230.0,4.21,968.0,NORMAL,System Normal ✅,System Load Increasing,Normal
210.5,5.44,1145.0,NORMAL,System Normal ✅,Stable,Normal
212.1,4.14,878.0,NORMAL,System Normal ✅,Stable,Normal
216.4,5.63,1218.0,NORMAL,System Normal ✅,Stable,Normal
220.1,5.31,1169.0,NORMAL,System Normal ✅,Stable,Normal
233.3,4.53,1057.0,NORMAL,System Normal ✅,System Load Increasing,Normal
210.6,5.87,1236.0,NORMAL,System Normal ✅,Stable,Normal
223.3,4.29,958.0,NORMAL,System Normal ✅,Stable,Normal
237.6,5.58,1326.0,WARNING,High Voltage ⚠️,System Load Increasing,Normal
230.7,5.09,1174.0,NORMAL,System Normal ✅,System Load Increasing,Normal
215.2,4.28,921.0,NORMAL,System Normal ✅,Stable,Normal
217.4,4.24,922.0,NORMAL,System Normal ✅,Stable,Normal
217.6,5.1,1110.0,NORMAL,System Normal ✅,Stable,Normal
215.1,5.91,1271.0,NORMAL,System Normal ✅,Stable,Normal
231.1,4.08,943.0,NORMAL,System Normal ✅,System Load Increasing,Normal
218.9,5.32,1165.0,NORMAL,System Normal ✅,Stable,Normal
216.2,4.32,934.0,NORMAL,System Normal ✅,Stable,Normal
226.2,5.84,1321.0,NORMAL,System Normal ✅,Stable,Normal
219.8,5.86,1288.0,NORMAL,System Normal ✅,Stable,Normal
239.6,5.86,1404.0,CRITICAL,High Voltage ⚠️,System Load Increasing,Normal
239.7,4.89,1172.0,CRITICAL,High Voltage ⚠️,System Load Increasing,Normal
231.8,5.15,1194.0,NORMAL,System Normal ✅,System Load Increasing,Normal
225.1,5.58,1256.0,NORMAL,System Normal ✅,Stable,Normal
213.3,5.31,1133.0,NORMAL,System Normal ✅,Stable,Normal
237.7,4.52,1074.0,WARNING,High Voltage ⚠️,System Load Increasing,Normal
232.2,5.3,1231.0,NORMAL,System Normal ✅,System Load Increasing,Normal
237.7,4.39,1044.0,WARNING,High Voltage ⚠️,System Load Increasing,Normal
233.8,4.39,1026.0,NORMAL,System Normal ✅,Collecting Data,Normal
222.4,4.65,1034.0,NORMAL,System Normal ✅,Collecting Data,Normal
237.4,4.32,1026.0,WARNING,High Voltage ⚠️,Collecting Data,Normal
227.0,4.77,1083.0,NORMAL,System Normal ✅,Collecting Data,Normal
232.9,4.82,1123.0,NORMAL,System Normal ✅,Stable,Normal
233.6,4.26,995.0,NORMAL,System Normal ✅,Stable,Normal
233.9,4.47,1046.0,NORMAL,System Normal ✅,Stable,Normal
219.1,4.99,1093.0,NORMAL,System Normal ✅,Collecting Data,Normal
220.3,5.03,1108.0,NORMAL,System Normal ✅,Collecting Data,Normal
232.1,4.02,933.0,NORMAL,System Normal ✅,Collecting Data,Normal
233.5,5.93,1385.0,NORMAL,System Normal ✅,Collecting Data,Normal
231.0,4.72,1090.0,NORMAL,System Normal ✅,Collecting Data,Normal
219.1,5.78,1266.0,NORMAL,System Normal ✅,Collecting Data,Normal
216.6,5.98,1295.0,NORMAL,System Normal ✅,Stable,Normal
224.8,5.77,1297.0,NORMAL,System Normal ✅,Stable,Normal
216.1,4.95,1070.0,NORMAL,System Normal ✅,Stable,Normal
215.7,5.85,1262.0,NORMAL,System Normal ✅,Stable,Normal
226.0,5.51,1245.0,NORMAL,System Normal ✅,Stable,Normal
236.8,4.82,1141.0,WARNING,High Voltage ⚠️,System Load Increasing,Normal
226.5,4.77,1080.0,NORMAL,System Normal ✅,Stable,Normal
219.5,5.97,1310.0,NORMAL,System Normal ✅,Stable,Normal
230.2,5.16,1188.0,NORMAL,System Normal ✅,Stable,Normal
220.8,5.36,1183.0,NORMAL,System Normal ✅,Stable,Normal
213.2,5.32,1134.0,NORMAL,System Normal ✅,Stable,Normal
222.8,4.62,1029.0,NORMAL,System Normal ✅,Stable,Normal
236.2,5.94,1403.0,WARNING,High Voltage ⚠️,System Load Increasing,Normal
228.0,4.87,1110.0,NORMAL,System Normal ✅,Stable,Normal
225.4,5.96,1343.0,NORMAL,System Normal ✅,Stable,Normal
226.2,5.55,1255.0,NORMAL,System Normal ✅,Stable,Normal
213.2,6.0,1279.0,NORMAL,System Normal ✅,Stable,Normal
222.5,5.71,1270.0,NORMAL,System Normal ✅,Stable,Normal
221.8,4.04,896.0,NORMAL,System Normal ✅,Stable,Normal
217.7,4.03,877.0,NORMAL,System Normal ✅,Stable,Normal
222.5,4.61,1026.0,NORMAL,System Normal ✅,Stable,Normal
239.0,4.82,1152.0,CRITICAL,High Voltage ⚠️,Voltage Spike Risk,Anomaly 🚨
232.5,4.7,1093.0,NORMAL,System Normal ✅,System Load Increasing,Normal
214.8,4.24,911.0,NORMAL,System Normal ✅,Stable,Normal
224.1,5.9,1322.0,NORMAL,System Normal ✅,Stable,Normal
232.1,4.98,1156.0,NORMAL,System Normal ✅,System Load Increasing,Normal
212.7,5.31,1129.0,NORMAL,System Normal ✅,Stable,Normal
215.9,4.78,1032.0,NORMAL,System Normal ✅,Stable,Normal
218.0,4.25,926.0,NORMAL,System Normal ✅,Stable,Normal
234.2,4.13,967.0,NORMAL,System Normal ✅,System Load Increasing,Normal
233.8,4.82,1127.0,NORMAL,System Normal ✅,System Load Increasing,Normal
220.2,4.08,898.0,NORMAL,System Normal ✅,Stable,Normal
232.2,4.86,1128.0,NORMAL,System Normal ✅,System Load Increasing,Normal
228.8,5.51,1261.0,NORMAL,System Normal ✅,Stable,Normal
228.8,5.66,1295.0,NORMAL,System Normal ✅,Stable,Normal
238.0,5.39,1283.0,WARNING,High Voltage ⚠️,System Load Increasing,Normal
231.9,5.67,1315.0,NORMAL,System Normal ✅,System Load Increasing,Normal
226.4,4.79,1084.0,NORMAL,System Normal ✅,Stable,Normal
212.7,4.62,983.0,NORMAL,System Normal ✅,Stable,Normal
229.7,5.69,1307.0,NORMAL,System Normal ✅,Stable,Normal
227.5,4.12,937.0,NORMAL,System Normal ✅,Stable,Normal
216.6,5.48,1187.0,NORMAL,System Normal ✅,Stable,Normal
213.4,5.58,1191.0,NORMAL,System Normal ✅,Stable,Normal
228.1,5.32,1213.0,NORMAL,System Normal ✅,Stable,Normal
234.8,5.73,1345.0,NORMAL,System Normal ✅,System Load Increasing,Normal
236.3,4.48,1059.0,WARNING,High Voltage ⚠️,System Load Increasing,Normal
213.7,4.74,1013.0,NORMAL,System Normal ✅,Stable,Normal
232.1,4.59,1065.0,NORMAL,System Normal ✅,System Load Increasing,Normal
229.0,5.67,1298.0,NORMAL,System Normal ✅,Stable,Normal
216.6,4.76,1031.0,NORMAL,System Normal ✅,Stable,Normal
231.1,4.97,1149.0,NORMAL,System Normal ✅,Stable,Normal
230.1,5.92,1362.0,NORMAL,System Normal ✅,Stable,Normal
235.7,4.84,1141.0,WARNING,High Voltage ⚠️,System Load Increasing,Normal
212.3,4.14,879.0,NORMAL,System Normal ✅,Stable,Normal
213.3,5.21,1111.0,NORMAL,System Normal ✅,Stable,Normal
225.1,5.99,1348.0,NORMAL,System Normal ✅,Stable,Normal
236.9,5.69,1348.0,WARNING,High Voltage ⚠️,System Load Increasing,Normal
236.3,4.74,1120.0,WARNING,High Voltage ⚠️,System Load Increasing,Normal
237.0,5.66,1341.0,WARNING,High Voltage ⚠️,System Load Increasing,Normal
225.7,5.16,1165.0,NORMAL,System Normal ✅,Stable,Normal
223.0,5.49,1224.0,NORMAL,System Normal ✅,Stable,Normal
231.3,4.43,1025.0,NORMAL,System Normal ✅,Collecting Data,Normal
232.8,5.15,1199.0,NORMAL,System Normal ✅,Collecting Data,Normal
220.9,4.17,921.0,NORMAL,System Normal ✅,Collecting Data,Normal
224.5,5.24,1176.0,NORMAL,System Normal ✅,Collecting Data,Normal
215.1,4.42,951.0,NORMAL,System Normal ✅,Stable,Normal
216.3,4.48,969.0,NORMAL,System Normal ✅,Stable,Normal
221.8,4.07,903.0,NORMAL,System Normal ✅,Stable,Normal
218.1,5.04,1099.0,NORMAL,System Normal ✅,Stable,Normal
231.9,4.88,1132.0,NORMAL,System Normal ✅,System Load Increasing,Normal
224.4,4.01,900.0,NORMAL,System Normal ✅,Stable,Normal
235.9,4.7,1109.0,WARNING,High Voltage ⚠️,System Load Increasing,Normal
232.6,5.74,1335.0,NORMAL,System Normal ✅,System Load Increasing,Normal
213.2,4.3,917.0,NORMAL,System Normal ✅,Stable,Normal
223.8,5.28,1182.0,NORMAL,System Normal ✅,Stable,Normal
229.2,4.68,1073.0,NORMAL,System Normal ✅,Stable,Normal
222.4,5.69,1265.0,NORMAL,System Normal ✅,Stable,Normal
221.0,5.58,1233.0,NORMAL,System Normal ✅,Stable,Normal
222.5,4.33,963.0,NORMAL,System Normal ✅,Stable,Normal
214.3,5.72,1226.0,NORMAL,System Normal ✅,Stable,Normal
216.8,5.44,1179.0,NORMAL,System Normal ✅,Stable,Normal
235.7,4.62,1089.0,WARNING,High Voltage ⚠️,System Load Increasing,Normal
215.4,4.6,991.0,NORMAL,System Normal ✅,Stable,Normal
224.5,4.6,1033.0,NORMAL,System Normal ✅,Stable,Normal
214.0,5.58,1194.0,NORMAL,System Normal ✅,Stable,Normal
232.8,5.06,1178.0,NORMAL,System Normal ✅,System Load Increasing,Normal
221.6,4.7,1042.0,NORMAL,System Normal ✅,Stable,Normal
219.4,5.13,1126.0,NORMAL,System Normal ✅,Stable,Normal
232.8,4.78,1113.0,NORMAL,System Normal ✅,System Load Increasing,Normal
234.2,4.7,1101.0,NORMAL,System Normal ✅,System Load Increasing,Normal
225.1,4.76,1071.0,NORMAL,System Normal ✅,Stable,Normal
235.0,4.64,1090.0,NORMAL,System Normal ✅,System Load Increasing,Normal
225.7,5.59,1262.0,NORMAL,System Normal ✅,Stable,Normal
213.6,4.71,1006.0,NORMAL,System Normal ✅,Stable,Normal
228.9,5.2,1190.0,NORMAL,System Normal ✅,Stable,Normal
218.3,4.28,934.0,NORMAL,System Normal ✅,Stable,Normal
224.4,4.86,1091.0,NORMAL,System Normal ✅,Stable,Normal
212.2,4.46,946.0,NORMAL,System Normal ✅,Stable,Normal
232.0,5.15,1195.0,NORMAL,System Normal ✅,System Load Increasing,Normal
215.4,4.33,933.0,NORMAL,System Normal ✅,Stable,Normal
212.1,4.66,988.0,NORMAL,System Normal ✅,Stable,Normal
223.6,5.91,1321.0,NORMAL,System Normal ✅,Stable,Normal
226.4,5.27,1193.0,NORMAL,System Normal ✅,Stable,Normal
236.7,5.54,1311.0,WARNING,High Voltage ⚠️,System Load Increasing,Normal
220.2,5.17,1138.0,NORMAL,System Normal ✅,Stable,Normal
223.8,5.09,1139.0,NORMAL,System Normal ✅,Stable,Normal
216.6,4.85,1051.0,NORMAL,System Normal ✅,Stable,Normal
212.2,5.29,1123.0,NORMAL,System Normal ✅,Stable,Normal
216.2,5.49,1187.0,NORMAL,System Normal ✅,Stable,Normal
234.7,4.23,993.0,NORMAL,System Normal ✅,System Load Increasing,Normal
225.0,4.88,1098.0,NORMAL,System Normal ✅,Stable,Normal
216.3,4.68,1012.0,NORMAL,System Normal ✅,Stable,Normal
235.2,4.9,1152.0,WARNING,High Voltage ⚠️,Collecting Data,Normal
226.7,5.23,1186.0,NORMAL,System Normal ✅,Collecting Data,Normal
216.3,4.73,1023.0,NORMAL,System Normal ✅,Collecting Data,Normal
219.1,4.25,931.0,NORMAL,System Normal ✅,Collecting Data,Normal
239.1,4.55,1088.0,CRITICAL,High Voltage ⚠️,System Load Increasing,Normal
236.9,5.32,1260.0,WARNING,High Voltage ⚠️,System Load Increasing,Normal
226.4,5.37,1216.0,NORMAL,System Normal ✅,Stable,Normal
236.3,4.95,1170.0,WARNING,High Voltage ⚠️,System Load Increasing,Normal
217.6,5.68,1236.0,NORMAL,System Normal ✅,Stable,Normal
214.2,5.81,1245.0,NORMAL,System Normal ✅,Stable,Normal
237.3,4.65,1103.0,WARNING,High Voltage ⚠️,System Load Increasing,Normal
216.5,5.14,1113.0,NORMAL,System Normal ✅,Stable,Normal
213.7,4.41,942.0,NORMAL,System Normal ✅,Stable,Normal
215.8,5.74,1239.0,NORMAL,System Normal ✅,Stable,Normal
210.9,5.14,1084.0,NORMAL,System Normal ✅,Stable,Normal
216.4,4.62,1000.0,NORMAL,System Normal ✅,Stable,Normal
211.1,4.27,901.0,NORMAL,System Normal ✅,Stable,Normal
215.8,4.81,1038.0,NORMAL,System Normal ✅,Stable,Normal
223.8,4.1,918.0,NORMAL,System Normal ✅,Stable,Normal
227.6,4.19,954.0,NORMAL,System Normal ✅,Stable,Normal
211.5,5.02,1062.0,NORMAL,System Normal ✅,Stable,Normal
221.0,5.25,1160.0,NORMAL,System Normal ✅,Stable,Normal
210.2,5.73,1204.0,NORMAL,System Normal ✅,Stable,Normal
237.9,4.22,1004.0,WARNING,High Voltage ⚠️,System Load Increasing,Normal
237.6,5.53,1314.0,WARNING,High Voltage ⚠️,System Load Increasing,Normal
210.2,5.95,1251.0,NORMAL,System Normal ✅,Stable,Normal
226.5,6.0,1359.0,NORMAL,System Normal ✅,System Load Increasing,Normal
226.7,5.36,1215.0,NORMAL,System Normal ✅,System Load Increasing,Normal
217.8,5.21,1135.0,NORMAL,System Normal ✅,Stable,Normal
213.8,4.72,1009.0,NORMAL,System Normal ✅,Stable,Normal
227.5,5.27,1199.0,NORMAL,System Normal ✅,System Load Increasing,Normal
239.8,5.13,1230.0,CRITICAL,High Voltage ⚠️,System Load Increasing,Normal
221.5,5.66,1254.0,NORMAL,System Normal ✅,Stable,Normal
220.4,5.58,1230.0,NORMAL,System Normal ✅,Stable,Normal
214.0,4.44,950.0,NORMAL,System Normal ✅,Stable,Normal
231.3,4.9,1133.0,NORMAL,System Normal ✅,System Load Increasing,Normal
210.3,5.87,1234.0,NORMAL,System Normal ✅,Stable,Normal
211.4,4.08,863.0,NORMAL,System Normal ✅,Stable,Normal
214.6,5.68,1219.0,NORMAL,System Normal ✅,Stable,Normal
214.3,5.83,1249.0,NORMAL,System Normal ✅,Stable,Normal
226.9,4.21,955.0,NORMAL,System Normal ✅,System Load Increasing,Normal
223.5,5.23,1169.0,NORMAL,System Normal ✅,Stable,Normal
237.4,4.24,1007.0,WARNING,High Voltage ⚠️,System Load Increasing,Normal
237.1,5.71,1354.0,WARNING,High Voltage ⚠️,System Load Increasing,Normal
212.4,4.64,986.0,NORMAL,System Normal ✅,Stable,Normal
228.5,4.03,921.0,NORMAL,System Normal ✅,System Load Increasing,Normal
233.6,5.86,1369.0,NORMAL,System Normal ✅,System Load Increasing,Normal
230.9,5.48,1265.0,NORMAL,System Normal ✅,System Load Increasing,Normal
237.6,4.08,969.0,WARNING,High Voltage ⚠️,System Load Increasing,Normal
221.1,4.37,966.0,NORMAL,System Normal ✅,Stable,Normal
222.6,5.59,1244.0,NORMAL,System Normal ✅,Stable,Normal
233.8,4.11,961.0,NORMAL,System Normal ✅,System Load Increasing,Normal
224.4,5.02,1126.0,NORMAL,System Normal ✅,Stable,Normal
235.7,5.26,1240.0,WARNING,High Voltage ⚠️,System Load Increasing,Normal
216.7,5.18,1123.0,NORMAL,System Normal ✅,Stable,Normal
238.6,4.97,1186.0,CRITICAL,High Voltage ⚠️,System Load Increasing,Normal
232.9,5.85,1362.0,NORMAL,System Normal ✅,System Load Increasing,Normal
231.3,4.51,1043.0,NORMAL,System Normal ✅,Stable,Normal
225.2,5.82,1311.0,NORMAL,System Normal ✅,Stable,Normal
221.0,5.67,1253.0,NORMAL,System Normal ✅,Stable,Normal
220.1,5.91,1301.0,NORMAL,System Normal ✅,Stable,Normal
212.6,5.97,1269.0,NORMAL,System Normal ✅,Stable,Normal
216.8,5.35,1160.0,NORMAL,System Normal ✅,Stable,Normal
227.4,5.57,1267.0,NORMAL,System Normal ✅,Stable,Normal
223.2,4.14,924.0,NORMAL,System Normal ✅,Stable,Normal
233.2,4.61,1075.0,NORMAL,System Normal ✅,System Load Increasing,Normal
238.9,4.14,989.0,CRITICAL,High Voltage ⚠️,System Load Increasing,Normal
229.0,5.85,1340.0,NORMAL,System Normal ✅,Stable,Normal
233.0,4.79,1116.0,NORMAL,System Normal ✅,System Load Increasing,Normal
229.5,5.21,1196.0,NORMAL,System Normal ✅,Stable,Normal
239.0,5.4,1291.0,CRITICAL,High Voltage ⚠️,System Load Increasing,Normal
234.8,5.69,1336.0,NORMAL,System Normal ✅,System Load Increasing,Normal
231.9,5.36,1243.0,NORMAL,System Normal ✅,Stable,Normal
228.2,5.19,1184.0,NORMAL,System Normal ✅,Stable,Normal
236.0,4.58,1081.0,WARNING,High Voltage ⚠️,System Load Increasing,Normal
227.8,5.47,1246.0,NORMAL,System Normal ✅,Stable,Normal
232.9,4.44,1034.0,NORMAL,System Normal ✅,Stable,Normal
214.3,5.58,1196.0,NORMAL,System Normal ✅,Stable,Normal
218.7,5.51,1205.0,NORMAL,System Normal ✅,Stable,Normal
229.1,4.28,981.0,NORMAL,System Normal ✅,Stable,Normal
239.8,4.29,1029.0,CRITICAL,High Voltage ⚠️,System Load Increasing,Normal
230.2,5.44,1252.0,NORMAL,System Normal ✅,Stable,Normal
234.3,5.75,1347.0,NORMAL,System Normal ✅,Stable,Normal
222.5,5.21,1159.0,NORMAL,System Normal ✅,Stable,Normal
234.4,5.63,1320.0,NORMAL,System Normal ✅,Stable,Normal
213.3,4.84,1032.0,NORMAL,System Normal ✅,Voltage Spike Risk,Anomaly 🚨
227.8,4.85,1105.0,NORMAL,System Normal ✅,Stable,Normal
225.1,5.29,1191.0,NORMAL,System Normal ✅,Stable,Normal
222.2,5.54,1231.0,NORMAL,System Normal ✅,Stable,Normal
238.8,4.94,1180.0,CRITICAL,High Voltage ⚠️,System Load Increasing,Normal
225.4,5.88,1325.0,NORMAL,System Normal ✅,Stable,Normal
221.9,5.14,1141.0,NORMAL,System Normal ✅,Stable,Normal
222.9,4.33,965.0,NORMAL,System Normal ✅,Stable,Normal
212.0,4.92,1043.0,NORMAL,System Normal ✅,Stable,Normal
236.3,4.26,1007.0,WARNING,High Voltage ⚠️,System Load Increasing,Normal
231.6,5.77,1336.0,NORMAL,System Normal ✅,Stable,Normal
211.9,5.85,1240.0,NORMAL,System Normal ✅,Stable,Normal
214.7,5.72,1228.0,NORMAL,System Normal ✅,Stable,Normal
221.0,5.02,1109.0,NORMAL,System Normal ✅,Stable,Normal
211.0,5.44,1148.0,NORMAL,System Normal ✅,Stable,Normal
220.4,4.64,1023.0,NORMAL,System Normal ✅,Stable,Normal
213.7,5.7,1218.0,NORMAL,System Normal ✅,Stable,Normal
218.9,5.76,1261.0,NORMAL,System Normal ✅,Stable,Normal
234.5,4.81,1128.0,NORMAL,System Normal ✅,System Load Increasing,Normal
230.6,5.2,1199.0,NORMAL,System Normal ✅,System Load Increasing,Normal
213.7,5.6,1197.0,NORMAL,System Normal ✅,Stable,Normal
214.1,4.65,996.0,NORMAL,System Normal ✅,Stable,Normal
233.8,5.16,1206.0,NORMAL,System Normal ✅,System Load Increasing,Normal
233.1,5.85,1364.0,NORMAL,System Normal ✅,System Load Increasing,Normal
231.4,5.15,1192.0,NORMAL,System Normal ✅,System Load Increasing,Normal
219.3,4.13,906.0,NORMAL,System Normal ✅,Stable,Normal
229.1,5.94,1361.0,NORMAL,System Normal ✅,System Load Increasing,Normal
237.2,4.77,1131.0,WARNING,High Voltage ⚠️,System Load Increasing,Normal
227.0,5.15,1169.0,NORMAL,System Normal ✅,Stable,Normal
218.7,5.9,1290.0,NORMAL,System Normal ✅,Stable,Normal
222.7,5.36,1194.0,NORMAL,System Normal ✅,Stable,Normal
213.6,4.11,878.0,NORMAL,System Normal ✅,Stable,Normal
233.1,5.7,1329.0,NORMAL,System Normal ✅,System Load Increasing,Normal
225.0,4.55,1024.0,NORMAL,System Normal ✅,Stable,Normal
231.2,4.44,1027.0,NORMAL,System Normal ✅,System Load Increasing,Normal
231.8,5.87,1361.0,NORMAL,System Normal ✅,System Load Increasing,Normal
215.5,5.71,1231.0,NORMAL,System Normal ✅,Stable,Normal
214.8,4.7,1010.0,NORMAL,System Normal ✅,Stable,Normal
224.3,4.49,1007.0,NORMAL,System Normal ✅,Stable,Normal
237.5,5.2,1235.0,WARNING,High Voltage ⚠️,System Load Increasing,Normal
231.2,5.14,1188.0,NORMAL,System Normal ✅,Stable,Normal
216.8,5.19,1125.0,NORMAL,System Normal ✅,Stable,Normal
239.7,5.09,1220.0,CRITICAL,High Voltage ⚠️,System Load Increasing,Normal
224.7,4.98,1119.0,NORMAL,System Normal ✅,Stable,Normal
228.2,4.72,1077.0,NORMAL,System Normal ✅,Stable,Normal
212.2,4.42,938.0,NORMAL,System Normal ✅,Stable,Normal
230.2,5.22,1202.0,NORMAL,System Normal ✅,Stable,Normal
235.7,5.87,1384.0,WARNING,High Voltage ⚠️,System Load Increasing,Normal
222.9,4.91,1094.0,NORMAL,System Normal ✅,Stable,Normal
230.3,4.68,1078.0,NORMAL,System Normal ✅,Stable,Normal
233.0,4.57,1065.0,NORMAL,System Normal ✅,System Load Increasing,Normal
239.7,5.53,1326.0,CRITICAL,High Voltage ⚠️,System Load Increasing,Normal
210.3,5.22,1098.0,NORMAL,System Normal ✅,Stable,Normal
232.7,5.77,1343.0,NORMAL,System Normal ✅,System Load Increasing,Normal
233.9,5.15,1205.0,NORMAL,System Normal ✅,System Load Increasing,Normal
238.6,4.91,1172.0,CRITICAL,High Voltage ⚠️,System Load Increasing,Normal
224.0,4.01,898.0,NORMAL,System Normal ✅,Stable,Normal
235.5,4.75,1119.0,WARNING,High Voltage ⚠️,System Load Increasing,Normal
224.0,4.43,992.0,NORMAL,System Normal ✅,Stable,Normal
231.1,5.66,1308.0,NORMAL,System Normal ✅,Stable,Normal
218.8,4.99,1092.0,NORMAL,System Normal ✅,Stable,Normal
218.8,4.09,895.0,NORMAL,System Normal ✅,Stable,Normal
213.7,5.12,1094.0,NORMAL,System Normal ✅,Stable,Normal
230.4,5.22,1203.0,NORMAL,System Normal ✅,Stable,Normal
227.4,5.96,1355.0,NORMAL,System Normal ✅,Stable,Normal
223.0,5.9,1316.0,NORMAL,System Normal ✅,Stable,Normal
212.6,4.67,993.0,NORMAL,System Normal ✅,Stable,Normal
211.4,5.44,1150.0,NORMAL,System Normal ✅,Stable,Normal
238.8,4.05,967.0,CRITICAL,High Voltage ⚠️,System Load Increasing,Normal
227.3,5.17,1175.0,NORMAL,System Normal ✅,Stable,Normal
235.3,5.29,1245.0,WARNING,High Voltage ⚠️,System Load Increasing,Normal
229.8,5.54,1273.0,NORMAL,System Normal ✅,Stable,Normal
236.3,5.95,1406.0,WARNING,High Voltage ⚠️,System Load Increasing,Normal
216.9,5.6,1215.0,NORMAL,System Normal ✅,Stable,Normal
222.1,4.92,1093.0,NORMAL,System Normal ✅,Stable,Normal
216.4,5.44,1177.0,NORMAL,System Normal ✅,Stable,Normal
213.0,4.83,1029.0,NORMAL,System Normal ✅,Stable,Normal
219.0,5.5,1204.0,NORMAL,System Normal ✅,Stable,Normal
239.8,5.34,1281.0,CRITICAL,High Voltage ⚠️,System Load Increasing,Normal
221.6,4.3,953.0,NORMAL,System Normal ✅,Stable,Normal
239.4,4.72,1130.0,CRITICAL,High Voltage ⚠️,System Load Increasing,Normal
215.1,4.24,912.0,NORMAL,System Normal ✅,Stable,Normal
221.9,4.2,932.0,NORMAL,System Normal ✅,Stable,Normal
224.6,4.85,1089.0,NORMAL,System Normal ✅,Stable,Normal
240.0,4.57,1097.0,CRITICAL,High Voltage ⚠️,System Load Increasing,Normal
239.1,5.61,1341.0,CRITICAL,High Voltage ⚠️,System Load Increasing,Normal
236.8,5.73,1357.0,WARNING,High Voltage ⚠️,System Load Increasing,Normal
224.6,5.78,1298.0,NORMAL,System Normal ✅,Stable,Normal
233.0,5.7,1328.0,NORMAL,System Normal ✅,System Load Increasing,Normal
233.6,4.98,1163.0,NORMAL,System Normal ✅,System Load Increasing,Normal
232.9,5.83,1358.0,NORMAL,System Normal ✅,System Load Increasing,Normal
239.0,5.18,1238.0,CRITICAL,High Voltage ⚠️,System Load Increasing,Normal
234.6,5.22,1225.0,NORMAL,System Normal ✅,System Load Increasing,Normal
230.9,4.42,1021.0,NORMAL,System Normal ✅,Stable,Normal
217.5,4.63,1007.0,NORMAL,System Normal ✅,Stable,Normal
213.3,5.39,1150.0,NORMAL,System Normal ✅,Stable,Normal
211.7,5.68,1202.0,NORMAL,System Normal ✅,Stable,Normal
220.6,4.12,909.0,NORMAL,System Normal ✅,Stable,Normal
222.3,4.6,1023.0,NORMAL,System Normal ✅,Stable,Normal
218.2,5.05,1102.0,NORMAL,System Normal ✅,Stable,Normal
217.8,4.69,1021.0,NORMAL,System Normal ✅,Stable,Normal
210.5,4.22,888.0,NORMAL,System Normal ✅,Stable,Normal
210.1,4.33,910.0,NORMAL,System Normal ✅,Stable,Normal
221.8,4.84,1074.0,NORMAL,System Normal ✅,Stable,Normal
218.9,5.12,1121.0,NORMAL,System Normal ✅,Stable,Normal
238.2,4.96,1181.0,CRITICAL,High Voltage ⚠️,System Load Increasing,Normal
214.1,5.57,1193.0,NORMAL,System Normal ✅,Stable,Normal
213.2,5.33,1136.0,NORMAL,System Normal ✅,Stable,Normal
225.4,4.08,920.0,NORMAL,System Normal ✅,Stable,Normal
227.6,4.03,917.0,NORMAL,System Normal ✅,System Load Increasing,Normal
231.6,4.79,1109.0,NORMAL,System Normal ✅,System Load Increasing,Normal
220.2,4.56,1004.0,NORMAL,System Normal ✅,Stable,Normal
228.3,5.95,1358.0,NORMAL,System Normal ✅,System Load Increasing,Normal
226.0,4.59,1037.0,NORMAL,System Normal ✅,System Load Increasing,Normal
233.8,5.69,1330.0,NORMAL,System Normal ✅,System Load Increasing,Normal
222.3,4.9,1089.0,NORMAL,System Normal ✅,Stable,Normal
229.5,5.57,1278.0,NORMAL,System Normal ✅,System Load Increasing,Normal
237.0,5.58,1322.0,WARNING,High Voltage ⚠️,System Load Increasing,Normal
220.3,5.03,1108.0,NORMAL,System Normal ✅,Stable,Normal
214.1,5.51,1180.0,NORMAL,System Normal ✅,Stable,Normal
230.2,5.64,1298.0,NORMAL,System Normal ✅,System Load Increasing,Normal
228.1,5.3,1209.0,NORMAL,System Normal ✅,Stable,Normal
230.7,5.0,1154.0,NORMAL,System Normal ✅,System Load Increasing,Normal
217.9,5.46,1190.0,NORMAL,System Normal ✅,Stable,Normal
223.1,4.74,1057.0,NORMAL,System Normal ✅,Stable,Normal
227.5,4.83,1099.0,NORMAL,System Normal ✅,Stable,Normal
233.7,4.92,1150.0,NORMAL,System Normal ✅,System Load Increasing,Normal
225.8,4.19,946.0,NORMAL,System Normal ✅,Stable,Normal
237.6,5.47,1300.0,WARNING,High Voltage ⚠️,System Load Increasing,Normal
239.4,4.54,1087.0,CRITICAL,High Voltage ⚠️,System Load Increasing,Normal
232.8,4.33,1008.0,NORMAL,System Normal ✅,Stable,Normal
225.9,5.55,1254.0,NORMAL,System Normal ✅,Stable,Normal
226.5,4.53,1026.0,NORMAL,System Normal ✅,Stable,Normal
217.4,4.21,915.0,NORMAL,System Normal ✅,Stable,Normal
228.1,4.98,1136.0,NORMAL,System Normal ✅,Stable,Normal
217.1,5.38,1168.0,NORMAL,System Normal ✅,Stable,Normal
225.7,4.33,977.0,NORMAL,System Normal ✅,Stable,Normal
229.3,4.19,961.0,NORMAL,System Normal ✅,Stable,Normal
210.6,5.01,1055.0,NORMAL,System Normal ✅,Voltage Spike Risk,Anomaly 🚨
215.4,5.62,1211.0,NORMAL,System Normal ✅,Stable,Normal
237.4,4.73,1123.0,WARNING,High Voltage ⚠️,System Load Increasing,Normal
211.5,5.32,1125.0,NORMAL,System Normal ✅,Stable,Normal
212.8,5.15,1096.0,NORMAL,System Normal ✅,Stable,Normal
215.8,4.32,932.0,NORMAL,System Normal ✅,Stable,Normal
227.3,4.51,1025.0,NORMAL,System Normal ✅,Stable,Normal
230.6,5.94,1370.0,NORMAL,System Normal ✅,System Load Increasing,Normal
212.4,4.98,1058.0,NORMAL,System Normal ✅,Stable,Normal
223.3,4.23,945.0,NORMAL,System Normal ✅,Stable,Normal
236.6,5.57,1318.0,WARNING,High Voltage ⚠️,System Load Increasing,Normal
218.0,5.98,1304.0,NORMAL,System Normal ✅,Stable,Normal
228.2,5.6,1278.0,NORMAL,System Normal ✅,System Load Increasing,Normal
228.3,5.04,1151.0,NORMAL,System Normal ✅,System Load Increasing,Normal
215.7,4.95,1068.0,NORMAL,System Normal ✅,Stable,Normal
213.4,4.54,969.0,NORMAL,System Normal ✅,Stable,Normal
210.5,5.98,1259.0,NORMAL,System Normal ✅,Stable,Normal
222.7,5.17,1151.0,NORMAL,System Normal ✅,Stable,Normal
226.5,5.98,1354.0,NORMAL,System Normal ✅,System Load Increasing,Normal
213.7,5.76,1231.0,NORMAL,System Normal ✅,Stable,Normal
223.1,6.0,1339.0,NORMAL,System Normal ✅,Stable,Normal
232.6,4.46,1037.0,NORMAL,System Normal ✅,System Load Increasing,Normal
232.3,5.61,1303.0,NORMAL,System Normal ✅,System Load Increasing,Normal
210.5,4.81,1013.0,NORMAL,System Normal ✅,Stable,Normal
231.3,5.92,1369.0,NORMAL,System Normal ✅,System Load Increasing,Normal
225.1,5.08,1144.0,NORMAL,System Normal ✅,Stable,Normal
229.5,5.96,1368.0,NORMAL,System Normal ✅,System Load Increasing,Normal
219.9,5.56,1223.0,NORMAL,System Normal ✅,Stable,Normal
211.4,5.72,1209.0,NORMAL,System Normal ✅,Stable,Normal
232.2,4.9,1138.0,NORMAL,System Normal ✅,System Load Increasing,Normal
234.7,4.35,1021.0,NORMAL,System Normal ✅,Collecting Data,Normal
224.3,4.48,1005.0,NORMAL,System Normal ✅,Collecting Data,Normal
228.9,5.15,1179.0,NORMAL,System Normal ✅,Collecting Data,Normal
227.9,5.24,1194.0,NORMAL,System Normal ✅,Collecting Data,Normal
237.7,5.06,1203.0,WARNING,High Voltage ⚠️,System Load Increasing,Normal
237.1,4.17,989.0,WARNING,High Voltage ⚠️,System Load Increasing,Normal
224.2,4.43,993.0,NORMAL,System Normal ✅,Stable,Normal
221.9,5.16,1145.0,NORMAL,System Normal ✅,Stable,Normal
229.1,5.95,1363.0,NORMAL,System Normal ✅,Stable,Normal
227.8,4.0,911.0,NORMAL,System Normal ✅,Stable,Normal
234.9,4.55,1069.0,NORMAL,System Normal ✅,System Load Increasing,Normal
223.0,4.28,954.0,NORMAL,System Normal ✅,Stable,Normal
227.7,5.81,1323.0,NORMAL,System Normal ✅,Stable,Normal
234.1,5.63,1318.0,NORMAL,System Normal ✅,Stable,Normal
214.5,4.94,1060.0,NORMAL,System Normal ✅,Voltage Spike Risk,Anomaly 🚨
238.5,4.08,973.0,CRITICAL,High Voltage ⚠️,System Load Increasing,Normal
239.8,5.54,1328.0,CRITICAL,High Voltage ⚠️,System Load Increasing,Normal
218.2,5.06,1104.0,NORMAL,System Normal ✅,Stable,Normal
232.4,5.09,1183.0,NORMAL,System Normal ✅,Stable,Normal
210.4,5.22,1098.0,NORMAL,System Normal ✅,Voltage Spike Risk,Anomaly 🚨
226.3,4.09,926.0,NORMAL,System Normal ✅,Stable,Normal
229.3,5.9,1353.0,NORMAL,System Normal ✅,Stable,Normal
226.5,5.41,1225.0,NORMAL,System Normal ✅,Stable,Normal
217.7,5.12,1115.0,NORMAL,System Normal ✅,Stable,Normal
222.2,5.87,1304.0,NORMAL,System Normal ✅,Stable,Normal
231.9,5.53,1282.0,NORMAL,System Normal ✅,System Load Increasing,Normal
216.2,4.63,1001.0,NORMAL,System Normal ✅,Stable,Normal
223.2,4.63,1033.0,NORMAL,System Normal ✅,Stable,Normal
232.3,4.94,1148.0,NORMAL,System Normal ✅,System Load Increasing,Normal
239.6,5.98,1433.0,CRITICAL,High Voltage ⚠️,System Load Increasing,Normal
213.9,4.21,901.0,NORMAL,System Normal ✅,Stable,Normal
215.4,4.35,937.0,NORMAL,System Normal ✅,Stable,Normal
229.3,5.21,1195.0,NORMAL,System Normal ✅,Stable,Normal
236.4,4.71,1113.0,WARNING,High Voltage ⚠️,System Load Increasing,Normal
223.3,5.4,1206.0,NORMAL,System Normal ✅,Stable,Normal
226.3,4.18,946.0,NORMAL,System Normal ✅,Stable,Normal
214.6,4.01,861.0,NORMAL,System Normal ✅,Stable,Normal
221.7,5.86,1299.0,NORMAL,System Normal ✅,Stable,Normal
235.8,5.13,1210.0,WARNING,High Voltage ⚠️,System Load Increasing,Normal
210.7,5.86,1235.0,NORMAL,System Normal ✅,Stable,Normal
222.4,4.27,950.0,NORMAL,System Normal ✅,Stable,Normal
235.0,4.39,1032.0,NORMAL,System Normal ✅,System Load Increasing,Normal
225.5,4.22,952.0,NORMAL,System Normal ✅,Stable,Normal
210.9,4.88,1029.0,NORMAL,System Normal ✅,Stable,Normal
220.2,4.05,892.0,NORMAL,System Normal ✅,Stable,Normal
238.7,4.16,993.0,CRITICAL,High Voltage ⚠️,System Load Increasing,Normal
216.2,4.98,1077.0,NORMAL,System Normal ✅,Stable,Normal
221.5,5.9,1307.0,NORMAL,System Normal ✅,Stable,Normal
230.7,5.82,1343.0,NORMAL,System Normal ✅,System Load Increasing,Normal
234.6,4.8,1126.0,NORMAL,System Normal ✅,System Load Increasing,Normal
227.4,5.8,1319.0,NORMAL,System Normal ✅,Stable,Normal
218.8,4.18,915.0,NORMAL,System Normal ✅,Stable,Normal
227.5,5.41,1231.0,NORMAL,System Normal ✅,Stable,Normal
212.4,5.37,1141.0,NORMAL,System Normal ✅,Stable,Normal
226.5,5.61,1271.0,NORMAL,System Normal ✅,Stable,Normal
219.8,5.05,1110.0,NORMAL,System Normal ✅,Stable,Normal
211.5,5.96,1261.0,NORMAL,System Normal ✅,Stable,Normal
227.1,4.52,1026.0,NORMAL,System Normal ✅,Stable,Normal
228.5,4.27,976.0,NORMAL,System Normal ✅,System Load Increasing,Normal
216.2,4.53,979.0,NORMAL,System Normal ✅,Stable,Normal
228.8,4.71,1078.0,NORMAL,System Normal ✅,Stable,Normal
236.6,5.27,1247.0,WARNING,High Voltage ⚠️,System Load Increasing,Normal
214.6,4.67,1002.0,NORMAL,System Normal ✅,Stable,Normal
219.9,4.27,939.0,NORMAL,System Normal ✅,Stable,Normal
214.6,4.86,1043.0,NORMAL,System Normal ✅,Stable,Normal
212.5,4.06,863.0,NORMAL,System Normal ✅,Stable,Normal
238.2,4.04,962.0,CRITICAL,High Voltage ⚠️,System Load Increasing,Normal
219.5,4.8,1054.0,NORMAL,System Normal ✅,Stable,Normal
222.1,4.81,1068.0,NORMAL,System Normal ✅,Stable,Normal
237.1,4.48,1062.0,WARNING,High Voltage ⚠️,System Load Increasing,Normal
227.9,5.76,1313.0,NORMAL,System Normal ✅,Stable,Normal
226.8,5.31,1204.0,NORMAL,System Normal ✅,Stable,Normal
222.7,5.64,1256.0,NORMAL,System Normal ✅,Stable,Normal
217.4,5.19,1128.0,NORMAL,System Normal ✅,Stable,Normal
229.4,5.68,1303.0,NORMAL,System Normal ✅,System Load Increasing,Normal
231.5,5.24,1213.0,NORMAL,System Normal ✅,System Load Increasing,Normal
226.5,4.56,1033.0,NORMAL,System Normal ✅,Stable,Normal
235.4,4.97,1170.0,WARNING,High Voltage ⚠️,System Load Increasing,Normal
226.2,5.71,1292.0,NORMAL,System Normal ✅,Stable,Normal
214.3,5.37,1151.0,NORMAL,System Normal ✅,Stable,Normal
232.7,5.68,1322.0,NORMAL,System Normal ✅,System Load Increasing,Normal
232.8,5.02,1169.0,NORMAL,System Normal ✅,System Load Increasing,Normal
215.7,4.87,1050.0,NORMAL,System Normal ✅,Stable,Normal
210.9,4.34,915.0,NORMAL,System Normal ✅,Stable,Normal
223.8,5.91,1323.0,NORMAL,System Normal ✅,Stable,Normal
223.5,4.73,1057.0,NORMAL,System Normal ✅,Stable,Normal
218.1,5.32,1160.0,NORMAL,System Normal ✅,Stable,Normal
217.6,4.75,1034.0,NORMAL,System Normal ✅,Stable,Normal
221.4,5.71,1264.0,NORMAL,System Normal ✅,Stable,Normal
225.2,4.56,1027.0,NORMAL,System Normal ✅,Stable,Normal
224.7,5.73,1288.0,NORMAL,System Normal ✅,Stable,Normal
230.4,5.44,1253.0,NORMAL,System Normal ✅,System Load Increasing,Normal
210.5,5.73,1206.0,NORMAL,System Normal ✅,Stable,Normal
229.8,5.85,1344.0,NORMAL,System Normal ✅,System Load Increasing,Normal
228.4,4.31,984.0,NORMAL,System Normal ✅,Stable,Normal
221.1,5.74,1269.0,NORMAL,System Normal ✅,Stable,Normal
214.9,5.84,1255.0,NORMAL,System Normal ✅,Stable,Normal
218.3,5.75,1255.0,NORMAL,System Normal ✅,Stable,Normal
231.9,4.35,1009.0,NORMAL,System Normal ✅,System Load Increasing,Normal
218.7,4.73,1034.0,NORMAL,System Normal ✅,Stable,Normal
217.7,5.47,1191.0,NORMAL,System Normal ✅,Stable,Normal
235.6,4.59,1081.0,WARNING,High Voltage ⚠️,System Load Increasing,Normal
216.5,4.32,935.0,NORMAL,System Normal ✅,Stable,Normal
239.3,4.17,998.0,CRITICAL,High Voltage ⚠️,Voltage Spike Risk,Anomaly 🚨
229.7,5.36,1231.0,NORMAL,System Normal ✅,System Load Increasing,Normal
220.1,4.44,977.0,NORMAL,System Normal ✅,Stable,Normal
236.0,5.96,1407.0,WARNING,High Voltage ⚠️,System Load Increasing,Normal
222.5,4.08,908.0,NORMAL,System Normal ✅,Stable,Normal
216.0,5.9,1274.0,NORMAL,System Normal ✅,Stable,Normal
222.6,5.3,1180.0,NORMAL,System Normal ✅,Stable,Normal
232.8,5.79,1348.0,NORMAL,System Normal ✅,System Load Increasing,Normal
238.2,5.68,1353.0,CRITICAL,High Voltage ⚠️,System Load Increasing,Normal
218.8,4.38,958.0,NORMAL,System Normal ✅,Stable,Normal
232.4,4.56,1060.0,NORMAL,System Normal ✅,System Load Increasing,Normal
228.6,4.78,1093.0,NORMAL,System Normal ✅,Stable,Normal
229.2,5.66,1297.0,NORMAL,System Normal ✅,Stable,Normal
235.8,5.9,1391.0,WARNING,High Voltage ⚠️,System Load Increasing,Normal
218.4,4.78,1044.0,NORMAL,System Normal ✅,Stable,Normal
221.3,5.69,1259.0,NORMAL,System Normal ✅,Stable,Normal
213.2,5.24,1117.0,NORMAL,System Normal ✅,Stable,Normal
229.0,4.12,943.0,NORMAL,System Normal ✅,Stable,Normal
224.7,4.92,1106.0,NORMAL,System Normal ✅,Stable,Normal
233.4,4.92,1148.0,NORMAL,System Normal ✅,System Load Increasing,Normal
210.5,4.23,890.0,NORMAL,System Normal ✅,Stable,Normal
225.0,4.02,904.0,NORMAL,System Normal ✅,Stable,Normal
222.3,4.75,1056.0,NORMAL,System Normal ✅,Stable,Normal
213.5,5.68,1213.0,NORMAL,System Normal ✅,Stable,Normal
231.0,5.3,1224.0,NORMAL,System Normal ✅,System Load Increasing,Normal
223.3,4.24,947.0,NORMAL,System Normal ✅,Stable,Normal
211.2,5.31,1121.0,NORMAL,System Normal ✅,Stable,Normal
211.5,5.77,1220.0,NORMAL,System Normal ✅,Stable,Normal
213.7,4.62,987.0,NORMAL,System Normal ✅,Stable,Normal
213.8,5.76,1231.0,NORMAL,System Normal ✅,Stable,Normal
238.6,4.97,1186.0,CRITICAL,High Voltage ⚠️,System Load Increasing,Normal
219.9,5.04,1108.0,NORMAL,System Normal ✅,Stable,Normal
215.5,5.26,1134.0,NORMAL,System Normal ✅,Stable,Normal
213.9,5.3,1134.0,NORMAL,System Normal ✅,Stable,Normal
234.6,4.22,990.0,NORMAL,System Normal ✅,System Load Increasing,Normal
230.5,5.29,1219.0,NORMAL,System Normal ✅,System Load Increasing,Normal
219.6,5.49,1206.0,NORMAL,System Normal ✅,Stable,Normal
227.0,5.99,1360.0,NORMAL,System Normal ✅,System Load Increasing,Normal
228.8,4.69,1073.0,NORMAL,System Normal ✅,System Load Increasing,Normal
229.6,4.88,1120.0,NORMAL,System Normal ✅,System Load Increasing,Normal
225.7,4.7,1061.0,NORMAL,System Normal ✅,Stable,Normal
218.3,5.65,1233.0,NORMAL,System Normal ✅,Stable,Normal
218.2,5.32,1161.0,NORMAL,System Normal ✅,Stable,Normal
236.4,4.89,1156.0,WARNING,High Voltage ⚠️,System Load Increasing,Normal
220.2,5.7,1255.0,NORMAL,System Normal ✅,Stable,Normal
215.0,4.72,1015.0,NORMAL,System Normal ✅,Stable,Normal
225.5,5.59,1261.0,NORMAL,System Normal ✅,Stable,Normal
226.0,5.04,1139.0,NORMAL,System Normal ✅,Stable,Normal
210.4,5.23,1100.0,NORMAL,System Normal ✅,Stable,Normal
222.9,4.54,1012.0,NORMAL,System Normal ✅,Stable,Normal
235.0,5.92,1391.0,NORMAL,System Normal ✅,System Load Increasing,Normal
233.0,5.26,1226.0,NORMAL,System Normal ✅,System Load Increasing,Normal
236.8,4.59,1087.0,WARNING,High Voltage ⚠️,System Load Increasing,Normal
232.0,4.41,1023.0,NORMAL,System Normal ✅,System Load Increasing,Normal
218.8,5.02,1098.0,NORMAL,System Normal ✅,Stable,Normal
232.8,4.93,1148.0,NORMAL,System Normal ✅,System Load Increasing,Normal
221.1,5.94,1313.0,NORMAL,System Normal ✅,Stable,Normal
237.3,4.59,1089.0,WARNING,High Voltage ⚠️,System Load Increasing,Normal
221.1,5.57,1232.0,NORMAL,System Normal ✅,Stable,Normal
212.2,4.23,898.0,NORMAL,System Normal ✅,Stable,Normal
210.9,5.97,1259.0,NORMAL,System Normal ✅,Stable,Normal
213.3,5.1,1088.0,NORMAL,System Normal ✅,Stable,Normal
235.1,4.53,1065.0,WARNING,High Voltage ⚠️,System Load Increasing,Normal
221.6,5.79,1283.0,NORMAL,System Normal ✅,Stable,Normal
226.9,4.65,1055.0,NORMAL,System Normal ✅,Stable,Normal
231.3,5.05,1168.0,NORMAL,System Normal ✅,System Load Increasing,Normal
224.4,4.13,927.0,NORMAL,System Normal ✅,Stable,Normal
234.5,4.32,1013.0,NORMAL,System Normal ✅,System Load Increasing,Normal
211.8,5.79,1226.0,NORMAL,System Normal ✅,Stable,Normal
230.5,5.19,1196.0,NORMAL,System Normal ✅,Stable,Normal
218.7,5.22,1142.0,NORMAL,System Normal ✅,Stable,Normal
219.1,4.48,982.0,NORMAL,System Normal ✅,Stable,Normal
218.3,5.41,1181.0,NORMAL,System Normal ✅,Stable,Normal
223.7,4.98,1114.0,NORMAL,System Normal ✅,Stable,Normal
229.1,5.41,1239.0,NORMAL,System Normal ✅,System Load Increasing,Normal
235.6,4.35,1025.0,WARNING,High Voltage ⚠️,System Load Increasing,Normal
216.6,5.66,1226.0,NORMAL,System Normal ✅,Stable,Normal
210.4,4.36,917.0,NORMAL,System Normal ✅,Stable,Normal
213.4,4.94,1054.0,NORMAL,System Normal ✅,Stable,Normal
225.8,4.92,1111.0,NORMAL,System Normal ✅,Stable,Normal
223.8,4.15,929.0,NORMAL,System Normal ✅,Stable,Normal
223.4,5.44,1215.0,NORMAL,System Normal ✅,Stable,Normal
232.7,5.85,1361.0,NORMAL,System Normal ✅,System Load Increasing,Normal
237.9,4.57,1087.0,WARNING,High Voltage ⚠️,System Load Increasing,Normal
213.5,5.5,1174.0,NORMAL,System Normal ✅,Stable,Normal
232.3,5.59,1299.0,NORMAL,System Normal ✅,System Load Increasing,Normal
213.5,4.86,1038.0,NORMAL,System Normal ✅,Stable,Normal
220.6,5.66,1249.0,NORMAL,System Normal ✅,Stable,Normal
216.4,5.57,1205.0,NORMAL,System Normal ✅,Collecting Data,Normal
231.6,5.29,1225.0,NORMAL,System Normal ✅,Collecting Data,Normal
230.3,4.75,1094.0,NORMAL,System Normal ✅,Collecting Data,Normal
221.4,4.12,912.0,NORMAL,System Normal ✅,Collecting Data,Normal
225.8,5.84,1319.0,NORMAL,System Normal ✅,Stable,Normal
217.3,5.52,1199.0,NORMAL,System Normal ✅,Stable,Normal
235.4,4.06,956.0,WARNING,High Voltage ⚠️,System Load Increasing,Normal
217.4,5.2,1130.0,NORMAL,System Normal ✅,Stable,Normal
235.6,4.58,1079.0,WARNING,High Voltage ⚠️,System Load Increasing,Normal
235.8,5.9,1391.0,WARNING,High Voltage ⚠️,System Load Increasing,Normal
219.0,4.5,986.0,NORMAL,System Normal ✅,Stable,Normal
236.3,5.15,1217.0,WARNING,High Voltage ⚠️,System Load Increasing,Normal
237.0,5.7,1351.0,WARNING,High Voltage ⚠️,System Load Increasing,Normal
219.8,5.5,1209.0,NORMAL,System Normal ✅,Stable,Normal
234.9,5.65,1327.0,NORMAL,System Normal ✅,System Load Increasing,Normal
227.2,4.62,1050.0,NORMAL,System Normal ✅,Stable,Normal
239.5,4.76,1140.0,CRITICAL,High Voltage ⚠️,System Load Increasing,Normal
236.0,4.7,1109.0,WARNING,High Voltage ⚠️,System Load Increasing,Normal
237.7,4.29,1020.0,WARNING,High Voltage ⚠️,System Load Increasing,Normal
212.1,4.69,995.0,NORMAL,System Normal ✅,Stable,Normal
221.7,5.66,1255.0,NORMAL,System Normal ✅,Stable,Normal
222.0,4.37,970.0,NORMAL,System Normal ✅,Stable,Normal
232.7,5.59,1301.0,NORMAL,System Normal ✅,Stable,Normal
218.2,4.14,903.0,NORMAL,System Normal ✅,Stable,Normal
239.0,5.64,1348.0,CRITICAL,High Voltage ⚠️,System Load Increasing,Normal
222.6,4.28,953.0,NORMAL,System Normal ✅,Stable,Normal
221.8,4.33,960.0,NORMAL,System Normal ✅,Stable,Normal
212.8,5.37,1143.0,NORMAL,System Normal ✅,Stable,Normal
213.0,4.3,916.0,NORMAL,System Normal ✅,Stable,Normal
237.0,5.43,1287.0,WARNING,High Voltage ⚠️,System Load Increasing,Normal
224.3,5.8,1301.0,NORMAL,System Normal ✅,Stable,Normal
224.2,5.87,1316.0,NORMAL,System Normal ✅,Stable,Normal
222.2,5.03,1118.0,NORMAL,System Normal ✅,Stable,Normal
229.6,4.26,978.0,NORMAL,System Normal ✅,Stable,Normal
219.6,5.57,1223.0,NORMAL,System Normal ✅,Stable,Normal
236.9,4.23,1002.0,WARNING,High Voltage ⚠️,System Load Increasing,Normal
212.3,4.93,1047.0,NORMAL,System Normal ✅,Stable,Normal
216.3,5.79,1252.0,NORMAL,System Normal ✅,Stable,Normal
222.0,5.88,1305.0,NORMAL,System Normal ✅,Stable,Normal
214.2,4.21,902.0,NORMAL,System Normal ✅,Stable,Normal
232.1,5.74,1332.0,NORMAL,System Normal ✅,System Load Increasing,Normal
217.8,4.8,1045.0,NORMAL,System Normal ✅,Stable,Normal
220.5,5.34,1177.0,NORMAL,System Normal ✅,Stable,Normal
229.9,5.01,1152.0,NORMAL,System Normal ✅,System Load Increasing,Normal
237.2,4.14,982.0,WARNING,High Voltage ⚠️,System Load Increasing,Normal
212.4,4.72,1003.0,NORMAL,System Normal ✅,Stable,Normal
218.5,4.18,913.0,NORMAL,System Normal ✅,Stable,Normal
233.1,5.08,1184.0,NORMAL,System Normal ✅,System Load Increasing,Normal
229.8,5.23,1202.0,NORMAL,System Normal ✅,System Load Increasing,Normal
238.4,5.19,1237.0,CRITICAL,High Voltage ⚠️,System Load Increasing,Normal
225.3,5.27,1187.0,NORMAL,System Normal ✅,Stable,Normal
224.5,5.33,1197.0,NORMAL,System Normal ✅,Stable,Normal
237.5,4.41,1047.0,WARNING,High Voltage ⚠️,System Load Increasing,Normal
232.0,5.2,1206.0,NORMAL,System Normal ✅,System Load Increasing,Normal
217.2,5.78,1255.0,NORMAL,System Normal ✅,Stable,Normal
227.6,4.23,963.0,NORMAL,System Normal ✅,Stable,Normal
239.2,4.47,1069.0,CRITICAL,High Voltage ⚠️,System Load Increasing,Normal
229.0,4.52,1035.0,NORMAL,System Normal ✅,Stable,Normal
229.0,4.1,939.0,NORMAL,System Normal ✅,Stable,Normal
216.8,4.12,893.0,NORMAL,System Normal ✅,Stable,Normal
221.0,5.52,1220.0,NORMAL,System Normal ✅,Stable,Normal
213.8,5.71,1221.0,NORMAL,System Normal ✅,Stable,Normal
236.7,4.83,1143.0,WARNING,High Voltage ⚠️,System Load Increasing,Normal
218.1,5.27,1149.0,NORMAL,System Normal ✅,Stable,Normal
232.6,4.31,1003.0,NORMAL,System Normal ✅,System Load Increasing,Normal
224.9,5.98,1345.0,NORMAL,System Normal ✅,Stable,Normal
227.0,5.88,1335.0,NORMAL,System Normal ✅,Stable,Normal
214.7,5.62,1207.0,NORMAL,System Normal ✅,Stable,Normal
237.6,4.98,1183.0,WARNING,High Voltage ⚠️,System Load Increasing,Normal
227.4,5.67,1289.0,NORMAL,System Normal ✅,Stable,Normal
219.7,4.34,953.0,NORMAL,System Normal ✅,Stable,Normal
228.1,4.7,1072.0,NORMAL,System Normal ✅,Stable,Normal
228.3,4.01,915.0,NORMAL,System Normal ✅,Stable,Normal
223.2,4.45,993.0,NORMAL,System Normal ✅,Stable,Normal
221.9,4.61,1023.0,NORMAL,System Normal ✅,Stable,Normal
220.5,4.51,994.0,NORMAL,System Normal ✅,Stable,Normal
220.1,4.58,1008.0,NORMAL,System Normal ✅,Stable,Normal
211.9,4.4,932.0,NORMAL,System Normal ✅,Stable,Normal
226.8,4.8,1089.0,NORMAL,System Normal ✅,Stable,Normal
231.1,5.61,1296.0,NORMAL,System Normal ✅,System Load Increasing,Normal
239.3,4.09,979.0,CRITICAL,High Voltage ⚠️,System Load Increasing,Normal
236.4,4.51,1066.0,WARNING,High Voltage ⚠️,System Load Increasing,Normal
224.9,5.04,1133.0,NORMAL,System Normal ✅,Stable,Normal
239.8,5.99,1436.0,CRITICAL,High Voltage ⚠️,System Load Increasing,Normal
214.0,4.13,884.0,NORMAL,System Normal ✅,Stable,Normal
213.6,5.85,1250.0,NORMAL,System Normal ✅,Stable,Normal
213.4,4.9,1046.0,NORMAL,System Normal ✅,Stable,Normal
228.1,4.62,1054.0,NORMAL,System Normal ✅,Stable,Normal
237.0,5.76,1365.0,WARNING,High Voltage ⚠️,System Load Increasing,Normal
230.0,5.19,1194.0,NORMAL,System Normal ✅,Stable,Normal
211.5,4.04,854.0,NORMAL,System Normal ✅,Stable,Normal
215.4,5.42,1167.0,NORMAL,System Normal ✅,Stable,Normal
218.2,4.08,890.0,NORMAL,System Normal ✅,Stable,Normal
213.6,5.93,1267.0,NORMAL,System Normal ✅,Stable,Normal
225.1,5.08,1144.0,NORMAL,System Normal ✅,Stable,Normal
213.8,4.67,998.0,NORMAL,System Normal ✅,Stable,Normal
220.2,5.84,1286.0,NORMAL,System Normal ✅,Stable,Normal
217.9,5.97,1301.0,NORMAL,System Normal ✅,Stable,Normal
219.7,5.45,1197.0,NORMAL,System Normal ✅,Stable,Normal
214.0,4.83,1034.0,NORMAL,System Normal ✅,Stable,Normal
216.0,5.74,1240.0,NORMAL,System Normal ✅,Stable,Normal
226.0,4.89,1105.0,NORMAL,System Normal ✅,System Load Increasing,Normal
229.7,4.0,919.0,NORMAL,System Normal ✅,System Load Increasing,Normal
210.4,4.12,867.0,NORMAL,System Normal ✅,Stable,Normal
235.6,5.89,1388.0,WARNING,High Voltage ⚠️,System Load Increasing,Normal
227.5,5.84,1329.0,NORMAL,System Normal ✅,System Load Increasing,Normal
212.1,4.96,1052.0,NORMAL,System Normal ✅,Stable,Normal
213.4,5.91,1261.0,NORMAL,System Normal ✅,Stable,Normal
225.4,5.0,1127.0,NORMAL,System Normal ✅,System Load Increasing,Normal
222.1,6.0,1333.0,NORMAL,System Normal ✅,Stable,Normal
227.7,5.78,1316.0,NORMAL,System Normal ✅,System Load Increasing,Normal
229.4,5.74,1317.0,NORMAL,System Normal ✅,System Load Increasing,Normal
230.0,5.99,1378.0,NORMAL,System Normal ✅,System Load Increasing,Normal
215.4,5.44,1172.0,NORMAL,System Normal ✅,Stable,Normal
215.3,5.1,1098.0,NORMAL,System Normal ✅,Stable,Normal
238.9,5.52,1319.0,CRITICAL,High Voltage ⚠️,Voltage Spike Risk,Anomaly 🚨
237.3,4.96,1177.0,WARNING,High Voltage ⚠️,System Load Increasing,Normal
226.8,4.22,957.0,NORMAL,System Normal ✅,Stable,Normal
231.9,5.23,1213.0,NORMAL,System Normal ✅,System Load Increasing,Normal
214.0,4.25,910.0,NORMAL,System Normal ✅,Stable,Normal
224.7,4.76,1070.0,NORMAL,System Normal ✅,Stable,Normal
237.1,4.24,1005.0,WARNING,High Voltage ⚠️,System Load Increasing,Normal
222.9,5.42,1208.0,NORMAL,System Normal ✅,Stable,Normal
237.0,4.68,1109.0,WARNING,High Voltage ⚠️,System Load Increasing,Normal
214.7,5.36,1151.0,NORMAL,System Normal ✅,Stable,Normal
216.8,5.15,1117.0,NORMAL,System Normal ✅,Stable,Normal
223.9,5.11,1144.0,NORMAL,System Normal ✅,Stable,Normal
225.8,4.08,921.0,NORMAL,System Normal ✅,Stable,Normal
228.8,4.1,938.0,NORMAL,System Normal ✅,Stable,Normal
238.2,4.49,1070.0,CRITICAL,High Voltage ⚠️,System Load Increasing,Normal
224.7,5.1,1146.0,NORMAL,System Normal ✅,Stable,Normal
231.9,4.05,939.0,NORMAL,System Normal ✅,System Load Increasing,Normal
224.9,5.27,1185.0,NORMAL,System Normal ✅,Stable,Normal
216.2,4.93,1066.0,NORMAL,System Normal ✅,Stable,Normal
229.0,4.59,1051.0,NORMAL,System Normal ✅,Stable,Normal
235.5,4.89,1152.0,WARNING,High Voltage ⚠️,System Load Increasing,Normal
238.9,5.33,1273.0,CRITICAL,High Voltage ⚠️,System Load Increasing,Normal
231.1,5.85,1352.0,NORMAL,System Normal ✅,Stable,Normal
233.6,5.43,1268.0,NORMAL,System Normal ✅,System Load Increasing,Normal
226.0,4.62,1044.0,NORMAL,System Normal ✅,Stable,Normal
229.6,4.31,990.0,NORMAL,System Normal ✅,Stable,Normal
235.3,5.57,1311.0,WARNING,High Voltage ⚠️,System Load Increasing,Normal
222.1,5.62,1248.0,NORMAL,System Normal ✅,Stable,Normal
212.1,5.77,1224.0,NORMAL,System Normal ✅,Stable,Normal
231.0,4.72,1090.0,NORMAL,System Normal ✅,Stable,Normal
227.0,4.18,949.0,NORMAL,System Normal ✅,Stable,Normal
225.1,4.62,1040.0,NORMAL,System Normal ✅,Stable,Normal
210.9,5.98,1261.0,NORMAL,System Normal ✅,Voltage Spike Risk,Anomaly 🚨
229.8,4.06,933.0,NORMAL,System Normal ✅,Stable,Normal
231.9,4.04,937.0,NORMAL,System Normal ✅,Stable,Normal
218.3,4.33,945.0,NORMAL,System Normal ✅,Stable,Normal
214.3,4.44,951.0,NORMAL,System Normal ✅,Stable,Normal
224.1,5.02,1125.0,NORMAL,System Normal ✅,Stable,Normal
233.6,4.58,1070.0,NORMAL,System Normal ✅,System Load Increasing,Normal
214.4,5.59,1198.0,NORMAL,System Normal ✅,Stable,Normal
214.4,5.57,1194.0,NORMAL,System Normal ✅,Stable,Normal
227.3,4.82,1096.0,NORMAL,System Normal ✅,Stable,Normal
211.8,4.26,902.0,NORMAL,System Normal ✅,Stable,Normal
220.8,4.49,991.0,NORMAL,System Normal ✅,Stable,Normal
210.3,5.09,1070.0,NORMAL,System Normal ✅,Stable,Normal
229.6,4.87,1118.0,NORMAL,System Normal ✅,System Load Increasing,Normal
236.0,4.59,1083.0,WARNING,High Voltage ⚠️,System Load Increasing,Normal
234.3,4.68,1097.0,NORMAL,System Normal ✅,System Load Increasing,Normal
238.1,5.89,1402.0,CRITICAL,High Voltage ⚠️,System Load Increasing,Normal
229.8,5.67,1303.0,NORMAL,System Normal ✅,System Load Increasing,Normal
220.8,4.04,892.0,NORMAL,System Normal ✅,Stable,Normal
225.1,5.13,1155.0,NORMAL,System Normal ✅,Stable,Normal
230.3,4.47,1029.0,NORMAL,System Normal ✅,System Load Increasing,Normal
238.6,5.47,1305.0,CRITICAL,High Voltage ⚠️,System Load Increasing,Normal
228.1,4.98,1136.0,NORMAL,System Normal ✅,Stable,Normal
238.4,4.64,1106.0,CRITICAL,High Voltage ⚠️,System Load Increasing,Normal
218.6,5.6,1224.0,NORMAL,System Normal ✅,Stable,Normal
228.5,5.52,1261.0,NORMAL,System Normal ✅,Stable,Normal
224.8,4.7,1057.0,NORMAL,System Normal ✅,Stable,Normal
233.0,5.8,1351.0,NORMAL,System Normal ✅,System Load Increasing,Normal
236.3,5.21,1231.0,WARNING,High Voltage ⚠️,System Load Increasing,Normal
220.0,4.36,959.0,NORMAL,System Normal ✅,Stable,Normal
228.3,5.42,1237.0,NORMAL,System Normal ✅,Stable,Normal
220.0,4.72,1038.0,NORMAL,System Normal ✅,Stable,Normal
239.4,4.02,962.0,CRITICAL,High Voltage ⚠️,System Load Increasing,Normal
212.9,4.98,1060.0,NORMAL,System Normal ✅,Voltage Spike Risk,Anomaly 🚨
229.6,5.91,1357.0,NORMAL,System Normal ✅,Stable,Normal
234.7,4.92,1155.0,NORMAL,System Normal ✅,System Load Increasing,Normal
229.4,4.19,961.0,NORMAL,System Normal ✅,Stable,Normal
228.1,4.9,1118.0,NORMAL,System Normal ✅,Stable,Normal
216.6,4.92,1066.0,NORMAL,System Normal ✅,Stable,Normal
211.2,5.53,1168.0,NORMAL,System Normal ✅,Stable,Normal
239.8,5.98,1434.0,CRITICAL,High Voltage ⚠️,System Load Increasing,Normal
228.3,4.08,931.0,NORMAL,System Normal ✅,Stable,Normal
220.1,4.2,924.0,NORMAL,System Normal ✅,Stable,Normal
235.3,4.4,1035.0,WARNING,High Voltage ⚠️,System Load Increasing,Normal
235.3,5.72,1346.0,WARNING,High Voltage ⚠️,System Load Increasing,Normal
227.5,4.84,1101.0,NORMAL,System Normal ✅,Stable,Normal
227.6,5.45,1240.0,NORMAL,System Normal ✅,Stable,Normal
214.7,4.34,932.0,NORMAL,System Normal ✅,Stable,Normal
239.6,4.79,1148.0,CRITICAL,High Voltage ⚠️,System Load Increasing,Normal
235.3,5.92,1393.0,WARNING,High Voltage ⚠️,System Load Increasing,Normal
228.6,4.94,1129.0,NORMAL,System Normal ✅,Stable,Normal
215.6,4.14,893.0,NORMAL,System Normal ✅,Stable,Normal
234.5,5.93,1391.0,NORMAL,System Normal ✅,System Load Increasing,Normal
229.3,6.0,1376.0,NORMAL,System Normal ✅,Stable,Normal
230.3,5.53,1274.0,NORMAL,System Normal ✅,Stable,Normal
221.0,5.35,1182.0,NORMAL,System Normal ✅,Stable,Normal
237.9,4.1,975.0,WARNING,High Voltage ⚠️,System Load Increasing,Normal
217.9,5.28,1151.0,NORMAL,System Normal ✅,Stable,Normal
233.0,5.27,1228.0,NORMAL,System Normal ✅,Stable,Normal
220.6,5.1,1125.0,NORMAL,System Normal ✅,Stable,Normal
216.6,4.18,905.0,NORMAL,System Normal ✅,Stable,Normal
238.3,4.36,1039.0,CRITICAL,High Voltage ⚠️,System Load Increasing,Normal
220.8,5.14,1135.0,NORMAL,System Normal ✅,Stable,Normal
211.0,4.11,867.0,NORMAL,System Normal ✅,Stable,Normal
218.6,5.72,1250.0,NORMAL,System Normal ✅,Stable,Normal
219.5,4.2,922.0,NORMAL,System Normal ✅,Stable,Normal
224.3,4.61,1034.0,NORMAL,System Normal ✅,Stable,Normal
224.1,6.0,1345.0,NORMAL,System Normal ✅,Stable,Normal
239.2,5.29,1265.0,CRITICAL,High Voltage ⚠️,System Load Increasing,Normal
217.1,4.78,1038.0,NORMAL,System Normal ✅,Stable,Normal
233.6,4.83,1128.0,NORMAL,System Normal ✅,System Load Increasing,Normal
239.2,5.67,1356.0,CRITICAL,High Voltage ⚠️,System Load Increasing,Normal
223.5,4.0,894.0,NORMAL,System Normal ✅,Stable,Normal
216.5,5.63,1219.0,NORMAL,System Normal ✅,Stable,Normal
227.0,5.86,1330.0,NORMAL,System Normal ✅,Stable,Normal
224.9,4.42,994.0,NORMAL,System Normal ✅,Stable,Normal
231.3,5.63,1302.0,NORMAL,System Normal ✅,System Load Increasing,Normal
222.9,4.7,1048.0,NORMAL,System Normal ✅,Stable,Normal
232.5,4.7,1093.0,NORMAL,System Normal ✅,System Load Increasing,Normal
225.4,5.37,1210.0,NORMAL,System Normal ✅,Stable,Normal
224.4,4.18,938.0,NORMAL,System Normal ✅,Stable,Normal
223.8,5.58,1249.0,NORMAL,System Normal ✅,Stable,Normal
228.1,4.71,1074.0,NORMAL,System Normal ✅,Stable,Normal
215.6,4.95,1067.0,NORMAL,System Normal ✅,Stable,Normal
238.4,5.48,1306.0,CRITICAL,High Voltage ⚠️,System Load Increasing,Normal
238.0,5.59,1330.0,WARNING,High Voltage ⚠️,System Load Increasing,Normal
220.2,5.75,1266.0,NORMAL,System Normal ✅,Stable,Normal
238.8,5.28,1261.0,CRITICAL,High Voltage ⚠️,System Load Increasing,Normal
236.2,4.83,1141.0,WARNING,High Voltage ⚠️,System Load Increasing,Normal
211.3,4.6,972.0,NORMAL,System Normal ✅,Stable,Normal
224.0,4.83,1082.0,NORMAL,System Normal ✅,Stable,Normal
226.0,4.55,1028.0,NORMAL,System Normal ✅,Stable,Normal
211.0,4.77,1006.0,NORMAL,System Normal ✅,Stable,Normal
225.5,4.65,1049.0,NORMAL,System Normal ✅,Stable,Normal
212.0,5.33,1130.0,NORMAL,System Normal ✅,Stable,Normal
223.5,4.24,948.0,NORMAL,System Normal ✅,Stable,Normal
210.7,4.03,849.0,NORMAL,System Normal ✅,Stable,Normal
215.6,5.75,1240.0,NORMAL,System Normal ✅,Stable,Normal
228.8,4.23,968.0,NORMAL,System Normal ✅,Stable,Normal
223.8,4.09,915.0,NORMAL,System Normal ✅,Stable,Normal
211.1,5.3,1119.0,NORMAL,System Normal ✅,Stable,Normal
227.4,4.89,1112.0,NORMAL,System Normal ✅,Stable,Normal
218.1,4.78,1043.0,NORMAL,System Normal ✅,Stable,Normal
212.0,4.62,979.0,NORMAL,System Normal ✅,Stable,Normal
217.0,5.3,1150.0,NORMAL,System Normal ✅,Stable,Normal
229.8,4.26,979.0,NORMAL,System Normal ✅,System Load Increasing,Normal
220.2,5.36,1180.0,NORMAL,System Normal ✅,Stable,Normal
232.2,5.21,1210.0,NORMAL,System Normal ✅,System Load Increasing,Normal
210.9,4.21,888.0,NORMAL,System Normal ✅,Stable,Normal
223.3,5.72,1277.0,NORMAL,System Normal ✅,Stable,Normal
218.9,5.01,1097.0,NORMAL,System Normal ✅,Stable,Normal
214.8,5.41,1162.0,NORMAL,System Normal ✅,Stable,Normal
224.2,4.16,933.0,NORMAL,System Normal ✅,Stable,Normal
235.7,5.41,1275.0,WARNING,High Voltage ⚠️,System Load Increasing,Normal
228.9,5.29,1211.0,NORMAL,System Normal ✅,System Load Increasing,Normal
220.9,4.85,1071.0,NORMAL,System Normal ✅,Stable,Normal
226.0,5.78,1306.0,NORMAL,System Normal ✅,Stable,Normal
225.1,4.47,1006.0,NORMAL,System Normal ✅,Stable,Normal
232.8,4.67,1087.0,NORMAL,System Normal ✅,System Load Increasing,Normal
237.0,5.49,1301.0,WARNING,High Voltage ⚠️,System Load Increasing,Normal
228.1,4.34,990.0,NORMAL,System Normal ✅,Stable,Normal
228.7,4.26,974.0,NORMAL,System Normal ✅,Stable,Normal
215.3,4.81,1036.0,NORMAL,System Normal ✅,Stable,Normal
212.0,5.39,1143.0,NORMAL,System Normal ✅,Stable,Normal
216.4,5.94,1285.0,NORMAL,System Normal ✅,Stable,Normal
215.5,4.67,1006.0,NORMAL,System Normal ✅,Stable,Normal
227.4,5.19,1180.0,NORMAL,System Normal ✅,Stable,Normal
237.6,4.91,1167.0,WARNING,High Voltage ⚠️,System Load Increasing,Normal
220.7,4.23,934.0,NORMAL,System Normal ✅,Stable,Normal
228.2,4.51,1029.0,NORMAL,System Normal ✅,Stable,Normal
236.0,5.41,1277.0,WARNING,High Voltage ⚠️,System Load Increasing,Normal
214.3,4.72,1011.0,NORMAL,System Normal ✅,Stable,Normal
218.1,5.29,1154.0,NORMAL,System Normal ✅,Stable,Normal
210.7,4.34,914.0,NORMAL,System Normal ✅,Stable,Normal
232.9,5.61,1307.0,NORMAL,System Normal ✅,System Load Increasing,Normal
235.4,5.11,1203.0,WARNING,High Voltage ⚠️,System Load Increasing,Normal
234.1,5.41,1266.0,NORMAL,System Normal ✅,System Load Increasing,Normal
218.7,4.12,901.0,NORMAL,System Normal ✅,Stable,Normal
223.4,5.75,1285.0,NORMAL,System Normal ✅,Stable,Normal
233.6,4.45,1040.0,NORMAL,System Normal ✅,System Load Increasing,Normal
233.3,4.46,1041.0,NORMAL,System Normal ✅,System Load Increasing,Normal
220.2,5.32,1171.0,NORMAL,System Normal ✅,Stable,Normal
213.9,4.37,935.0,NORMAL,System Normal ✅,Stable,Normal
234.6,5.81,1363.0,NORMAL,System Normal ✅,System Load Increasing,Normal
214.1,5.33,1141.0,NORMAL,System Normal ✅,Stable,Normal
211.2,4.25,898.0,NORMAL,System Normal ✅,Stable,Normal
225.3,4.33,976.0,NORMAL,System Normal ✅,Stable,Normal
224.6,5.16,1159.0,NORMAL,System Normal ✅,Stable,Normal
228.6,5.32,1216.0,NORMAL,System Normal ✅,Stable,Normal
238.5,4.46,1064.0,CRITICAL,High Voltage ⚠️,System Load Increasing,Normal
220.6,5.3,1169.0,NORMAL,System Normal ✅,Stable,Normal
213.5,5.29,1129.0,NORMAL,System Normal ✅,Stable,Normal
226.8,4.33,982.0,NORMAL,System Normal ✅,Stable,Normal
238.4,5.13,1223.0,CRITICAL,High Voltage ⚠️,System Load Increasing,Normal
215.8,5.8,1252.0,NORMAL,System Normal ✅,Stable,Normal
237.9,4.01,954.0,WARNING,High Voltage ⚠️,System Load Increasing,Normal
236.8,6.0,1421.0,WARNING,High Voltage ⚠️,System Load Increasing,Normal
226.8,4.02,912.0,NORMAL,System Normal ✅,Stable,Normal
211.9,5.9,1250.0,NORMAL,System Normal ✅,Stable,Normal
224.0,4.92,1102.0,NORMAL,System Normal ✅,Stable,Normal
227.9,5.05,1151.0,NORMAL,System Normal ✅,Stable,Normal
210.9,4.88,1029.0,NORMAL,System Normal ✅,Stable,Normal
225.1,5.0,1126.0,NORMAL,System Normal ✅,Stable,Normal
227.9,4.69,1069.0,NORMAL,System Normal ✅,Stable,Normal
232.6,5.53,1286.0,NORMAL,System Normal ✅,System Load Increasing,Normal
212.5,4.03,856.0,NORMAL,System Normal ✅,Stable,Normal
230.3,4.43,1020.0,NORMAL,System Normal ✅,Stable,Normal
230.8,4.79,1106.0,NORMAL,System Normal ✅,Stable,Normal
236.2,4.14,978.0,WARNING,High Voltage ⚠️,System Load Increasing,Normal
230.5,4.27,984.0,NORMAL,System Normal ✅,Stable,Normal
216.8,5.39,1169.0,NORMAL,System Normal ✅,Stable,Normal
235.7,4.42,1042.0,WARNING,High Voltage ⚠️,System Load Increasing,Normal
238.2,5.04,1201.0,CRITICAL,High Voltage ⚠️,System Load Increasing,Normal
234.0,4.37,1023.0,NORMAL,System Normal ✅,System Load Increasing,Normal
224.7,4.63,1040.0,NORMAL,System Normal ✅,Stable,Normal
230.8,4.27,986.0,NORMAL,System Normal ✅,Stable,Normal
226.4,5.62,1272.0,NORMAL,System Normal ✅,Stable,Normal
228.0,5.11,1165.0,NORMAL,System Normal ✅,Stable,Normal
233.2,4.81,1122.0,NORMAL,System Normal ✅,System Load Increasing,Normal
231.4,5.89,1363.0,NORMAL,System Normal ✅,Stable,Normal
222.8,4.77,1063.0,NORMAL,System Normal ✅,Stable,Normal
223.0,4.49,1001.0,NORMAL,System Normal ✅,Stable,Normal
212.4,4.32,918.0,NORMAL,System Normal ✅,Voltage Spike Risk,Anomaly 🚨
221.7,4.11,911.0,NORMAL,System Normal ✅,Stable,Normal
222.6,4.07,906.0,NORMAL,System Normal ✅,Stable,Normal
210.4,4.79,1008.0,NORMAL,System Normal ✅,Voltage Spike Risk,Anomaly 🚨
216.2,4.59,992.0,NORMAL,System Normal ✅,Stable,Normal
217.8,4.01,873.0,NORMAL,System Normal ✅,Stable,Normal
217.0,4.85,1052.0,NORMAL,System Normal ✅,Stable,Normal
214.0,4.06,869.0,NORMAL,System Normal ✅,Stable,Normal
220.5,4.05,893.0,NORMAL,System Normal ✅,Stable,Normal
239.9,4.75,1140.0,CRITICAL,High Voltage ⚠️,System Load Increasing,Normal
228.0,4.62,1053.0,NORMAL,System Normal ✅,Stable,Normal
227.2,5.81,1320.0,NORMAL,System Normal ✅,Stable,Normal
226.7,5.34,1211.0,NORMAL,System Normal ✅,Stable,Normal
238.6,4.66,1112.0,CRITICAL,High Voltage ⚠️,System Load Increasing,Normal
225.1,4.29,966.0,NORMAL,System Normal ✅,Stable,Normal
214.9,5.79,1244.0,NORMAL,System Normal ✅,Stable,Normal
229.5,5.82,1336.0,NORMAL,System Normal ✅,System Load Increasing,Normal
224.8,4.5,1012.0,NORMAL,System Normal ✅,Stable,Normal
234.7,4.94,1159.0,NORMAL,System Normal ✅,System Load Increasing,Normal
222.9,4.34,967.0,NORMAL,System Normal ✅,Stable,Normal
228.8,5.83,1334.0,NORMAL,System Normal ✅,Stable,Normal
239.3,4.95,1185.0,CRITICAL,High Voltage ⚠️,System Load Increasing,Normal
218.9,4.03,882.0,NORMAL,System Normal ✅,Stable,Normal
224.4,4.03,904.0,NORMAL,System Normal ✅,Stable,Normal
224.8,4.76,1070.0,NORMAL,System Normal ✅,Stable,Normal
214.4,4.46,956.0,NORMAL,System Normal ✅,Stable,Normal
223.9,5.53,1238.0,NORMAL,System Normal ✅,Stable,Normal
214.5,5.13,1100.0,NORMAL,System Normal ✅,Stable,Normal
230.5,5.57,1284.0,NORMAL,System Normal ✅,Stable,Normal
226.5,4.69,1062.0,NORMAL,System Normal ✅,Stable,Normal
237.2,5.51,1307.0,WARNING,High Voltage ⚠️,System Load Increasing,Normal
223.5,5.16,1153.0,NORMAL,System Normal ✅,Stable,Normal
213.4,5.3,1131.0,NORMAL,System Normal ✅,Stable,Normal
227.5,4.04,919.0,NORMAL,System Normal ✅,Stable,Normal
210.5,5.31,1118.0,NORMAL,System Normal ✅,Stable,Normal
225.8,4.0,903.0,NORMAL,System Normal ✅,Stable,Normal
210.4,4.95,1041.0,NORMAL,System Normal ✅,Stable,Normal
239.9,4.38,1051.0,CRITICAL,High Voltage ⚠️,System Load Increasing,Normal
222.8,4.94,1101.0,NORMAL,System Normal ✅,Stable,Normal
219.5,4.63,1016.0,NORMAL,System Normal ✅,Stable,Normal
226.7,4.06,920.0,NORMAL,System Normal ✅,Stable,Normal
210.5,5.74,1208.0,NORMAL,System Normal ✅,Stable,Normal
228.0,4.05,923.0,NORMAL,System Normal ✅,System Load Increasing,Normal
228.9,5.46,1250.0,NORMAL,System Normal ✅,System Load Increasing,Normal
239.4,5.08,1216.0,CRITICAL,High Voltage ⚠️,System Load Increasing,Normal
227.1,5.22,1185.0,NORMAL,System Normal ✅,Stable,Normal
219.3,4.69,1029.0,NORMAL,System Normal ✅,Stable,Normal
210.0,4.12,865.0,NORMAL,System Normal ✅,Stable,Normal
211.6,5.39,1141.0,NORMAL,System Normal ✅,Stable,Normal
233.7,5.91,1381.0,NORMAL,System Normal ✅,System Load Increasing,Normal
210.4,5.56,1170.0,NORMAL,System Normal ✅,Stable,Normal
213.1,5.06,1078.0,NORMAL,System Normal ✅,Stable,Normal
238.4,4.83,1151.0,CRITICAL,High Voltage ⚠️,System Load Increasing,Normal
237.3,5.2,1234.0,WARNING,High Voltage ⚠️,System Load Increasing,Normal
223.6,4.74,1060.0,NORMAL,System Normal ✅,Stable,Normal
238.2,4.17,993.0,CRITICAL,High Voltage ⚠️,System Load Increasing,Normal
227.6,5.31,1209.0,NORMAL,System Normal ✅,Stable,Normal
211.5,4.05,857.0,NORMAL,System Normal ✅,Stable,Normal
221.1,5.15,1139.0,NORMAL,System Normal ✅,Stable,Normal
228.8,5.07,1160.0,NORMAL,System Normal ✅,Stable,Normal
236.2,4.77,1127.0,WARNING,High Voltage ⚠️,System Load Increasing,Normal
236.9,4.29,1016.0,WARNING,High Voltage ⚠️,System Load Increasing,Normal
231.5,5.09,1178.0,NORMAL,System Normal ✅,System Load Increasing,Normal
238.4,5.8,1383.0,CRITICAL,High Voltage ⚠️,System Load Increasing,Normal
236.7,5.36,1269.0,WARNING,High Voltage ⚠️,System Load Increasing,Normal
239.4,5.6,1341.0,CRITICAL,High Voltage ⚠️,System Load Increasing,Normal
210.4,5.07,1067.0,NORMAL,System Normal ✅,Stable,Normal
217.4,4.11,894.0,NORMAL,System Normal ✅,Stable,Normal
213.5,4.73,1010.0,NORMAL,System Normal ✅,Stable,Normal
235.0,5.54,1302.0,NORMAL,System Normal ✅,System Load Increasing,Normal
235.7,5.25,1237.0,WARNING,High Voltage ⚠️,System Load Increasing,Normal
212.3,5.5,1168.0,NORMAL,System Normal ✅,Stable,Normal
219.5,4.03,885.0,NORMAL,System Normal ✅,Stable,Normal
223.8,5.31,1188.0,NORMAL,System Normal ✅,Stable,Normal
224.1,5.99,1342.0,NORMAL,System Normal ✅,Stable,Normal
238.6,4.45,1062.0,CRITICAL,High Voltage ⚠️,System Load Increasing,Normal
216.1,5.85,1264.0,NORMAL,System Normal ✅,Stable,Normal
221.6,4.29,951.0,NORMAL,System Normal ✅,Stable,Normal
213.2,5.75,1226.0,NORMAL,System Normal ✅,Stable,Normal
222.7,4.6,1024.0,NORMAL,System Normal ✅,Stable,Normal
215.9,5.91,1276.0,NORMAL,System Normal ✅,Stable,Normal
224.0,5.21,1167.0,NORMAL,System Normal ✅,Stable,Normal
232.0,5.33,1237.0,NORMAL,System Normal ✅,System Load Increasing,Normal
220.1,5.66,1246.0,NORMAL,System Normal ✅,Stable,Normal
229.4,5.18,1188.0,NORMAL,System Normal ✅,System Load Increasing,Normal
225.3,4.17,940.0,NORMAL,System Normal ✅,Stable,Normal
221.8,5.2,1153.0,NORMAL,System Normal ✅,Stable,Normal
221.5,5.54,1227.0,NORMAL,System Normal ✅,Stable,Normal
219.8,5.87,1290.0,NORMAL,System Normal ✅,Stable,Normal
233.0,5.49,1279.0,NORMAL,System Normal ✅,System Load Increasing,Normal
226.0,5.21,1177.0,NORMAL,System Normal ✅,Stable,Normal
217.9,5.99,1305.0,NORMAL,System Normal ✅,Stable,Normal
233.1,4.09,953.0,NORMAL,System Normal ✅,System Load Increasing,Normal
230.4,4.08,940.0,NORMAL,System Normal ✅,System Load Increasing,Normal
215.5,5.2,1121.0,NORMAL,System Normal ✅,Stable,Normal
225.2,5.55,1250.0,NORMAL,System Normal ✅,Stable,Normal
233.0,4.86,1132.0,NORMAL,System Normal ✅,System Load Increasing,Normal
213.6,4.58,978.0,NORMAL,System Normal ✅,Stable,Normal
236.4,5.14,1215.0,WARNING,High Voltage ⚠️,System Load Increasing,Normal
215.7,5.15,1111.0,NORMAL,System Normal ✅,Stable,Normal
234.9,4.0,940.0,NORMAL,System Normal ✅,System Load Increasing,Normal
212.2,5.06,1074.0,NORMAL,System Normal ✅,Stable,Normal
227.6,5.77,1313.0,NORMAL,System Normal ✅,Stable,Normal
224.9,5.67,1275.0,NORMAL,System Normal ✅,Stable,Normal
214.5,5.06,1085.0,NORMAL,System Normal ✅,Stable,Normal
228.4,4.32,987.0,NORMAL,System Normal ✅,Stable,Normal
227.4,5.06,1151.0,NORMAL,System Normal ✅,Stable,Normal
218.0,4.65,1014.0,NORMAL,System Normal ✅,Stable,Normal
237.0,4.79,1135.0,WARNING,High Voltage ⚠️,System Load Increasing,Normal
233.6,4.56,1065.0,NORMAL,System Normal ✅,System Load Increasing,Normal
238.8,6.0,1433.0,CRITICAL,High Voltage ⚠️,System Load Increasing,Normal
214.7,5.31,1140.0,NORMAL,System Normal ✅,Stable,Normal
221.4,4.56,1010.0,NORMAL,System Normal ✅,Stable,Normal
221.8,5.23,1160.0,NORMAL,System Normal ✅,Stable,Normal
212.2,5.4,1146.0,NORMAL,System Normal ✅,Stable,Normal
229.6,4.48,1029.0,NORMAL,System Normal ✅,Stable,Normal
239.9,4.15,996.0,CRITICAL,High Voltage ⚠️,System Load Increasing,Normal
237.6,4.67,1110.0,WARNING,High Voltage ⚠️,System Load Increasing,Normal
226.7,5.83,1322.0,NORMAL,System Normal ✅,Stable,Normal
231.6,5.04,1167.0,NORMAL,System Normal ✅,Stable,Normal
235.9,4.4,1038.0,WARNING,High Voltage ⚠️,System Load Increasing,Normal
229.2,4.88,1118.0,NORMAL,System Normal ✅,Stable,Normal
236.5,5.81,1374.0,WARNING,High Voltage ⚠️,System Load Increasing,Normal
231.7,5.59,1295.0,NORMAL,System Normal ✅,Stable,Normal
231.6,4.81,1114.0,NORMAL,System Normal ✅,Stable,Normal
216.0,5.63,1216.0,NORMAL,System Normal ✅,Stable,Normal
233.3,4.28,999.0,NORMAL,System Normal ✅,Stable,Normal
217.8,5.18,1128.0,NORMAL,System Normal ✅,Stable,Normal
231.2,4.66,1077.0,NORMAL,System Normal ✅,Stable,Normal
210.7,4.77,1005.0,NORMAL,System Normal ✅,Stable,Normal
237.9,5.15,1225.0,WARNING,High Voltage ⚠️,System Load Increasing,Normal
215.3,5.28,1137.0,NORMAL,System Normal ✅,Stable,Normal
217.8,5.2,1133.0,NORMAL,System Normal ✅,Stable,Normal
231.2,5.33,1232.0,NORMAL,System Normal ✅,Stable,Normal
233.8,4.76,1113.0,NORMAL,System Normal ✅,System Load Increasing,Normal
231.9,4.77,1106.0,NORMAL,System Normal ✅,Stable,Normal
234.8,5.09,1195.0,NORMAL,System Normal ✅,System Load Increasing,Normal
220.5,4.28,944.0,NORMAL,System Normal ✅,Stable,Normal
216.4,4.88,1056.0,NORMAL,System Normal ✅,Stable,Normal
232.4,5.09,1183.0,NORMAL,System Normal ✅,System Load Increasing,Normal
228.3,5.59,1276.0,NORMAL,System Normal ✅,Stable,Normal
226.8,5.15,1168.0,NORMAL,System Normal ✅,Stable,Normal
223.6,5.94,1328.0,NORMAL,System Normal ✅,Stable,Normal
219.2,5.51,1208.0,NORMAL,System Normal ✅,Stable,Normal
224.6,5.55,1247.0,NORMAL,System Normal ✅,Stable,Normal
215.4,4.92,1060.0,NORMAL,System Normal ✅,Stable,Normal
230.2,4.13,951.0,NORMAL,System Normal ✅,System Load Increasing,Normal
238.3,4.48,1068.0,CRITICAL,High Voltage ⚠️,System Load Increasing,Normal
210.5,5.29,1114.0,NORMAL,System Normal ✅,Stable,Normal
222.2,5.11,1135.0,NORMAL,System Normal ✅,Stable,Normal
212.6,4.81,1023.0,NORMAL,System Normal ✅,Stable,Normal
213.3,5.54,1182.0,NORMAL,System Normal ✅,Stable,Normal
215.7,5.15,1111.0,NORMAL,System Normal ✅,Stable,Normal
210.4,4.38,922.0,NORMAL,System Normal ✅,Stable,Normal
228.9,4.88,1117.0,NORMAL,System Normal ✅,System Load Increasing,Normal
230.4,5.53,1274.0,NORMAL,System Normal ✅,System Load Increasing,Normal
215.2,5.49,1181.0,NORMAL,System Normal ✅,Stable,Normal
219.1,4.26,933.0,NORMAL,System Normal ✅,Stable,Normal
226.3,5.89,1333.0,NORMAL,System Normal ✅,Stable,Normal
222.2,5.74,1275.0,NORMAL,System Normal ✅,Stable,Normal
223.9,4.43,992.0,NORMAL,System Normal ✅,Stable,Normal
218.9,4.93,1079.0,NORMAL,System Normal ✅,Stable,Normal
239.1,5.56,1329.0,CRITICAL,High Voltage ⚠️,Voltage Spike Risk,Anomaly 🚨
220.5,4.59,1012.0,NORMAL,System Normal ✅,Stable,Normal
229.4,5.07,1163.0,NORMAL,System Normal ✅,System Load Increasing,Normal
222.2,5.1,1133.0,NORMAL,System Normal ✅,Stable,Normal
217.3,4.21,915.0,NORMAL,System Normal ✅,Stable,Normal
210.2,5.51,1158.0,NORMAL,System Normal ✅,Stable,Normal
211.9,5.22,1106.0,NORMAL,System Normal ✅,Stable,Normal
236.5,5.47,1294.0,WARNING,High Voltage ⚠️,System Load Increasing,Normal
223.1,4.0,892.0,NORMAL,System Normal ✅,Stable,Normal
225.2,5.43,1223.0,NORMAL,System Normal ✅,Stable,Normal
233.4,5.31,1239.0,NORMAL,System Normal ✅,System Load Increasing,Normal
234.6,5.4,1267.0,NORMAL,System Normal ✅,System Load Increasing,Normal
215.7,4.34,936.0,NORMAL,System Normal ✅,Stable,Normal
229.1,4.67,1070.0,NORMAL,System Normal ✅,System Load Increasing,Normal
221.2,5.19,1148.0,NORMAL,System Normal ✅,Stable,Normal
229.1,4.35,997.0,NORMAL,System Normal ✅,Stable,Normal
231.2,4.63,1070.0,NORMAL,System Normal ✅,System Load Increasing,Normal
216.7,5.28,1144.0,NORMAL,System Normal ✅,Stable,Normal
237.3,6.0,1424.0,WARNING,High Voltage ⚠️,System Load Increasing,Normal
221.4,5.82,1289.0,NORMAL,System Normal ✅,Stable,Normal
214.2,4.68,1002.0,NORMAL,System Normal ✅,Stable,Normal
226.6,5.99,1357.0,NORMAL,System Normal ✅,Stable,Normal
227.3,5.37,1221.0,NORMAL,System Normal ✅,Stable,Normal
231.5,5.16,1195.0,NORMAL,System Normal ✅,System Load Increasing,Normal
214.3,5.09,1091.0,NORMAL,System Normal ✅,Stable,Normal
226.6,4.29,972.0,NORMAL,System Normal ✅,Stable,Normal
225.3,5.54,1248.0,NORMAL,System Normal ✅,Stable,Normal
227.8,4.2,957.0,NORMAL,System Normal ✅,Stable,Normal
217.3,4.53,984.0,NORMAL,System Normal ✅,Stable,Normal
230.1,5.18,1192.0,NORMAL,System Normal ✅,Stable,Normal
232.6,4.73,1100.0,NORMAL,System Normal ✅,System Load Increasing,Normal
239.1,5.13,1227.0,CRITICAL,High Voltage ⚠️,System Load Increasing,Normal
234.9,5.92,1391.0,NORMAL,System Normal ✅,System Load Increasing,Normal
222.8,4.66,1038.0,NORMAL,System Normal ✅,Stable,Normal
215.0,5.05,1086.0,NORMAL,System Normal ✅,Stable,Normal
218.9,4.27,935.0,NORMAL,System Normal ✅,Stable,Normal
217.1,4.7,1020.0,NORMAL,System Normal ✅,Stable,Normal
230.6,4.92,1135.0,NORMAL,System Normal ✅,System Load Increasing,Normal
235.5,4.01,944.0,WARNING,High Voltage ⚠️,System Load Increasing,Normal
237.4,5.3,1258.0,WARNING,High Voltage ⚠️,System Load Increasing,Normal
213.1,5.55,1183.0,NORMAL,System Normal ✅,Stable,Normal
237.8,4.47,1063.0,WARNING,High Voltage ⚠️,System Load Increasing,Normal
225.0,4.27,961.0,NORMAL,System Normal ✅,Stable,Normal
234.8,4.37,1026.0,NORMAL,System Normal ✅,System Load Increasing,Normal
231.1,4.45,1028.0,NORMAL,System Normal ✅,Stable,Normal
223.3,5.3,1183.0,NORMAL,System Normal ✅,Stable,Normal
228.8,5.7,1304.0,NORMAL,System Normal ✅,Stable,Normal
232.8,4.02,936.0,NORMAL,System Normal ✅,Stable,Normal
224.1,5.7,1277.0,NORMAL,System Normal ✅,Stable,Normal
219.4,4.54,996.0,NORMAL,System Normal ✅,Stable,Normal
214.5,4.71,1010.0,NORMAL,System Normal ✅,Stable,Normal
220.1,5.42,1193.0,NORMAL,System Normal ✅,Stable,Normal
214.3,5.17,1108.0,NORMAL,System Normal ✅,Stable,Normal
229.9,5.39,1239.0,NORMAL,System Normal ✅,Stable,Normal
231.7,5.2,1205.0,NORMAL,System Normal ✅,System Load Increasing,Normal
235.6,5.57,1312.0,WARNING,High Voltage ⚠️,System Load Increasing,Normal
210.5,4.22,888.0,NORMAL,System Normal ✅,Stable,Normal
225.4,4.09,922.0,NORMAL,System Normal ✅,Stable,Normal
221.1,5.58,1234.0,NORMAL,System Normal ✅,Stable,Normal
228.7,5.76,1317.0,NORMAL,System Normal ✅,Stable,Normal
220.8,5.19,1146.0,NORMAL,System Normal ✅,Stable,Normal
218.8,5.46,1195.0,NORMAL,System Normal ✅,Stable,Normal
229.2,4.16,953.0,NORMAL,System Normal ✅,Stable,Normal
230.8,5.72,1320.0,NORMAL,System Normal ✅,System Load Increasing,Normal
221.7,5.51,1222.0,NORMAL,System Normal ✅,Stable,Normal
211.8,4.77,1010.0,NORMAL,System Normal ✅,Stable,Normal
234.0,5.62,1315.0,NORMAL,System Normal ✅,System Load Increasing,Normal
231.8,5.45,1263.0,NORMAL,System Normal ✅,System Load Increasing,Normal
233.6,5.14,1201.0,NORMAL,System Normal ✅,System Load Increasing,Normal
236.0,4.45,1050.0,WARNING,High Voltage ⚠️,System Load Increasing,Normal
215.0,4.33,931.0,NORMAL,System Normal ✅,Stable,Normal
214.0,4.52,967.0,NORMAL,System Normal ✅,Stable,Normal
230.3,4.53,1043.0,NORMAL,System Normal ✅,Stable,Normal
230.2,4.35,1001.0,NORMAL,System Normal ✅,Stable,Normal
216.3,4.66,1008.0,NORMAL,System Normal ✅,Stable,Normal
236.3,5.89,1392.0,WARNING,High Voltage ⚠️,System Load Increasing,Normal
225.6,5.69,1284.0,NORMAL,System Normal ✅,Stable,Normal
210.9,5.88,1240.0,NORMAL,System Normal ✅,Stable,Normal
231.3,4.65,1076.0,NORMAL,System Normal ✅,System Load Increasing,Normal
212.5,5.77,1226.0,NORMAL,System Normal ✅,Stable,Normal
223.4,5.48,1224.0,NORMAL,System Normal ✅,Stable,Normal
224.5,4.83,1084.0,NORMAL,System Normal ✅,Stable,Normal
225.5,4.13,931.0,NORMAL,System Normal ✅,Stable,Normal
216.6,4.9,1061.0,NORMAL,System Normal ✅,Stable,Normal
228.0,4.03,919.0,NORMAL,System Normal ✅,Stable,Normal
229.6,5.23,1201.0,NORMAL,System Normal ✅,Stable,Normal
212.9,4.46,950.0,NORMAL,System Normal ✅,Stable,Normal
229.8,4.73,1087.0,NORMAL,System Normal ✅,System Load Increasing,Normal
219.5,5.62,1234.0,NORMAL,System Normal ✅,Stable,Normal
210.2,4.49,944.0,NORMAL,System Normal ✅,Stable,Normal
220.4,4.44,979.0,NORMAL,System Normal ✅,Stable,Normal
215.9,4.25,918.0,NORMAL,System Normal ✅,Stable,Normal
236.5,5.77,1365.0,WARNING,High Voltage ⚠️,System Load Increasing,Normal
223.4,5.82,1300.0,NORMAL,System Normal ✅,Stable,Normal
214.1,5.89,1261.0,NORMAL,System Normal ✅,Stable,Normal
217.8,4.92,1072.0,NORMAL,System Normal ✅,Stable,Normal
228.2,5.2,1187.0,NORMAL,System Normal ✅,System Load Increasing,Normal
231.8,4.67,1083.0,NORMAL,System Normal ✅,System Load Increasing,Normal
229.8,4.46,1025.0,NORMAL,System Normal ✅,System Load Increasing,Normal
236.3,5.14,1215.0,WARNING,High Voltage ⚠️,System Load Increasing,Normal
216.8,4.01,869.0,NORMAL,System Normal ✅,Stable,Normal
212.9,4.14,881.0,NORMAL,System Normal ✅,Stable,Normal
229.9,5.19,1193.0,NORMAL,System Normal ✅,System Load Increasing,Normal
221.8,4.89,1085.0,NORMAL,System Normal ✅,Stable,Normal
227.0,4.22,958.0,NORMAL,System Normal ✅,Stable,Normal
210.2,4.54,954.0,NORMAL,System Normal ✅,Stable,Normal
217.8,5.51,1200.0,NORMAL,System Normal ✅,Stable,Normal
210.9,5.63,1187.0,NORMAL,System Normal ✅,Stable,Normal
239.9,5.09,1221.0,CRITICAL,High Voltage ⚠️,System Load Increasing,Normal
226.0,5.44,1229.0,NORMAL,System Normal ✅,Stable,Normal
239.2,5.38,1287.0,CRITICAL,High Voltage ⚠️,System Load Increasing,Normal
221.5,4.13,915.0,NORMAL,System Normal ✅,Stable,Normal
215.4,5.47,1178.0,NORMAL,System Normal ✅,Stable,Normal
227.2,5.12,1163.0,NORMAL,System Normal ✅,Stable,Normal
220.8,4.48,989.0,NORMAL,System Normal ✅,Stable,Normal
228.5,5.8,1325.0,NORMAL,System Normal ✅,Stable,Normal
238.7,4.84,1155.0,CRITICAL,High Voltage ⚠️,System Load Increasing,Normal
237.2,4.61,1093.0,WARNING,High Voltage ⚠️,System Load Increasing,Normal
229.2,4.61,1057.0,NORMAL,System Normal ✅,Stable,Normal
229.1,5.04,1155.0,NORMAL,System Normal ✅,Stable,Normal
230.2,5.39,1241.0,NORMAL,System Normal ✅,Stable,Normal
218.4,5.87,1282.0,NORMAL,System Normal ✅,Stable,Normal
232.7,4.68,1089.0,NORMAL,System Normal ✅,System Load Increasing,Normal
230.2,4.26,981.0,NORMAL,System Normal ✅,Stable,Normal
238.7,4.28,1022.0,CRITICAL,High Voltage ⚠️,System Load Increasing,Normal
227.5,5.22,1188.0,NORMAL,System Normal ✅,Stable,Normal
223.9,4.9,1097.0,NORMAL,System Normal ✅,Stable,Normal
212.6,5.86,1246.0,NORMAL,System Normal ✅,Stable,Normal
218.7,4.15,908.0,NORMAL,System Normal ✅,Stable,Normal
213.3,5.19,1107.0,NORMAL,System Normal ✅,Stable,Normal
237.7,5.17,1229.0,WARNING,High Voltage ⚠️,System Load Increasing,Normal
234.8,5.19,1219.0,NORMAL,System Normal ✅,System Load Increasing,Normal
212.0,4.56,967.0,NORMAL,System Normal ✅,Stable,Normal
210.6,4.76,1002.0,NORMAL,System Normal ✅,Stable,Normal
211.0,4.48,945.0,NORMAL,System Normal ✅,Stable,Normal
239.9,4.27,1024.0,CRITICAL,High Voltage ⚠️,System Load Increasing,Normal
214.2,4.31,923.0,NORMAL,System Normal ✅,Stable,Normal
213.8,5.14,1099.0,NORMAL,System Normal ✅,Stable,Normal
231.9,5.94,1377.0,NORMAL,System Normal ✅,System Load Increasing,Normal
230.5,4.94,1139.0,NORMAL,System Normal ✅,System Load Increasing,Normal
218.5,4.95,1082.0,NORMAL,System Normal ✅,Stable,Normal
214.8,5.4,1160.0,NORMAL,System Normal ✅,Stable,Normal
235.9,4.32,1019.0,WARNING,High Voltage ⚠️,System Load Increasing,Normal
237.5,4.71,1119.0,WARNING,High Voltage ⚠️,System Load Increasing,Normal
222.6,4.22,939.0,NORMAL,System Normal ✅,Stable,Normal
234.4,5.21,1221.0,NORMAL,System Normal ✅,System Load Increasing,Normal
229.4,4.96,1138.0,NORMAL,System Normal ✅,System Load Increasing,Normal
233.8,4.99,1167.0,NORMAL,System Normal ✅,System Load Increasing,Normal
227.8,5.8,1321.0,NORMAL,System Normal ✅,Stable,Normal
210.9,5.32,1122.0,NORMAL,System Normal ✅,Stable,Normal
221.8,4.45,987.0,NORMAL,System Normal ✅,Stable,Normal
212.7,5.48,1166.0,NORMAL,System Normal ✅,Stable,Normal
224.6,4.6,1033.0,NORMAL,System Normal ✅,Stable,Normal
230.6,5.18,1195.0,NORMAL,System Normal ✅,System Load Increasing,Normal
229.4,4.34,996.0,NORMAL,System Normal ✅,Stable,Normal
232.6,5.95,1384.0,NORMAL,System Normal ✅,System Load Increasing,Normal
234.7,4.34,1019.0,NORMAL,System Normal ✅,System Load Increasing,Normal
225.2,5.27,1187.0,NORMAL,System Normal ✅,Stable,Normal
230.6,4.29,989.0,NORMAL,System Normal ✅,Stable,Normal
235.5,5.3,1248.0,WARNING,High Voltage ⚠️,System Load Increasing,Normal
216.1,4.84,1046.0,NORMAL,System Normal ✅,Stable,Normal
216.4,4.82,1043.0,NORMAL,System Normal ✅,Stable,Normal
239.7,4.31,1033.0,CRITICAL,High Voltage ⚠️,System Load Increasing,Normal
226.7,4.73,1072.0,NORMAL,System Normal ✅,Stable,Normal
224.6,4.6,1033.0,NORMAL,System Normal ✅,Stable,Normal
221.0,4.22,933.0,NORMAL,System Normal ✅,Stable,Normal
218.2,4.49,980.0,NORMAL,System Normal ✅,Stable,Normal
214.8,5.03,1080.0,NORMAL,System Normal ✅,Stable,Normal
224.0,5.0,1120.0,NORMAL,System Normal ✅,Stable,Normal
239.1,5.05,1207.0,CRITICAL,High Voltage ⚠️,System Load Increasing,Normal
237.4,5.98,1420.0,WARNING,High Voltage ⚠️,System Load Increasing,Normal
230.8,4.21,972.0,NORMAL,System Normal ✅,Stable,Normal
214.6,4.1,880.0,NORMAL,System Normal ✅,Stable,Normal
231.1,5.21,1204.0,NORMAL,System Normal ✅,Stable,Normal
214.0,4.27,914.0,NORMAL,System Normal ✅,Stable,Normal
230.1,4.7,1081.0,NORMAL,System Normal ✅,Stable,Normal
220.5,4.7,1036.0,NORMAL,System Normal ✅,Stable,Normal
235.8,6.0,1415.0,WARNING,High Voltage ⚠️,System Load Increasing,Normal
219.5,5.55,1218.0,NORMAL,System Normal ✅,Stable,Normal
216.5,5.25,1137.0,NORMAL,System Normal ✅,Stable,Normal
219.6,4.47,982.0,NORMAL,System Normal ✅,Stable,Normal
226.4,4.53,1026.0,NORMAL,System Normal ✅,Stable,Normal
210.7,5.67,1195.0,NORMAL,System Normal ✅,Stable,Normal
218.0,4.25,926.0,NORMAL,System Normal ✅,Stable,Normal
210.0,4.15,872.0,NORMAL,System Normal ✅,Stable,Normal
228.1,5.33,1216.0,NORMAL,System Normal ✅,System Load Increasing,Normal
218.3,5.58,1218.0,NORMAL,System Normal ✅,Stable,Normal
232.8,5.84,1360.0,NORMAL,System Normal ✅,System Load Increasing,Normal
224.2,5.62,1260.0,NORMAL,System Normal ✅,Stable,Normal
239.6,4.14,992.0,CRITICAL,High Voltage ⚠️,System Load Increasing,Normal
233.7,4.25,993.0,NORMAL,System Normal ✅,System Load Increasing,Normal
227.8,5.27,1201.0,NORMAL,System Normal ✅,Stable,Normal
226.1,5.81,1314.0,NORMAL,System Normal ✅,Stable,Normal
225.7,4.36,984.0,NORMAL,System Normal ✅,Stable,Normal
227.5,5.04,1147.0,NORMAL,System Normal ✅,Stable,Normal
229.2,5.71,1309.0,NORMAL,System Normal ✅,Stable,Normal
226.9,5.3,1203.0,NORMAL,System Normal ✅,Stable,Normal
227.9,4.44,1012.0,NORMAL,System Normal ✅,Stable,Normal
210.1,5.87,1233.0,NORMAL,System Normal ✅,Stable,Normal
218.9,4.79,1049.0,NORMAL,System Normal ✅,Stable,Normal
221.4,4.24,939.0,NORMAL,System Normal ✅,Stable,Normal
223.7,4.93,1103.0,NORMAL,System Normal ✅,Stable,Normal
231.1,5.1,1179.0,NORMAL,System Normal ✅,System Load Increasing,Normal
237.9,5.74,1366.0,WARNING,High Voltage ⚠️,System Load Increasing,Normal
210.6,4.89,1030.0,NORMAL,System Normal ✅,Voltage Spike Risk,Anomaly 🚨
214.4,4.44,952.0,NORMAL,System Normal ✅,Stable,Normal
234.5,5.73,1344.0,NORMAL,System Normal ✅,System Load Increasing,Normal
218.4,4.91,1072.0,NORMAL,System Normal ✅,Stable,Normal
239.2,5.82,1392.0,CRITICAL,High Voltage ⚠️,System Load Increasing,Normal
221.1,4.97,1099.0,NORMAL,System Normal ✅,Stable,Normal
235.6,4.52,1065.0,WARNING,High Voltage ⚠️,System Load Increasing,Normal
216.7,5.53,1198.0,NORMAL,System Normal ✅,Stable,Normal
227.4,5.5,1251.0,NORMAL,System Normal ✅,Stable,Normal
220.8,4.77,1053.0,NORMAL,System Normal ✅,Stable,Normal
215.0,4.28,920.0,NORMAL,System Normal ✅,Stable,Normal
215.2,5.86,1261.0,NORMAL,System Normal ✅,Stable,Normal
214.2,5.32,1140.0,NORMAL,System Normal ✅,Stable,Normal
231.1,5.9,1363.0,NORMAL,System Normal ✅,System Load Increasing,Normal
212.8,4.98,1060.0,NORMAL,System Normal ✅,Stable,Normal
237.9,5.6,1332.0,WARNING,High Voltage ⚠️,System Load Increasing,Normal
237.9,4.32,1028.0,WARNING,High Voltage ⚠️,System Load Increasing,Normal
212.9,4.9,1043.0,NORMAL,System Normal ✅,Stable,Normal
239.7,4.07,976.0,CRITICAL,High Voltage ⚠️,System Load Increasing,Normal
210.1,5.27,1107.0,NORMAL,System Normal ✅,Stable,Normal
210.6,5.22,1099.0,NORMAL,System Normal ✅,Stable,Normal
235.7,5.88,1386.0,WARNING,High Voltage ⚠️,System Load Increasing,Normal
226.9,4.76,1080.0,NORMAL,System Normal ✅,Stable,Normal
218.3,5.44,1188.0,NORMAL,System Normal ✅,Stable,Normal
239.0,4.17,997.0,CRITICAL,High Voltage ⚠️,System Load Increasing,Normal
210.5,4.85,1021.0,NORMAL,System Normal ✅,Stable,Normal
225.3,4.53,1021.0,NORMAL,System Normal ✅,Stable,Normal
216.1,4.82,1042.0,NORMAL,System Normal ✅,Stable,Normal
215.7,4.36,940.0,NORMAL,System Normal ✅,Stable,Normal
222.2,5.73,1273.0,NORMAL,System Normal ✅,Stable,Normal
212.7,4.83,1027.0,NORMAL,System Normal ✅,Stable,Normal
210.4,4.24,892.0,NORMAL,System Normal ✅,Stable,Normal
229.0,5.91,1353.0,NORMAL,System Normal ✅,System Load Increasing,Normal
221.0,5.93,1311.0,NORMAL,System Normal ✅,Stable,Normal
231.8,5.62,1303.0,NORMAL,System Normal ✅,System Load Increasing,Normal
228.3,5.6,1278.0,NORMAL,System Normal ✅,System Load Increasing,Normal
233.8,5.01,1171.0,NORMAL,System Normal ✅,System Load Increasing,Normal
230.4,4.47,1030.0,NORMAL,System Normal ✅,System Load Increasing,Normal
229.6,5.43,1247.0,NORMAL,System Normal ✅,System Load Increasing,Normal
227.3,4.34,986.0,NORMAL,System Normal ✅,Stable,Normal
211.5,5.6,1184.0,NORMAL,System Normal ✅,Stable,Normal
230.0,4.22,971.0,NORMAL,System Normal ✅,System Load Increasing,Normal
211.1,5.95,1256.0,NORMAL,System Normal ✅,Stable,Normal
217.6,4.7,1023.0,NORMAL,System Normal ✅,Stable,Normal
216.2,4.24,917.0,NORMAL,System Normal ✅,Stable,Normal
212.2,4.45,944.0,NORMAL,System Normal ✅,Stable,Normal
224.4,4.49,1008.0,NORMAL,System Normal ✅,Stable,Normal
215.4,4.45,959.0,NORMAL,System Normal ✅,Stable,Normal
211.9,4.59,973.0,NORMAL,System Normal ✅,Stable,Normal
210.9,4.38,924.0,NORMAL,System Normal ✅,Stable,Normal
229.9,4.61,1060.0,NORMAL,System Normal ✅,System Load Increasing,Normal
235.1,4.3,1011.0,WARNING,High Voltage ⚠️,System Load Increasing,Normal
220.4,5.13,1131.0,NORMAL,System Normal ✅,Stable,Normal
213.3,5.33,1137.0,NORMAL,System Normal ✅,Stable,Normal
228.5,4.97,1136.0,NORMAL,System Normal ✅,System Load Increasing,Normal
222.0,4.67,1037.0,NORMAL,System Normal ✅,Stable,Normal
226.8,4.66,1057.0,NORMAL,System Normal ✅,System Load Increasing,Normal
224.6,5.53,1242.0,NORMAL,System Normal ✅,Stable,Normal
230.4,4.87,1122.0,NORMAL,System Normal ✅,System Load Increasing,Normal
229.1,4.24,971.0,NORMAL,System Normal ✅,System Load Increasing,Normal
238.9,5.88,1405.0,CRITICAL,High Voltage ⚠️,System Load Increasing,Normal
229.0,4.55,1042.0,NORMAL,System Normal ✅,System Load Increasing,Normal
216.0,4.12,890.0,NORMAL,System Normal ✅,Stable,Normal
232.7,5.85,1361.0,NORMAL,System Normal ✅,System Load Increasing,Normal
229.4,5.4,1239.0,NORMAL,System Normal ✅,System Load Increasing,Normal
217.0,5.5,1194.0,NORMAL,System Normal ✅,Stable,Normal
227.5,4.27,971.0,NORMAL,System Normal ✅,Stable,Normal
212.4,4.3,913.0,NORMAL,System Normal ✅,Stable,Normal
223.5,5.62,1256.0,NORMAL,System Normal ✅,Stable,Normal
230.7,5.39,1243.0,NORMAL,System Normal ✅,Stable,Normal
227.5,4.98,1133.0,NORMAL,System Normal ✅,Stable,Normal
234.8,5.53,1298.0,NORMAL,System Normal ✅,System Load Increasing,Normal
225.2,4.51,1016.0,NORMAL,System Normal ✅,Stable,Normal
226.4,5.43,1229.0,NORMAL,System Normal ✅,Stable,Normal
229.8,5.2,1195.0,NORMAL,System Normal ✅,Stable,Normal
218.9,4.13,904.0,NORMAL,System Normal ✅,Stable,Normal
234.2,5.69,1333.0,NORMAL,System Normal ✅,System Load Increasing,Normal
231.0,4.83,1116.0,NORMAL,System Normal ✅,Stable,Normal
216.6,5.14,1113.0,NORMAL,System Normal ✅,Stable,Normal
225.0,5.68,1278.0,NORMAL,System Normal ✅,Stable,Normal
233.3,5.69,1327.0,NORMAL,System Normal ✅,System Load Increasing,Normal
226.9,4.04,917.0,NORMAL,System Normal ✅,Stable,Normal
215.0,4.92,1058.0,NORMAL,System Normal ✅,Stable,Normal
219.4,4.79,1051.0,NORMAL,System Normal ✅,Stable,Normal
226.5,4.67,1058.0,NORMAL,System Normal ✅,Stable,Normal
229.8,4.58,1052.0,NORMAL,System Normal ✅,Stable,Normal
212.7,4.52,961.0,NORMAL,System Normal ✅,Stable,Normal
236.4,4.83,1142.0,WARNING,High Voltage ⚠️,System Load Increasing,Normal
224.8,4.02,904.0,NORMAL,System Normal ✅,Stable,Normal
228.7,4.14,947.0,NORMAL,System Normal ✅,Stable,Normal
227.9,4.79,1092.0,NORMAL,System Normal ✅,Stable,Normal
213.6,4.59,980.0,NORMAL,System Normal ✅,Stable,Normal
239.7,5.38,1290.0,CRITICAL,High Voltage ⚠️,System Load Increasing,Normal
218.9,5.62,1230.0,NORMAL,System Normal ✅,Stable,Normal
210.3,4.83,1016.0,NORMAL,System Normal ✅,Stable,Normal
222.8,5.22,1163.0,NORMAL,System Normal ✅,Stable,Normal
223.4,4.8,1072.0,NORMAL,System Normal ✅,Stable,Normal
214.8,4.7,1010.0,NORMAL,System Normal ✅,Stable,Normal
215.3,4.22,909.0,NORMAL,System Normal ✅,Stable,Normal
218.7,4.2,919.0,NORMAL,System Normal ✅,Stable,Normal
218.4,4.56,996.0,NORMAL,System Normal ✅,Stable,Normal
227.6,4.8,1092.0,NORMAL,System Normal ✅,System Load Increasing,Normal
227.9,5.47,1247.0,NORMAL,System Normal ✅,System Load Increasing,Normal
223.2,4.55,1016.0,NORMAL,System Normal ✅,Stable,Normal
213.9,4.1,877.0,NORMAL,System Normal ✅,Stable,Normal
211.6,4.02,851.0,NORMAL,System Normal ✅,Stable,Normal
212.9,4.55,969.0,NORMAL,System Normal ✅,Stable,Normal
223.9,5.99,1341.0,NORMAL,System Normal ✅,Stable,Normal
231.8,5.65,1310.0,NORMAL,System Normal ✅,System Load Increasing,Normal
218.3,5.86,1279.0,NORMAL,System Normal ✅,Stable,Normal
232.2,4.07,945.0,NORMAL,System Normal ✅,System Load Increasing,Normal
216.3,5.96,1289.0,NORMAL,System Normal ✅,Stable,Normal
239.8,4.57,1096.0,CRITICAL,High Voltage ⚠️,Voltage Spike Risk,Anomaly 🚨
234.6,5.29,1241.0,NORMAL,System Normal ✅,System Load Increasing,Normal
234.6,5.99,1405.0,NORMAL,System Normal ✅,System Load Increasing,Normal
214.5,5.91,1268.0,NORMAL,System Normal ✅,Stable,Normal
211.6,5.63,1191.0,NORMAL,System Normal ✅,Stable,Normal
239.5,5.89,1411.0,CRITICAL,High Voltage ⚠️,System Load Increasing,Normal
227.2,4.7,1068.0,NORMAL,System Normal ✅,Stable,Normal
238.9,4.58,1094.0,CRITICAL,High Voltage ⚠️,System Load Increasing,Normal
227.7,4.24,965.0,NORMAL,System Normal ✅,Stable,Normal
232.7,5.48,1275.0,NORMAL,System Normal ✅,System Load Increasing,Normal
237.8,5.54,1317.0,WARNING,High Voltage ⚠️,System Load Increasing,Normal
210.6,4.17,878.0,NORMAL,System Normal ✅,Stable,Normal
231.4,5.56,1287.0,NORMAL,System Normal ✅,System Load Increasing,Normal
213.2,4.02,857.0,NORMAL,System Normal ✅,Stable,Normal
213.0,5.61,1195.0,NORMAL,System Normal ✅,Stable,Normal
227.5,5.6,1274.0,NORMAL,System Normal ✅,Stable,Normal
237.8,4.43,1053.0,WARNING,High Voltage ⚠️,System Load Increasing,Normal
229.0,5.1,1168.0,NORMAL,System Normal ✅,Stable,Normal
217.5,5.0,1088.0,NORMAL,System Normal ✅,Stable,Normal
216.2,4.14,895.0,NORMAL,System Normal ✅,Stable,Normal
212.5,4.12,876.0,NORMAL,System Normal ✅,Stable,Normal
236.1,4.24,1001.0,WARNING,High Voltage ⚠️,System Load Increasing,Normal
215.3,5.48,1180.0,NORMAL,System Normal ✅,Stable,Normal
219.9,4.13,908.0,NORMAL,System Normal ✅,Stable,Normal
221.7,4.27,947.0,NORMAL,System Normal ✅,Stable,Normal
239.9,5.4,1295.0,CRITICAL,High Voltage ⚠️,System Load Increasing,Normal
215.3,4.84,1042.0,NORMAL,System Normal ✅,Stable,Normal
228.4,5.69,1300.0,NORMAL,System Normal ✅,Stable,Normal
212.1,5.38,1141.0,NORMAL,System Normal ✅,Stable,Normal
229.8,5.13,1179.0,NORMAL,System Normal ✅,System Load Increasing,Normal
231.4,4.26,986.0,NORMAL,System Normal ✅,System Load Increasing,Normal
229.4,4.87,1117.0,NORMAL,System Normal ✅,System Load Increasing,Normal
219.9,5.16,1135.0,NORMAL,System Normal ✅,Stable,Normal
224.2,5.01,1123.0,NORMAL,System Normal ✅,Stable,Normal
219.1,4.77,1045.0,NORMAL,System Normal ✅,Stable,Normal
239.0,4.18,999.0,CRITICAL,High Voltage ⚠️,System Load Increasing,Normal
239.1,5.8,1387.0,CRITICAL,High Voltage ⚠️,System Load Increasing,Normal
220.8,4.71,1040.0,NORMAL,System Normal ✅,Stable,Normal
229.7,5.99,1376.0,NORMAL,System Normal ✅,Stable,Normal
223.6,5.04,1127.0,NORMAL,System Normal ✅,Stable,Normal
237.8,5.01,1191.0,WARNING,High Voltage ⚠️,System Load Increasing,Normal
229.0,5.56,1273.0,NORMAL,System Normal ✅,Stable,Normal
220.0,5.35,1177.0,NORMAL,System Normal ✅,Stable,Normal
214.1,4.79,1026.0,NORMAL,System Normal ✅,Stable,Normal
232.4,5.89,1369.0,NORMAL,System Normal ✅,System Load Increasing,Normal
232.1,4.23,982.0,NORMAL,System Normal ✅,System Load Increasing,Normal
217.4,5.99,1302.0,NORMAL,System Normal ✅,Stable,Normal
213.5,5.79,1236.0,NORMAL,System Normal ✅,Stable,Normal
213.6,6.0,1282.0,NORMAL,System Normal ✅,Stable,Normal
221.2,4.73,1046.0,NORMAL,System Normal ✅,Stable,Normal
215.1,5.15,1108.0,NORMAL,System Normal ✅,Stable,Normal
230.4,4.33,998.0,NORMAL,System Normal ✅,System Load Increasing,Normal
212.4,5.18,1100.0,NORMAL,System Normal ✅,Stable,Normal
225.1,5.72,1288.0,NORMAL,System Normal ✅,Stable,Normal
233.8,5.8,1356.0,NORMAL,System Normal ✅,System Load Increasing,Normal
233.2,4.65,1084.0,NORMAL,System Normal ✅,System Load Increasing,Normal
230.7,5.68,1310.0,NORMAL,System Normal ✅,System Load Increasing,Normal
238.4,4.86,1159.0,CRITICAL,High Voltage ⚠️,System Load Increasing,Normal
225.4,5.68,1280.0,NORMAL,System Normal ✅,Stable,Normal
219.7,5.52,1213.0,NORMAL,System Normal ✅,Stable,Normal
238.9,4.97,1187.0,CRITICAL,High Voltage ⚠️,System Load Increasing,Normal
216.2,5.86,1267.0,NORMAL,System Normal ✅,Stable,Normal
230.5,4.83,1113.0,NORMAL,System Normal ✅,System Load Increasing,Normal
223.4,5.35,1195.0,NORMAL,System Normal ✅,Stable,Normal
239.2,5.31,1270.0,CRITICAL,High Voltage ⚠️,System Load Increasing,Normal
228.8,4.4,1007.0,NORMAL,System Normal ✅,Stable,Normal
212.1,4.44,942.0,NORMAL,System Normal ✅,Stable,Normal
217.8,5.7,1241.0,NORMAL,System Normal ✅,Stable,Normal
235.2,4.52,1063.0,WARNING,High Voltage ⚠️,System Load Increasing,Normal
226.7,5.0,1134.0,NORMAL,System Normal ✅,Stable,Normal
221.1,5.96,1318.0,NORMAL,System Normal ✅,Stable,Normal
225.0,6.0,1350.0,NORMAL,System Normal ✅,Stable,Normal
221.3,4.41,976.0,NORMAL,System Normal ✅,Stable,Normal
220.0,4.58,1008.0,NORMAL,System Normal ✅,Stable,Normal
232.5,5.74,1335.0,NORMAL,System Normal ✅,System Load Increasing,Normal
225.1,4.84,1089.0,NORMAL,System Normal ✅,Stable,Normal
212.3,4.68,994.0,NORMAL,System Normal ✅,Stable,Normal
210.5,5.14,1082.0,NORMAL,System Normal ✅,Stable,Normal
210.3,5.15,1083.0,NORMAL,System Normal ✅,Stable,Normal
225.3,4.39,989.0,NORMAL,System Normal ✅,Stable,Normal
231.2,5.31,1228.0,NORMAL,System Normal ✅,System Load Increasing,Normal
232.7,4.97,1157.0,NORMAL,System Normal ✅,System Load Increasing,Normal
212.4,5.5,1168.0,NORMAL,System Normal ✅,Stable,Normal
235.0,5.68,1335.0,NORMAL,System Normal ✅,System Load Increasing,Normal
212.8,4.77,1015.0,NORMAL,System Normal ✅,Stable,Normal
221.6,5.72,1268.0,NORMAL,System Normal ✅,Stable,Normal
222.9,5.76,1284.0,NORMAL,System Normal ✅,Stable,Normal
225.3,4.86,1095.0,NORMAL,System Normal ✅,Stable,Normal
218.1,5.7,1243.0,NORMAL,System Normal ✅,Stable,Normal
233.9,4.52,1057.0,NORMAL,System Normal ✅,System Load Increasing,Normal
235.3,5.66,1332.0,WARNING,High Voltage ⚠️,System Load Increasing,Normal
212.9,5.96,1269.0,NORMAL,System Normal ✅,Stable,Normal
232.9,5.49,1279.0,NORMAL,System Normal ✅,System Load Increasing,Normal
220.3,4.52,996.0,NORMAL,System Normal ✅,Stable,Normal
227.4,4.07,926.0,NORMAL,System Normal ✅,Stable,Normal
232.6,4.12,958.0,NORMAL,System Normal ✅,System Load Increasing,Normal
223.5,4.38,979.0,NORMAL,System Normal ✅,Stable,Normal
210.6,5.12,1078.0,NORMAL,System Normal ✅,Stable,Normal
213.1,4.69,999.0,NORMAL,System Normal ✅,Stable,Normal
230.8,5.2,1200.0,NORMAL,System Normal ✅,System Load Increasing,Normal
218.9,5.62,1230.0,NORMAL,System Normal ✅,Stable,Normal
236.4,4.75,1123.0,WARNING,High Voltage ⚠️,System Load Increasing,Normal
228.9,4.49,1028.0,NORMAL,System Normal ✅,Stable,Normal
231.4,5.53,1280.0,NORMAL,System Normal ✅,System Load Increasing,Normal
231.4,5.85,1354.0,NORMAL,System Normal ✅,System Load Increasing,Normal
232.0,4.74,1100.0,NORMAL,System Normal ✅,System Load Increasing,Normal
220.8,4.68,1033.0,NORMAL,System Normal ✅,Stable,Normal
222.1,4.42,982.0,NORMAL,System Normal ✅,Stable,Normal
216.0,5.75,1242.0,NORMAL,System Normal ✅,Stable,Normal
224.0,4.47,1001.0,NORMAL,System Normal ✅,Stable,Normal
224.8,5.99,1347.0,NORMAL,System Normal ✅,Stable,Normal
214.0,4.64,993.0,NORMAL,System Normal ✅,Stable,Normal
218.3,5.74,1253.0,NORMAL,System Normal ✅,Stable,Normal
238.8,4.15,991.0,CRITICAL,High Voltage ⚠️,System Load Increasing,Normal
214.3,4.39,941.0,NORMAL,System Normal ✅,Stable,Normal
239.7,5.71,1369.0,CRITICAL,High Voltage ⚠️,System Load Increasing,Normal
237.9,4.85,1154.0,WARNING,High Voltage ⚠️,System Load Increasing,Normal
238.0,4.5,1071.0,WARNING,High Voltage ⚠️,System Load Increasing,Normal
214.9,4.06,872.0,NORMAL,System Normal ✅,Stable,Normal
237.4,4.57,1085.0,WARNING,High Voltage ⚠️,System Load Increasing,Normal
230.0,4.49,1033.0,NORMAL,System Normal ✅,Stable,Normal
230.5,5.68,1309.0,NORMAL,System Normal ✅,Stable,Normal
231.7,5.66,1311.0,NORMAL,System Normal ✅,Stable,Normal
229.0,5.72,1310.0,NORMAL,System Normal ✅,Stable,Normal
233.4,4.92,1148.0,NORMAL,System Normal ✅,System Load Increasing,Normal
232.9,4.71,1097.0,NORMAL,System Normal ✅,System Load Increasing,Normal
226.2,4.87,1102.0,NORMAL,System Normal ✅,Stable,Normal
232.0,5.35,1241.0,NORMAL,System Normal ✅,Stable,Normal
221.6,4.45,986.0,NORMAL,System Normal ✅,Stable,Normal
224.0,4.69,1051.0,NORMAL,System Normal ✅,Stable,Normal
216.1,5.58,1206.0,NORMAL,System Normal ✅,Stable,Normal
217.0,5.93,1287.0,NORMAL,System Normal ✅,Stable,Normal
224.0,5.29,1185.0,NORMAL,System Normal ✅,Stable,Normal
233.2,5.21,1215.0,NORMAL,System Normal ✅,System Load Increasing,Normal
230.7,4.47,1031.0,NORMAL,System Normal ✅,Stable,Normal
214.3,5.96,1277.0,NORMAL,System Normal ✅,Stable,Normal
233.8,5.8,1356.0,NORMAL,System Normal ✅,System Load Increasing,Normal
221.2,4.17,922.0,NORMAL,System Normal ✅,Stable,Normal
210.4,5.45,1147.0,NORMAL,System Normal ✅,Voltage Spike Risk,Anomaly 🚨
226.3,4.21,953.0,NORMAL,System Normal ✅,Stable,Normal
231.5,5.69,1317.0,NORMAL,System Normal ✅,System Load Increasing,Normal
219.2,4.94,1083.0,NORMAL,System Normal ✅,Stable,Normal
221.5,5.9,1307.0,NORMAL,System Normal ✅,Stable,Normal
218.5,5.8,1267.0,NORMAL,System Normal ✅,Stable,Normal
226.6,4.72,1070.0,NORMAL,System Normal ✅,Stable,Normal
228.2,4.68,1068.0,NORMAL,System Normal ✅,Stable,Normal
221.4,5.56,1231.0,NORMAL,System Normal ✅,Stable,Normal
214.2,5.26,1127.0,NORMAL,System Normal ✅,Stable,Normal
223.0,5.75,1282.0,NORMAL,System Normal ✅,Stable,Normal
213.3,4.71,1005.0,NORMAL,System Normal ✅,Stable,Normal
224.8,4.65,1045.0,NORMAL,System Normal ✅,Stable,Normal
227.6,5.09,1158.0,NORMAL,System Normal ✅,Stable,Normal
229.8,5.27,1211.0,NORMAL,System Normal ✅,System Load Increasing,Normal
220.8,4.95,1093.0,NORMAL,System Normal ✅,Stable,Normal
227.4,4.01,912.0,NORMAL,System Normal ✅,Stable,Normal
238.4,5.69,1356.0,CRITICAL,High Voltage ⚠️,Voltage Spike Risk,Anomaly 🚨
231.7,4.22,978.0,NORMAL,System Normal ✅,System Load Increasing,Normal
224.1,5.98,1340.0,NORMAL,System Normal ✅,Stable,Normal
220.8,4.18,923.0,NORMAL,System Normal ✅,Stable,Normal
217.8,4.57,995.0,NORMAL,System Normal ✅,Stable,Normal
230.5,4.77,1099.0,NORMAL,System Normal ✅,System Load Increasing,Normal
222.1,4.17,926.0,NORMAL,System Normal ✅,Stable,Normal
231.3,5.04,1166.0,NORMAL,System Normal ✅,System Load Increasing,Normal
236.9,4.16,986.0,WARNING,High Voltage ⚠️,System Load Increasing,Normal
223.0,4.09,912.0,NORMAL,System Normal ✅,Stable,Normal
215.7,5.61,1210.0,NORMAL,System Normal ✅,Stable,Normal
223.4,5.64,1260.0,NORMAL,System Normal ✅,Stable,Normal
236.3,5.09,1203.0,WARNING,High Voltage ⚠️,System Load Increasing,Normal
236.3,4.82,1139.0,WARNING,High Voltage ⚠️,System Load Increasing,Normal
236.1,5.45,1287.0,WARNING,High Voltage ⚠️,System Load Increasing,Normal
230.8,5.36,1237.0,NORMAL,System Normal ✅,Stable,Normal
228.3,4.13,943.0,NORMAL,System Normal ✅,Stable,Normal
221.9,4.25,943.0,NORMAL,System Normal ✅,Stable,Normal
220.3,4.47,985.0,NORMAL,System Normal ✅,Stable,Normal
239.4,5.59,1338.0,CRITICAL,High Voltage ⚠️,System Load Increasing,Normal
225.0,4.23,952.0,NORMAL,System Normal ✅,Stable,Normal
217.2,4.56,990.0,NORMAL,System Normal ✅,Stable,Normal
233.6,4.8,1121.0,NORMAL,System Normal ✅,System Load Increasing,Normal
239.7,5.61,1345.0,CRITICAL,High Voltage ⚠️,System Load Increasing,Normal
218.6,5.29,1156.0,NORMAL,System Normal ✅,Stable,Normal
233.7,4.45,1040.0,NORMAL,System Normal ✅,System Load Increasing,Normal
224.0,5.6,1254.0,NORMAL,System Normal ✅,Stable,Normal
225.4,5.11,1152.0,NORMAL,System Normal ✅,Stable,Normal
218.6,4.77,1043.0,NORMAL,System Normal ✅,Stable,Normal
222.9,4.69,1045.0,NORMAL,System Normal ✅,Stable,Normal
223.9,4.81,1077.0,NORMAL,System Normal ✅,Stable,Normal
214.0,5.23,1119.0,NORMAL,System Normal ✅,Stable,Normal
215.6,4.88,1052.0,NORMAL,System Normal ✅,Stable,Normal
223.1,5.59,1247.0,NORMAL,System Normal ✅,Stable,Normal
239.7,5.26,1261.0,CRITICAL,High Voltage ⚠️,System Load Increasing,Normal
230.4,5.28,1217.0,NORMAL,System Normal ✅,Stable,Normal
217.1,5.81,1261.0,NORMAL,System Normal ✅,Stable,Normal
228.2,5.54,1264.0,NORMAL,System Normal ✅,Stable,Normal
210.6,5.68,1196.0,NORMAL,System Normal ✅,Stable,Normal
232.9,5.47,1274.0,NORMAL,System Normal ✅,System Load Increasing,Normal
227.1,5.71,1297.0,NORMAL,System Normal ✅,Stable,Normal
237.3,4.78,1134.0,WARNING,High Voltage ⚠️,System Load Increasing,Normal
236.0,4.46,1053.0,WARNING,High Voltage ⚠️,System Load Increasing,Normal
221.9,4.32,959.0,NORMAL,System Normal ✅,Stable,Normal
238.9,4.09,977.0,CRITICAL,High Voltage ⚠️,System Load Increasing,Normal
231.5,4.76,1102.0,NORMAL,System Normal ✅,System Load Increasing,Normal
222.3,4.71,1047.0,NORMAL,System Normal ✅,Stable,Normal
229.3,4.54,1041.0,NORMAL,System Normal ✅,Stable,Normal
214.5,4.67,1002.0,NORMAL,System Normal ✅,Stable,Normal
233.2,5.82,1357.0,NORMAL,System Normal ✅,System Load Increasing,Normal
227.2,5.23,1188.0,NORMAL,System Normal ✅,Stable,Normal
224.0,5.81,1301.0,NORMAL,System Normal ✅,Stable,Normal
227.5,5.35,1217.0,NORMAL,System Normal ✅,Stable,Normal
238.1,5.19,1236.0,CRITICAL,High Voltage ⚠️,System Load Increasing,Normal
232.4,5.3,1232.0,NORMAL,System Normal ✅,Stable,Normal
239.5,4.38,1049.0,CRITICAL,High Voltage ⚠️,System Load Increasing,Normal
226.7,4.37,991.0,NORMAL,System Normal ✅,Stable,Normal
220.5,5.99,1321.0,NORMAL,System Normal ✅,Stable,Normal
235.6,4.77,1124.0,WARNING,High Voltage ⚠️,System Load Increasing,Normal
231.7,4.9,1135.0,NORMAL,System Normal ✅,Stable,Normal
235.7,5.02,1183.0,WARNING,High Voltage ⚠️,System Load Increasing,Normal
211.6,4.33,916.0,NORMAL,System Normal ✅,Voltage Spike Risk,Anomaly 🚨
236.3,5.01,1184.0,WARNING,High Voltage ⚠️,System Load Increasing,Normal
211.4,4.14,875.0,NORMAL,System Normal ✅,Stable,Normal
231.8,4.74,1099.0,NORMAL,System Normal ✅,Stable,Normal
232.3,5.33,1238.0,NORMAL,System Normal ✅,Stable,Normal
234.4,4.78,1120.0,NORMAL,System Normal ✅,System Load Increasing,Normal
211.2,4.36,921.0,NORMAL,System Normal ✅,Stable,Normal
223.3,4.25,949.0,NORMAL,System Normal ✅,Stable,Normal
235.0,4.8,1128.0,NORMAL,System Normal ✅,System Load Increasing,Normal
220.9,5.32,1175.0,NORMAL,System Normal ✅,Stable,Normal
224.8,5.56,1250.0,NORMAL,System Normal ✅,Stable,Normal
231.5,4.34,1005.0,NORMAL,System Normal ✅,Stable,Normal
224.9,4.98,1120.0,NORMAL,System Normal ✅,Stable,Normal
238.2,4.17,993.0,CRITICAL,High Voltage ⚠️,System Load Increasing,Normal
222.3,4.78,1063.0,NORMAL,System Normal ✅,Stable,Normal
227.2,5.11,1161.0,NORMAL,System Normal ✅,Stable,Normal
219.3,5.43,1191.0,NORMAL,System Normal ✅,Stable,Normal
216.2,4.89,1057.0,NORMAL,System Normal ✅,Stable,Normal
215.1,4.03,867.0,NORMAL,System Normal ✅,Stable,Normal
225.3,5.53,1246.0,NORMAL,System Normal ✅,Stable,Normal
229.3,5.29,1213.0,NORMAL,System Normal ✅,Stable,Normal
216.8,5.16,1119.0,NORMAL,System Normal ✅,Stable,Normal
236.6,4.74,1121.0,WARNING,High Voltage ⚠️,System Load Increasing,Normal
220.9,4.24,937.0,NORMAL,System Normal ✅,Stable,Normal
218.4,5.85,1278.0,NORMAL,System Normal ✅,Stable,Normal
220.3,5.34,1176.0,NORMAL,System Normal ✅,Stable,Normal
230.1,4.99,1148.0,NORMAL,System Normal ✅,System Load Increasing,Normal
238.7,5.3,1265.0,CRITICAL,High Voltage ⚠️,System Load Increasing,Normal
210.5,5.11,1076.0,NORMAL,System Normal ✅,Stable,Normal
234.7,4.61,1082.0,NORMAL,System Normal ✅,System Load Increasing,Normal
210.3,6.0,1262.0,NORMAL,System Normal ✅,Stable,Normal
221.9,5.83,1294.0,NORMAL,System Normal ✅,Stable,Normal
228.0,4.57,1042.0,NORMAL,System Normal ✅,Stable,Normal
225.3,5.08,1145.0,NORMAL,System Normal ✅,Stable,Normal
225.3,5.19,1169.0,NORMAL,System Normal ✅,Stable,Normal
225.2,4.61,1038.0,NORMAL,System Normal ✅,Stable,Normal
220.7,4.24,936.0,NORMAL,System Normal ✅,Stable,Normal
224.8,5.75,1293.0,NORMAL,System Normal ✅,Stable,Normal
220.4,4.15,915.0,NORMAL,System Normal ✅,Stable,Normal
238.4,4.6,1097.0,CRITICAL,High Voltage ⚠️,System Load Increasing,Normal
228.7,4.25,972.0,NORMAL,System Normal ✅,Stable,Normal
211.0,5.8,1224.0,NORMAL,System Normal ✅,Stable,Normal
238.8,4.36,1041.0,CRITICAL,High Voltage ⚠️,System Load Increasing,Normal
230.2,5.73,1319.0,NORMAL,System Normal ✅,System Load Increasing,Normal
237.7,5.68,1350.0,WARNING,High Voltage ⚠️,System Load Increasing,Normal
212.1,5.91,1254.0,NORMAL,System Normal ✅,Stable,Normal
219.6,4.15,911.0,NORMAL,System Normal ✅,Stable,Normal
227.3,5.02,1141.0,NORMAL,System Normal ✅,Stable,Normal
210.4,4.14,871.0,NORMAL,System Normal ✅,Stable,Normal
223.6,4.03,901.0,NORMAL,System Normal ✅,Stable,Normal
234.8,5.1,1197.0,NORMAL,System Normal ✅,System Load Increasing,Normal
221.5,4.13,915.0,NORMAL,System Normal ✅,Stable,Normal
239.1,5.98,1430.0,CRITICAL,High Voltage ⚠️,System Load Increasing,Normal
213.9,5.65,1209.0,NORMAL,System Normal ✅,Stable,Normal
212.2,4.96,1053.0,NORMAL,System Normal ✅,Stable,Normal
227.6,5.45,1240.0,NORMAL,System Normal ✅,Stable,Normal
224.0,5.28,1183.0,NORMAL,System Normal ✅,Stable,Normal
223.7,5.36,1199.0,NORMAL,System Normal ✅,Stable,Normal
225.1,4.1,923.0,NORMAL,System Normal ✅,Stable,Normal
217.6,4.63,1007.0,NORMAL,System Normal ✅,Stable,Normal
214.5,4.93,1057.0,NORMAL,System Normal ✅,Stable,Normal
237.6,4.39,1043.0,WARNING,High Voltage ⚠️,System Load Increasing,Normal
216.7,4.23,917.0,NORMAL,System Normal ✅,Stable,Normal
232.8,4.78,1113.0,NORMAL,System Normal ✅,System Load Increasing,Normal
218.3,5.87,1281.0,NORMAL,System Normal ✅,Stable,Normal
214.6,4.25,912.0,NORMAL,System Normal ✅,Stable,Normal
223.7,4.97,1112.0,NORMAL,System Normal ✅,Stable,Normal
224.7,5.71,1283.0,NORMAL,System Normal ✅,Stable,Normal
211.7,4.43,938.0,NORMAL,System Normal ✅,Stable,Normal
223.0,5.79,1291.0,NORMAL,System Normal ✅,Stable,Normal
210.4,4.74,997.0,NORMAL,System Normal ✅,Stable,Normal
227.0,4.98,1130.0,NORMAL,System Normal ✅,System Load Increasing,Normal
239.2,4.81,1151.0,CRITICAL,High Voltage ⚠️,Voltage Spike Risk,Anomaly 🚨
217.8,5.93,1292.0,NORMAL,System Normal ✅,Stable,Normal
226.6,5.01,1135.0,NORMAL,System Normal ✅,Stable,Normal
217.9,4.37,952.0,NORMAL,System Normal ✅,Stable,Normal
235.9,5.73,1352.0,WARNING,High Voltage ⚠️,System Load Increasing,Normal
239.7,4.79,1148.0,CRITICAL,High Voltage ⚠️,System Load Increasing,Normal
224.2,5.23,1173.0,NORMAL,System Normal ✅,Stable,Normal
216.8,5.76,1249.0,NORMAL,System Normal ✅,Stable,Normal
214.9,4.09,879.0,NORMAL,System Normal ✅,Stable,Normal
220.3,4.47,985.0,NORMAL,System Normal ✅,Stable,Normal
234.1,5.4,1264.0,NORMAL,System Normal ✅,System Load Increasing,Normal
223.9,5.28,1182.0,NORMAL,System Normal ✅,Stable,Normal
230.4,4.9,1129.0,NORMAL,System Normal ✅,System Load Increasing,Normal
224.1,4.96,1112.0,NORMAL,System Normal ✅,Stable,Normal
232.4,5.32,1236.0,NORMAL,System Normal ✅,System Load Increasing,Normal
224.3,5.07,1137.0,NORMAL,System Normal ✅,Stable,Normal
211.3,5.83,1232.0,NORMAL,System Normal ✅,Stable,Normal
229.8,4.02,924.0,NORMAL,System Normal ✅,Stable,Normal
226.4,4.15,940.0,NORMAL,System Normal ✅,Stable,Normal
234.2,4.31,1009.0,NORMAL,System Normal ✅,System Load Increasing,Normal
224.8,5.57,1252.0,NORMAL,System Normal ✅,Stable,Normal
221.8,4.1,909.0,NORMAL,System Normal ✅,Stable,Normal
234.6,4.65,1091.0,NORMAL,System Normal ✅,System Load Increasing,Normal
220.5,5.42,1195.0,NORMAL,System Normal ✅,Stable,Normal
239.4,4.57,1094.0,CRITICAL,High Voltage ⚠️,System Load Increasing,Normal
232.7,5.57,1296.0,NORMAL,System Normal ✅,System Load Increasing,Normal
216.8,4.15,900.0,NORMAL,System Normal ✅,Stable,Normal
223.7,5.77,1291.0,NORMAL,System Normal ✅,Stable,Normal
238.5,4.5,1073.0,CRITICAL,High Voltage ⚠️,System Load Increasing,Normal
229.1,4.86,1113.0,NORMAL,System Normal ✅,Stable,Normal
228.3,4.21,961.0,NORMAL,System Normal ✅,Stable,Normal
232.4,5.98,1390.0,NORMAL,System Normal ✅,Stable,Normal
230.1,5.19,1194.0,NORMAL,System Normal ✅,Stable,Normal
218.7,4.85,1061.0,NORMAL,System Normal ✅,Stable,Normal
226.5,5.06,1146.0,NORMAL,System Normal ✅,Stable,Normal
235.6,5.76,1357.0,WARNING,High Voltage ⚠️,System Load Increasing,Normal
216.2,4.39,949.0,NORMAL,System Normal ✅,Stable,Normal
235.2,5.78,1359.0,WARNING,High Voltage ⚠️,System Load Increasing,Normal
236.9,5.24,1241.0,WARNING,High Voltage ⚠️,System Load Increasing,Normal
220.1,4.13,909.0,NORMAL,System Normal ✅,Stable,Normal
236.6,4.81,1138.0,WARNING,High Voltage ⚠️,System Load Increasing,Normal
235.5,5.07,1194.0,WARNING,High Voltage ⚠️,System Load Increasing,Normal
228.1,4.35,992.0,NORMAL,System Normal ✅,Stable,Normal
211.4,5.96,1260.0,NORMAL,System Normal ✅,Voltage Spike Risk,Anomaly 🚨
224.1,4.9,1098.0,NORMAL,System Normal ✅,Stable,Normal
224.0,5.21,1167.0,NORMAL,System Normal ✅,Stable,Normal
211.2,4.95,1045.0,NORMAL,System Normal ✅,Stable,Normal
235.1,5.08,1194.0,WARNING,High Voltage ⚠️,System Load Increasing,Normal
230.0,4.69,1079.0,NORMAL,System Normal ✅,Stable,Normal
238.1,4.16,990.0,CRITICAL,High Voltage ⚠️,System Load Increasing,Normal
238.4,5.56,1326.0,CRITICAL,High Voltage ⚠️,System Load Increasing,Normal
217.1,4.89,1062.0,NORMAL,System Normal ✅,Stable,Normal
223.1,4.63,1033.0,NORMAL,System Normal ✅,Stable,Normal
217.2,4.42,960.0,NORMAL,System Normal ✅,Stable,Normal
213.5,5.74,1225.0,NORMAL,System Normal ✅,Stable,Normal
228.2,4.98,1136.0,NORMAL,System Normal ✅,Stable,Normal
234.7,4.7,1103.0,NORMAL,System Normal ✅,System Load Increasing,Normal
235.8,5.47,1290.0,WARNING,High Voltage ⚠️,System Load Increasing,Normal
213.7,4.73,1011.0,NORMAL,System Normal ✅,Stable,Normal
229.2,5.48,1256.0,NORMAL,System Normal ✅,Stable,Normal
229.2,4.72,1082.0,NORMAL,System Normal ✅,Stable,Normal
236.9,5.18,1227.0,WARNING,High Voltage ⚠️,System Load Increasing,Normal
231.0,5.56,1284.0,NORMAL,System Normal ✅,Stable,Normal
233.9,5.5,1286.0,NORMAL,System Normal ✅,System Load Increasing,Normal
223.8,5.66,1267.0,NORMAL,System Normal ✅,Stable,Normal
212.3,5.25,1115.0,NORMAL,System Normal ✅,Stable,Normal
229.9,5.55,1276.0,NORMAL,System Normal ✅,Stable,Normal
218.1,5.83,1272.0,NORMAL,System Normal ✅,Stable,Normal
227.0,4.23,960.0,NORMAL,System Normal ✅,Stable,Normal
213.3,4.93,1052.0,NORMAL,System Normal ✅,Stable,Normal
234.9,4.81,1130.0,NORMAL,System Normal ✅,System Load Increasing,Normal
222.5,5.33,1186.0,NORMAL,System Normal ✅,Stable,Normal
236.9,5.51,1305.0,WARNING,High Voltage ⚠️,System Load Increasing,Normal
233.7,5.73,1339.0,NORMAL,System Normal ✅,System Load Increasing,Normal
215.0,5.88,1264.0,NORMAL,System Normal ✅,Stable,Normal
211.0,5.81,1226.0,NORMAL,System Normal ✅,Stable,Normal
224.0,4.07,912.0,NORMAL,System Normal ✅,Stable,Normal
231.2,5.21,1205.0,NORMAL,System Normal ✅,System Load Increasing,Normal
231.4,5.59,1294.0,NORMAL,System Normal ✅,System Load Increasing,Normal
236.0,4.25,1003.0,WARNING,High Voltage ⚠️,System Load Increasing,Normal
223.9,5.7,1276.0,NORMAL,System Normal ✅,Stable,Normal
231.8,4.53,1050.0,NORMAL,System Normal ✅,System Load Increasing,Normal
232.6,5.82,1354.0,NORMAL,System Normal ✅,System Load Increasing,Normal
211.8,5.37,1137.0,NORMAL,System Normal ✅,Stable,Normal
236.6,5.92,1401.0,WARNING,High Voltage ⚠️,System Load Increasing,Normal
212.8,5.34,1136.0,NORMAL,System Normal ✅,Stable,Normal
220.7,4.43,978.0,NORMAL,System Normal ✅,Stable,Normal
236.4,5.85,1383.0,WARNING,High Voltage ⚠️,System Load Increasing,Normal
221.4,5.51,1220.0,NORMAL,System Normal ✅,Stable,Normal
215.3,4.51,971.0,NORMAL,System Normal ✅,Stable,Normal
231.0,4.18,966.0,NORMAL,System Normal ✅,System Load Increasing,Normal
228.7,4.03,922.0,NORMAL,System Normal ✅,Stable,Normal
237.6,4.96,1178.0,WARNING,High Voltage ⚠️,System Load Increasing,Normal
234.9,4.59,1078.0,NORMAL,System Normal ✅,System Load Increasing,Normal
226.8,5.96,1352.0,NORMAL,System Normal ✅,Stable,Normal
219.0,4.2,920.0,NORMAL,System Normal ✅,Stable,Normal
218.9,5.0,1094.0,NORMAL,System Normal ✅,Stable,Normal
220.2,4.62,1017.0,NORMAL,System Normal ✅,Stable,Normal
226.6,4.27,968.0,NORMAL,System Normal ✅,Stable,Normal
223.4,4.58,1023.0,NORMAL,System Normal ✅,Stable,Normal
228.2,4.87,1111.0,NORMAL,System Normal ✅,Stable,Normal
235.2,5.21,1225.0,WARNING,High Voltage ⚠️,System Load Increasing,Normal
229.3,5.95,1364.0,NORMAL,System Normal ✅,Stable,Normal
216.9,4.24,920.0,NORMAL,System Normal ✅,Stable,Normal
221.9,5.49,1218.0,NORMAL,System Normal ✅,Stable,Normal
234.8,5.37,1261.0,NORMAL,System Normal ✅,System Load Increasing,Normal
225.5,4.73,1067.0,NORMAL,System Normal ✅,Stable,Normal
220.6,5.88,1297.0,NORMAL,System Normal ✅,Stable,Normal
218.4,5.46,1192.0,NORMAL,System Normal ✅,Stable,Normal
237.0,5.27,1249.0,WARNING,High Voltage ⚠️,System Load Increasing,Normal
233.7,4.69,1096.0,NORMAL,System Normal ✅,System Load Increasing,Normal
210.0,5.83,1224.0,NORMAL,System Normal ✅,Voltage Spike Risk,Anomaly 🚨
213.3,4.31,919.0,NORMAL,System Normal ✅,Stable,Normal
234.2,4.4,1030.0,NORMAL,System Normal ✅,System Load Increasing,Normal
221.2,4.34,960.0,NORMAL,System Normal ✅,Stable,Normal
229.7,4.19,962.0,NORMAL,System Normal ✅,Stable,Normal
234.6,5.32,1248.0,NORMAL,System Normal ✅,System Load Increasing,Normal
235.9,5.28,1246.0,WARNING,High Voltage ⚠️,System Load Increasing,Normal
232.4,5.85,1360.0,NORMAL,System Normal ✅,System Load Increasing,Normal
219.8,4.89,1075.0,NORMAL,System Normal ✅,Stable,Normal
213.6,5.55,1185.0,NORMAL,System Normal ✅,Stable,Normal
231.0,4.73,1093.0,NORMAL,System Normal ✅,System Load Increasing,Normal
226.8,4.64,1052.0,NORMAL,System Normal ✅,Stable,Normal
228.7,5.96,1363.0,NORMAL,System Normal ✅,Stable,Normal
239.4,5.38,1288.0,CRITICAL,High Voltage ⚠️,System Load Increasing,Normal
226.6,5.27,1194.0,NORMAL,System Normal ✅,Stable,Normal
213.9,4.19,896.0,NORMAL,System Normal ✅,Stable,Normal
224.6,4.16,934.0,NORMAL,System Normal ✅,Stable,Normal
235.2,5.79,1362.0,WARNING,High Voltage ⚠️,System Load Increasing,Normal
216.8,4.96,1075.0,NORMAL,System Normal ✅,Stable,Normal
229.5,4.4,1010.0,NORMAL,System Normal ✅,Stable,Normal
224.1,5.44,1219.0,NORMAL,System Normal ✅,Stable,Normal
227.0,5.53,1255.0,NORMAL,System Normal ✅,Stable,Normal
211.1,4.15,876.0,NORMAL,System Normal ✅,Stable,Normal
222.6,5.45,1213.0,NORMAL,System Normal ✅,Stable,Normal
240.0,5.41,1298.0,CRITICAL,High Voltage ⚠️,System Load Increasing,Normal
225.7,4.26,961.0,NORMAL,System Normal ✅,Stable,Normal
211.4,5.96,1260.0,NORMAL,System Normal ✅,Stable,Normal
220.2,5.09,1121.0,NORMAL,System Normal ✅,Stable,Normal
215.0,5.33,1146.0,NORMAL,System Normal ✅,Stable,Normal
222.9,5.99,1335.0,NORMAL,System Normal ✅,Stable,Normal
219.2,4.24,929.0,NORMAL,System Normal ✅,Stable,Normal
235.3,4.57,1075.0,WARNING,High Voltage ⚠️,System Load Increasing,Normal
228.6,4.68,1070.0,NORMAL,System Normal ✅,Stable,Normal
210.2,4.83,1015.0,NORMAL,System Normal ✅,Stable,Normal
210.8,4.74,999.0,NORMAL,System Normal ✅,Stable,Normal
221.7,4.38,971.0,NORMAL,System Normal ✅,Stable,Normal
220.2,5.45,1200.0,NORMAL,System Normal ✅,Stable,Normal
216.6,5.65,1224.0,NORMAL,System Normal ✅,Stable,Normal
235.4,5.53,1302.0,WARNING,High Voltage ⚠️,System Load Increasing,Normal
238.4,4.54,1082.0,CRITICAL,High Voltage ⚠️,System Load Increasing,Normal
238.1,4.44,1057.0,CRITICAL,High Voltage ⚠️,System Load Increasing,Normal
234.5,4.13,968.0,NORMAL,System Normal ✅,System Load Increasing,Normal
228.6,4.95,1132.0,NORMAL,System Normal ✅,Stable,Normal
229.6,4.18,960.0,NORMAL,System Normal ✅,Stable,Normal
213.7,5.18,1107.0,NORMAL,System Normal ✅,Stable,Normal
223.1,5.29,1180.0,NORMAL,System Normal ✅,Stable,Normal
210.8,5.69,1199.0,NORMAL,System Normal ✅,Stable,Normal
210.4,5.93,1248.0,NORMAL,System Normal ✅,Stable,Normal
232.1,5.1,1184.0,NORMAL,System Normal ✅,System Load Increasing,Normal
223.6,5.41,1210.0,NORMAL,System Normal ✅,Stable,Normal
217.7,5.96,1297.0,NORMAL,System Normal ✅,Stable,Normal
230.3,4.03,928.0,NORMAL,System Normal ✅,System Load Increasing,Normal
225.7,4.33,977.0,NORMAL,System Normal ✅,Stable,Normal
230.2,4.17,960.0,NORMAL,System Normal ✅,System Load Increasing,Normal
230.8,5.33,1230.0,NORMAL,System Normal ✅,System Load Increasing,Normal
233.9,5.74,1343.0,NORMAL,System Normal ✅,System Load Increasing,Normal
231.3,4.21,974.0,NORMAL,System Normal ✅,Stable,Normal
232.4,5.22,1213.0,NORMAL,System Normal ✅,Stable,Normal
218.1,5.99,1306.0,NORMAL,System Normal ✅,Stable,Normal
216.2,5.29,1144.0,NORMAL,System Normal ✅,Stable,Normal
233.2,5.08,1185.0,NORMAL,System Normal ✅,System Load Increasing,Normal
225.1,5.38,1211.0,NORMAL,System Normal ✅,Stable,Normal
230.9,5.2,1201.0,NORMAL,System Normal ✅,System Load Increasing,Normal
223.0,5.78,1289.0,NORMAL,System Normal ✅,Stable,Normal
236.1,5.44,1284.0,WARNING,High Voltage ⚠️,System Load Increasing,Normal
226.1,5.76,1302.0,NORMAL,System Normal ✅,Stable,Normal
217.5,4.94,1074.0,NORMAL,System Normal ✅,Stable,Normal
217.0,4.61,1000.0,NORMAL,System Normal ✅,Stable,Normal
214.8,5.8,1246.0,NORMAL,System Normal ✅,Stable,Normal
210.0,4.14,869.0,NORMAL,System Normal ✅,Stable,Normal
222.8,5.76,1283.0,NORMAL,System Normal ✅,Stable,Normal
217.6,4.5,979.0,NORMAL,System Normal ✅,Stable,Normal
234.5,4.51,1058.0,NORMAL,System Normal ✅,System Load Increasing,Normal
218.9,5.57,1219.0,NORMAL,System Normal ✅,Stable,Normal
217.5,5.54,1205.0,NORMAL,System Normal ✅,Stable,Normal
229.9,5.51,1267.0,NORMAL,System Normal ✅,System Load Increasing,Normal
221.8,4.8,1065.0,NORMAL,System Normal ✅,Stable,Normal
227.9,4.73,1078.0,NORMAL,System Normal ✅,Stable,Normal
222.4,4.4,979.0,NORMAL,System Normal ✅,Stable,Normal
236.9,6.0,1421.0,WARNING,High Voltage ⚠️,System Load Increasing,Normal
235.5,4.99,1175.0,WARNING,High Voltage ⚠️,System Load Increasing,Normal
218.7,5.47,1196.0,NORMAL,System Normal ✅,Stable,Normal
217.1,5.34,1159.0,NORMAL,System Normal ✅,Stable,Normal
231.3,4.82,1115.0,NORMAL,System Normal ✅,System Load Increasing,Normal
237.5,4.86,1154.0,WARNING,High Voltage ⚠️,System Load Increasing,Normal
229.5,5.38,1235.0,NORMAL,System Normal ✅,System Load Increasing,Normal
224.2,4.99,1119.0,NORMAL,System Normal ✅,Stable,Normal
237.1,5.58,1323.0,WARNING,High Voltage ⚠️,System Load Increasing,Normal
225.7,4.59,1036.0,NORMAL,System Normal ✅,Stable,Normal
232.2,4.52,1050.0,NORMAL,System Normal ✅,System Load Increasing,Normal
230.2,4.56,1050.0,NORMAL,System Normal ✅,Stable,Normal
229.5,4.68,1074.0,NORMAL,System Normal ✅,Stable,Normal
224.8,5.84,1313.0,NORMAL,System Normal ✅,Stable,Normal
232.2,4.43,1029.0,NORMAL,System Normal ✅,Stable,Normal
232.4,4.91,1141.0,NORMAL,System Normal ✅,Stable,Normal
225.9,5.67,1281.0,NORMAL,System Normal ✅,Stable,Normal
234.6,4.45,1044.0,NORMAL,System Normal ✅,System Load Increasing,Normal
231.7,5.26,1219.0,NORMAL,System Normal ✅,Stable,Normal
211.1,5.15,1087.0,NORMAL,System Normal ✅,Voltage Spike Risk,Anomaly 🚨
217.5,5.55,1207.0,NORMAL,System Normal ✅,Stable,Normal
216.3,4.1,887.0,NORMAL,System Normal ✅,Stable,Normal
239.1,5.93,1418.0,CRITICAL,High Voltage ⚠️,System Load Increasing,Normal
210.8,5.18,1092.0,NORMAL,System Normal ✅,Voltage Spike Risk,Anomaly 🚨
237.5,5.09,1209.0,WARNING,High Voltage ⚠️,System Load Increasing,Normal
223.5,5.87,1312.0,NORMAL,System Normal ✅,Stable,Normal
217.1,5.82,1264.0,NORMAL,System Normal ✅,Stable,Normal
235.5,4.42,1041.0,WARNING,High Voltage ⚠️,System Load Increasing,Normal
215.1,5.37,1155.0,NORMAL,System Normal ✅,Stable,Normal
212.2,5.75,1220.0,NORMAL,System Normal ✅,Stable,Normal
229.4,4.96,1138.0,NORMAL,System Normal ✅,Stable,Normal
226.6,5.28,1196.0,NORMAL,System Normal ✅,Stable,Normal
235.2,5.57,1310.0,WARNING,High Voltage ⚠️,System Load Increasing,Normal
238.9,5.3,1266.0,CRITICAL,High Voltage ⚠️,System Load Increasing,Normal
235.3,5.18,1219.0,WARNING,High Voltage ⚠️,System Load Increasing,Normal
218.6,5.84,1277.0,NORMAL,System Normal ✅,Stable,Normal
230.0,4.18,961.0,NORMAL,System Normal ✅,Stable,Normal
228.5,5.74,1312.0,NORMAL,System Normal ✅,Stable,Normal
232.8,5.74,1336.0,NORMAL,System Normal ✅,System Load Increasing,Normal
239.9,5.55,1331.0,CRITICAL,High Voltage ⚠️,System Load Increasing,Normal
228.0,5.41,1233.0,NORMAL,System Normal ✅,Stable,Normal
227.2,4.78,1086.0,NORMAL,System Normal ✅,Stable,Normal
233.8,4.45,1040.0,NORMAL,System Normal ✅,System Load Increasing,Normal
235.7,4.46,1051.0,WARNING,High Voltage ⚠️,System Load Increasing,Normal
227.1,5.53,1256.0,NORMAL,System Normal ✅,Stable,Normal
228.6,4.31,985.0,NORMAL,System Normal ✅,Stable,Normal
226.4,5.61,1270.0,NORMAL,System Normal ✅,Stable,Normal
233.1,5.79,1350.0,NORMAL,System Normal ✅,Stable,Normal
222.0,4.92,1092.0,NORMAL,System Normal ✅,Stable,Normal
212.3,4.09,868.0,NORMAL,System Normal ✅,Voltage Spike Risk,Anomaly 🚨
216.2,4.72,1020.0,NORMAL,System Normal ✅,Stable,Normal
239.8,5.03,1206.0,CRITICAL,High Voltage ⚠️,System Load Increasing,Normal
219.0,5.94,1301.0,NORMAL,System Normal ✅,Stable,Normal
225.1,4.01,903.0,NORMAL,System Normal ✅,Stable,Normal
225.1,4.69,1056.0,NORMAL,System Normal ✅,Stable,Normal
227.1,5.21,1183.0,NORMAL,System Normal ✅,Stable,Normal
234.1,5.96,1395.0,NORMAL,System Normal ✅,System Load Increasing,Normal
221.7,5.74,1273.0,NORMAL,System Normal ✅,Stable,Normal
238.4,4.38,1044.0,CRITICAL,High Voltage ⚠️,System Load Increasing,Normal
214.4,5.52,1183.0,NORMAL,System Normal ✅,Stable,Normal
216.7,4.27,925.0,NORMAL,System Normal ✅,Stable,Normal
217.0,5.59,1213.0,NORMAL,System Normal ✅,Stable,Normal
237.7,5.34,1269.0,WARNING,High Voltage ⚠️,System Load Increasing,Normal
230.7,4.48,1034.0,NORMAL,System Normal ✅,System Load Increasing,Normal
217.3,4.13,897.0,NORMAL,System Normal ✅,Stable,Normal
236.6,4.56,1079.0,WARNING,High Voltage ⚠️,System Load Increasing,Normal
213.4,4.83,1031.0,NORMAL,System Normal ✅,Stable,Normal
224.4,5.54,1243.0,NORMAL,System Normal ✅,Stable,Normal
223.6,5.78,1292.0,NORMAL,System Normal ✅,Stable,Normal
222.8,5.47,1219.0,NORMAL,System Normal ✅,Stable,Normal
237.3,5.76,1367.0,WARNING,High Voltage ⚠️,System Load Increasing,Normal
239.8,4.22,1012.0,CRITICAL,High Voltage ⚠️,System Load Increasing,Normal
226.7,4.3,975.0,NORMAL,System Normal ✅,Stable,Normal
215.8,5.77,1245.0,NORMAL,System Normal ✅,Stable,Normal
239.3,4.48,1072.0,CRITICAL,High Voltage ⚠️,System Load Increasing,Normal
217.2,4.34,943.0,NORMAL,System Normal ✅,Stable,Normal
233.5,5.22,1219.0,NORMAL,System Normal ✅,System Load Increasing,Normal
218.9,5.71,1250.0,NORMAL,System Normal ✅,Stable,Normal
234.8,4.15,974.0,NORMAL,System Normal ✅,System Load Increasing,Normal
218.6,5.56,1215.0,NORMAL,System Normal ✅,Stable,Normal
224.1,5.22,1170.0,NORMAL,System Normal ✅,Stable,Normal
222.7,5.22,1162.0,NORMAL,System Normal ✅,Stable,Normal
239.0,5.99,1432.0,CRITICAL,High Voltage ⚠️,System Load Increasing,Normal
222.0,4.77,1059.0,NORMAL,System Normal ✅,Stable,Normal
229.5,4.23,971.0,NORMAL,System Normal ✅,Stable,Normal
230.2,4.13,951.0,NORMAL,System Normal ✅,Stable,Normal
236.2,4.17,985.0,WARNING,High Voltage ⚠️,System Load Increasing,Normal
222.8,4.66,1038.0,NORMAL,System Normal ✅,Stable,Normal
239.7,5.85,1402.0,CRITICAL,High Voltage ⚠️,System Load Increasing,Normal
219.4,5.54,1215.0,NORMAL,System Normal ✅,Stable,Normal
211.7,4.8,1016.0,NORMAL,System Normal ✅,Stable,Normal
226.3,5.46,1236.0,NORMAL,System Normal ✅,Stable,Normal
234.5,4.42,1036.0,NORMAL,System Normal ✅,System Load Increasing,Normal
226.3,4.31,975.0,NORMAL,System Normal ✅,Stable,Normal
233.0,4.63,1079.0,NORMAL,System Normal ✅,System Load Increasing,Normal
238.3,5.76,1373.0,CRITICAL,High Voltage ⚠️,System Load Increasing,Normal
212.5,5.53,1175.0,NORMAL,System Normal ✅,Stable,Normal
226.8,4.81,1091.0,NORMAL,System Normal ✅,Stable,Normal
237.3,4.64,1101.0,WARNING,High Voltage ⚠️,System Load Increasing,Normal
226.8,5.52,1252.0,NORMAL,System Normal ✅,Stable,Normal
219.1,4.57,1001.0,NORMAL,System Normal ✅,Stable,Normal
224.0,5.05,1131.0,NORMAL,System Normal ✅,Stable,Normal
234.7,5.08,1192.0,NORMAL,System Normal ✅,System Load Increasing,Normal
216.7,4.87,1055.0,NORMAL,System Normal ✅,Stable,Normal
237.8,5.2,1237.0,WARNING,High Voltage ⚠️,System Load Increasing,Normal
221.0,4.27,944.0,NORMAL,System Normal ✅,Stable,Normal
218.5,5.05,1103.0,NORMAL,System Normal ✅,Stable,Normal
216.1,4.4,951.0,NORMAL,System Normal ✅,Stable,Normal
216.3,5.41,1170.0,NORMAL,System Normal ✅,Stable,Normal
230.4,4.66,1074.0,NORMAL,System Normal ✅,Stable,Normal
240.0,5.34,1282.0,CRITICAL,High Voltage ⚠️,System Load Increasing,Normal
227.1,4.74,1076.0,NORMAL,System Normal ✅,Stable,Normal
228.4,4.73,1080.0,NORMAL,System Normal ✅,Stable,Normal
218.8,5.42,1186.0,NORMAL,System Normal ✅,Stable,Normal
231.2,4.64,1073.0,NORMAL,System Normal ✅,System Load Increasing,Normal
224.6,4.61,1035.0,NORMAL,System Normal ✅,Stable,Normal
227.9,4.0,912.0,NORMAL,System Normal ✅,Stable,Normal
211.6,5.62,1189.0,NORMAL,System Normal ✅,Stable,Normal
229.2,4.78,1096.0,NORMAL,System Normal ✅,Stable,Normal
216.5,5.91,1280.0,NORMAL,System Normal ✅,Stable,Normal
237.6,5.54,1316.0,WARNING,High Voltage ⚠️,System Load Increasing,Normal
239.7,5.36,1285.0,CRITICAL,High Voltage ⚠️,System Load Increasing,Normal
223.4,4.61,1030.0,NORMAL,System Normal ✅,Stable,Normal
234.7,5.44,1277.0,NORMAL,System Normal ✅,System Load Increasing,Normal
219.0,4.85,1062.0,NORMAL,System Normal ✅,Stable,Normal
223.3,5.65,1262.0,NORMAL,System Normal ✅,Stable,Normal
233.4,4.49,1048.0,NORMAL,System Normal ✅,System Load Increasing,Normal
231.3,5.79,1339.0,NORMAL,System Normal ✅,Stable,Normal
221.2,5.3,1172.0,NORMAL,System Normal ✅,Stable,Normal
213.0,5.77,1229.0,NORMAL,System Normal ✅,Stable,Normal
221.1,4.83,1068.0,NORMAL,System Normal ✅,Stable,Normal
230.8,5.96,1376.0,NORMAL,System Normal ✅,Stable,Normal
225.0,4.44,999.0,NORMAL,System Normal ✅,Stable,Normal
229.0,4.39,1005.0,NORMAL,System Normal ✅,Stable,Normal
230.8,4.25,981.0,NORMAL,System Normal ✅,Stable,Normal
213.1,4.15,884.0,NORMAL,System Normal ✅,Stable,Normal
232.2,4.64,1077.0,NORMAL,System Normal ✅,System Load Increasing,Normal
220.5,4.29,946.0,NORMAL,System Normal ✅,Stable,Normal
212.6,4.76,1012.0,NORMAL,System Normal ✅,Stable,Normal
232.6,5.15,1198.0,NORMAL,System Normal ✅,System Load Increasing,Normal
225.5,5.06,1141.0,NORMAL,System Normal ✅,Stable,Normal
226.5,5.71,1293.0,NORMAL,System Normal ✅,Stable,Normal
230.9,5.47,1263.0,NORMAL,System Normal ✅,System Load Increasing,Normal
234.1,5.41,1266.0,NORMAL,System Normal ✅,System Load Increasing,Normal
234.3,4.98,1167.0,NORMAL,System Normal ✅,System Load Increasing,Normal
222.7,5.48,1220.0,NORMAL,System Normal ✅,Stable,Normal
234.1,5.74,1344.0,NORMAL,System Normal ✅,System Load Increasing,Normal
215.9,4.01,866.0,NORMAL,System Normal ✅,Stable,Normal
237.9,4.14,985.0,WARNING,High Voltage ⚠️,System Load Increasing,Normal
211.2,4.46,942.0,NORMAL,System Normal ✅,Stable,Normal
230.2,4.17,960.0,NORMAL,System Normal ✅,Stable,Normal
237.7,4.6,1093.0,WARNING,High Voltage ⚠️,System Load Increasing,Normal
220.8,5.52,1219.0,NORMAL,System Normal ✅,Stable,Normal
221.2,4.72,1044.0,NORMAL,System Normal ✅,Stable,Normal
216.4,5.39,1166.0,NORMAL,System Normal ✅,Stable,Normal
218.2,5.08,1108.0,NORMAL,System Normal ✅,Stable,Normal
219.0,5.03,1102.0,NORMAL,System Normal ✅,Stable,Normal
221.5,5.72,1267.0,NORMAL,System Normal ✅,Stable,Normal
211.0,4.04,852.0,NORMAL,System Normal ✅,Stable,Normal
236.6,5.2,1230.0,WARNING,High Voltage ⚠️,System Load Increasing,Normal
239.9,5.86,1406.0,CRITICAL,High Voltage ⚠️,System Load Increasing,Normal
236.0,5.7,1345.0,WARNING,High Voltage ⚠️,System Load Increasing,Normal
238.9,5.8,1386.0,CRITICAL,High Voltage ⚠️,System Load Increasing,Normal
224.7,5.93,1332.0,NORMAL,System Normal ✅,Stable,Normal
214.0,5.13,1098.0,NORMAL,System Normal ✅,Stable,Normal
234.6,4.49,1053.0,NORMAL,System Normal ✅,System Load Increasing,Normal
235.9,4.39,1036.0,WARNING,High Voltage ⚠️,System Load Increasing,Normal
219.1,4.49,984.0,NORMAL,System Normal ✅,Stable,Normal
216.9,5.43,1178.0,NORMAL,System Normal ✅,Stable,Normal
234.3,5.96,1396.0,NORMAL,System Normal ✅,System Load Increasing,Normal
219.5,4.64,1018.0,NORMAL,System Normal ✅,Stable,Normal
233.8,5.59,1307.0,NORMAL,System Normal ✅,System Load Increasing,Normal
215.2,5.12,1102.0,NORMAL,System Normal ✅,Stable,Normal
235.9,4.34,1024.0,WARNING,High Voltage ⚠️,System Load Increasing,Normal
239.7,4.93,1182.0,CRITICAL,High Voltage ⚠️,System Load Increasing,Normal
222.3,5.73,1274.0,NORMAL,System Normal ✅,Stable,Normal
226.4,4.16,942.0,NORMAL,System Normal ✅,Stable,Normal
210.5,5.4,1137.0,NORMAL,System Normal ✅,Stable,Normal
218.6,5.2,1137.0,NORMAL,System Normal ✅,Stable,Normal
237.2,4.42,1048.0,WARNING,High Voltage ⚠️,System Load Increasing,Normal
213.5,5.19,1108.0,NORMAL,System Normal ✅,Stable,Normal
218.4,5.54,1210.0,NORMAL,System Normal ✅,Stable,Normal
213.6,4.02,859.0,NORMAL,System Normal ✅,Stable,Normal
239.8,5.83,1398.0,CRITICAL,High Voltage ⚠️,System Load Increasing,Normal
221.7,4.66,1033.0,NORMAL,System Normal ✅,Stable,Normal
228.5,4.48,1024.0,NORMAL,System Normal ✅,Stable,Normal
225.0,5.94,1336.0,NORMAL,System Normal ✅,Stable,Normal
211.2,5.01,1058.0,NORMAL,System Normal ✅,Stable,Normal
236.1,5.35,1263.0,WARNING,High Voltage ⚠️,System Load Increasing,Normal
212.2,5.96,1265.0,NORMAL,System Normal ✅,Stable,Normal
226.6,4.34,983.0,NORMAL,System Normal ✅,Stable,Normal
225.4,4.81,1084.0,NORMAL,System Normal ✅,Stable,Normal
238.1,5.69,1355.0,CRITICAL,High Voltage ⚠️,System Load Increasing,Normal
222.0,5.16,1146.0,NORMAL,System Normal ✅,Stable,Normal
223.0,5.49,1224.0,NORMAL,System Normal ✅,Stable,Normal
236.2,5.98,1412.0,WARNING,High Voltage ⚠️,System Load Increasing,Normal
215.9,4.94,1067.0,NORMAL,System Normal ✅,Stable,Normal
219.3,4.05,888.0,NORMAL,System Normal ✅,Stable,Normal
219.1,5.83,1277.0,NORMAL,System Normal ✅,Stable,Normal
233.6,4.87,1138.0,NORMAL,System Normal ✅,System Load Increasing,Normal
211.6,4.51,954.0,NORMAL,System Normal ✅,Stable,Normal
239.9,4.55,1092.0,CRITICAL,High Voltage ⚠️,System Load Increasing,Normal
235.4,5.84,1375.0,WARNING,High Voltage ⚠️,System Load Increasing,Normal
222.9,4.61,1028.0,NORMAL,System Normal ✅,Stable,Normal
237.8,4.54,1080.0,WARNING,High Voltage ⚠️,System Load Increasing,Normal
235.2,5.04,1185.0,WARNING,High Voltage ⚠️,System Load Increasing,Normal
229.4,5.53,1269.0,NORMAL,System Normal ✅,Stable,Normal
229.1,5.28,1210.0,NORMAL,System Normal ✅,Stable,Normal
232.8,4.85,1129.0,NORMAL,System Normal ✅,System Load Increasing,Normal
224.3,4.34,973.0,NORMAL,System Normal ✅,Stable,Normal
239.3,5.86,1402.0,CRITICAL,High Voltage ⚠️,System Load Increasing,Normal
219.5,5.27,1157.0,NORMAL,System Normal ✅,Stable,Normal
229.3,4.35,997.0,NORMAL,System Normal ✅,Stable,Normal
212.4,4.64,986.0,NORMAL,System Normal ✅,Stable,Normal
235.3,5.52,1299.0,WARNING,High Voltage ⚠️,System Load Increasing,Normal
224.7,4.72,1061.0,NORMAL,System Normal ✅,Stable,Normal
228.6,4.04,924.0,NORMAL,System Normal ✅,Stable,Normal
224.2,5.75,1289.0,NORMAL,System Normal ✅,Stable,Normal
226.8,4.44,1007.0,NORMAL,System Normal ✅,Stable,Normal
218.7,4.01,877.0,NORMAL,System Normal ✅,Stable,Normal
226.8,4.34,984.0,NORMAL,System Normal ✅,Stable,Normal
222.7,5.97,1330.0,NORMAL,System Normal ✅,Stable,Normal
235.9,4.78,1128.0,WARNING,High Voltage ⚠️,System Load Increasing,Normal
222.4,4.02,894.0,NORMAL,System Normal ✅,Stable,Normal
239.5,4.52,1083.0,CRITICAL,High Voltage ⚠️,System Load Increasing,Normal
229.8,5.54,1273.0,NORMAL,System Normal ✅,Stable,Normal
219.3,4.29,941.0,NORMAL,System Normal ✅,Stable,Normal
232.9,4.05,943.0,NORMAL,System Normal ✅,System Load Increasing,Normal
226.4,4.37,989.0,NORMAL,System Normal ✅,Stable,Normal
221.6,5.78,1281.0,NORMAL,System Normal ✅,Stable,Normal
230.6,5.34,1231.0,NORMAL,System Normal ✅,Stable,Normal
237.9,5.42,1289.0,WARNING,High Voltage ⚠️,System Load Increasing,Normal
213.0,4.45,948.0,NORMAL,System Normal ✅,Stable,Normal
224.6,5.59,1256.0,NORMAL,System Normal ✅,Stable,Normal
227.6,4.1,933.0,NORMAL,System Normal ✅,Stable,Normal
215.7,4.13,891.0,NORMAL,System Normal ✅,Stable,Normal
234.3,5.54,1298.0,NORMAL,System Normal ✅,System Load Increasing,Normal
238.6,4.43,1057.0,CRITICAL,High Voltage ⚠️,System Load Increasing,Normal
212.7,4.95,1053.0,NORMAL,System Normal ✅,Stable,Normal
227.8,5.51,1255.0,NORMAL,System Normal ✅,Stable,Normal
230.4,4.02,926.0,NORMAL,System Normal ✅,Stable,Normal
226.6,4.7,1065.0,NORMAL,System Normal ✅,Stable,Normal
212.7,5.58,1187.0,NORMAL,System Normal ✅,Stable,Normal
232.8,4.57,1064.0,NORMAL,System Normal ✅,System Load Increasing,Normal
211.9,5.19,1100.0,NORMAL,System Normal ✅,Stable,Normal
237.6,5.46,1297.0,WARNING,High Voltage ⚠️,System Load Increasing,Normal
219.9,4.1,902.0,NORMAL,System Normal ✅,Stable,Normal
231.7,5.66,1311.0,NORMAL,System Normal ✅,System Load Increasing,Normal
210.7,5.09,1072.0,NORMAL,System Normal ✅,Stable,Normal
215.0,5.04,1084.0,NORMAL,System Normal ✅,Stable,Normal
223.3,5.93,1324.0,NORMAL,System Normal ✅,Stable,Normal
231.3,4.8,1110.0,NORMAL,System Normal ✅,System Load Increasing,Normal
225.2,4.04,910.0,NORMAL,System Normal ✅,Stable,Normal
228.1,5.87,1339.0,NORMAL,System Normal ✅,Stable,Normal
218.9,5.7,1248.0,NORMAL,System Normal ✅,Stable,Normal
222.8,4.54,1012.0,NORMAL,System Normal ✅,Stable,Normal
222.1,5.84,1297.0,NORMAL,System Normal ✅,Stable,Normal
215.5,5.88,1267.0,NORMAL,System Normal ✅,Stable,Normal
211.3,5.58,1179.0,NORMAL,System Normal ✅,Stable,Normal
218.4,4.91,1072.0,NORMAL,System Normal ✅,Stable,Normal
211.4,4.07,860.0,NORMAL,System Normal ✅,Stable,Normal
219.8,4.27,939.0,NORMAL,System Normal ✅,Stable,Normal
213.6,4.75,1015.0,NORMAL,System Normal ✅,Stable,Normal
214.6,5.08,1090.0,NORMAL,System Normal ✅,Stable,Normal
231.6,4.15,961.0,NORMAL,System Normal ✅,System Load Increasing,Normal
225.2,5.36,1207.0,NORMAL,System Normal ✅,Stable,Normal
213.4,4.32,922.0,NORMAL,System Normal ✅,Stable,Normal
210.3,4.73,995.0,NORMAL,System Normal ✅,Stable,Normal
231.3,4.78,1106.0,NORMAL,System Normal ✅,System Load Increasing,Normal
213.7,4.64,992.0,NORMAL,System Normal ✅,Stable,Normal
216.1,5.84,1262.0,NORMAL,System Normal ✅,Stable,Normal
234.7,5.39,1265.0,NORMAL,System Normal ✅,System Load Increasing,Normal
238.8,4.79,1144.0,CRITICAL,High Voltage ⚠️,Voltage Spike Risk,Anomaly 🚨
220.1,5.28,1162.0,NORMAL,System Normal ✅,Stable,Normal
234.3,4.75,1113.0,NORMAL,System Normal ✅,System Load Increasing,Normal
215.1,5.68,1222.0,NORMAL,System Normal ✅,Stable,Normal
228.2,5.34,1219.0,NORMAL,System Normal ✅,System Load Increasing,Normal
239.6,5.02,1203.0,CRITICAL,High Voltage ⚠️,System Load Increasing,Normal
215.9,4.59,991.0,NORMAL,System Normal ✅,Stable,Normal
235.5,5.86,1380.0,WARNING,High Voltage ⚠️,System Load Increasing,Normal
224.6,4.16,934.0,NORMAL,System Normal ✅,Stable,Normal
227.5,4.68,1065.0,NORMAL,System Normal ✅,Stable,Normal
228.3,4.43,1011.0,NORMAL,System Normal ✅,Stable,Normal
217.5,5.36,1166.0,NORMAL,System Normal ✅,Stable,Normal
235.4,4.0,942.0,WARNING,High Voltage ⚠️,System Load Increasing,Normal
239.9,4.75,1140.0,CRITICAL,High Voltage ⚠️,System Load Increasing,Normal
214.2,4.7,1007.0,NORMAL,System Normal ✅,Stable,Normal
231.7,5.27,1221.0,NORMAL,System Normal ✅,Stable,Normal
233.9,5.64,1319.0,NORMAL,System Normal ✅,System Load Increasing,Normal
235.2,5.86,1378.0,WARNING,High Voltage ⚠️,System Load Increasing,Normal
238.5,4.44,1059.0,CRITICAL,High Voltage ⚠️,System Load Increasing,Normal
235.9,5.86,1382.0,WARNING,High Voltage ⚠️,System Load Increasing,Normal
236.2,5.78,1365.0,WARNING,High Voltage ⚠️,System Load Increasing,Normal
222.9,4.85,1081.0,NORMAL,System Normal ✅,Stable,Normal
231.7,4.86,1126.0,NORMAL,System Normal ✅,Stable,Normal
231.0,4.4,1016.0,NORMAL,System Normal ✅,Stable,Normal
237.0,4.65,1102.0,WARNING,High Voltage ⚠️,System Load Increasing,Normal
212.3,5.7,1210.0,NORMAL,System Normal ✅,Stable,Normal
229.1,4.81,1102.0,NORMAL,System Normal ✅,Stable,Normal
228.1,4.92,1122.0,NORMAL,System Normal ✅,Stable,Normal
232.3,5.15,1196.0,NORMAL,System Normal ✅,Stable,Normal
220.5,4.37,964.0,NORMAL,System Normal ✅,Stable,Normal
213.4,5.77,1231.0,NORMAL,System Normal ✅,Stable,Normal
210.9,4.57,964.0,NORMAL,System Normal ✅,Stable,Normal
230.2,5.72,1317.0,NORMAL,System Normal ✅,Stable,Normal
234.3,5.64,1321.0,NORMAL,System Normal ✅,System Load Increasing,Normal
211.4,5.54,1171.0,NORMAL,System Normal ✅,Stable,Normal
222.2,5.16,1147.0,NORMAL,System Normal ✅,Stable,Normal
211.2,4.85,1024.0,NORMAL,System Normal ✅,Stable,Normal
223.2,4.65,1038.0,NORMAL,System Normal ✅,Stable,Normal
230.6,4.93,1137.0,NORMAL,System Normal ✅,System Load Increasing,Normal
216.8,4.06,880.0,NORMAL,System Normal ✅,Stable,Normal
237.1,5.72,1356.0,WARNING,High Voltage ⚠️,System Load Increasing,Normal
230.3,5.29,1218.0,NORMAL,System Normal ✅,System Load Increasing,Normal
238.2,5.54,1320.0,CRITICAL,High Voltage ⚠️,System Load Increasing,Normal
212.2,4.79,1016.0,NORMAL,System Normal ✅,Stable,Normal
235.3,4.18,984.0,WARNING,High Voltage ⚠️,System Load Increasing,Normal
223.2,4.77,1065.0,NORMAL,System Normal ✅,Stable,Normal
236.4,4.98,1177.0,WARNING,High Voltage ⚠️,System Load Increasing,Normal
230.2,4.82,1110.0,NORMAL,System Normal ✅,System Load Increasing,Normal
239.3,4.01,960.0,CRITICAL,High Voltage ⚠️,System Load Increasing,Normal
224.4,4.79,1075.0,NORMAL,System Normal ✅,Stable,Normal
223.2,5.77,1288.0,NORMAL,System Normal ✅,Stable,Normal
219.6,4.68,1028.0,NORMAL,System Normal ✅,Stable,Normal
214.4,4.45,954.0,NORMAL,System Normal ✅,Stable,Normal
210.4,5.34,1124.0,NORMAL,System Normal ✅,Stable,Normal
212.4,4.46,947.0,NORMAL,System Normal ✅,Stable,Normal
222.0,4.79,1063.0,NORMAL,System Normal ✅,Stable,Normal
236.6,5.34,1263.0,WARNING,High Voltage ⚠️,System Load Increasing,Normal
227.3,5.28,1200.0,NORMAL,System Normal ✅,Stable,Normal
229.8,5.9,1356.0,NORMAL,System Normal ✅,Stable,Normal
230.0,4.71,1083.0,NORMAL,System Normal ✅,Stable,Normal
225.5,4.19,945.0,NORMAL,System Normal ✅,Stable,Normal
223.8,5.91,1323.0,NORMAL,System Normal ✅,Stable,Normal
224.1,4.36,977.0,NORMAL,System Normal ✅,Stable,Normal
234.2,4.95,1159.0,NORMAL,System Normal ✅,System Load Increasing,Normal
219.2,4.62,1013.0,NORMAL,System Normal ✅,Stable,Normal
232.2,5.21,1210.0,NORMAL,System Normal ✅,System Load Increasing,Normal
230.2,4.06,935.0,NORMAL,System Normal ✅,Stable,Normal
212.7,4.56,970.0,NORMAL,System Normal ✅,Stable,Normal
224.6,4.12,925.0,NORMAL,System Normal ✅,Stable,Normal
212.1,5.46,1158.0,NORMAL,System Normal ✅,Stable,Normal
238.7,4.79,1143.0,CRITICAL,High Voltage ⚠️,System Load Increasing,Normal
234.4,5.24,1228.0,NORMAL,System Normal ✅,System Load Increasing,Normal
230.6,5.02,1158.0,NORMAL,System Normal ✅,System Load Increasing,Normal
223.2,4.74,1058.0,NORMAL,System Normal ✅,Stable,Normal
236.0,5.67,1338.0,WARNING,High Voltage ⚠️,System Load Increasing,Normal
221.0,4.65,1028.0,NORMAL,System Normal ✅,Stable,Normal
226.0,4.83,1092.0,NORMAL,System Normal ✅,Stable,Normal
215.0,4.07,875.0,NORMAL,System Normal ✅,Stable,Normal
216.0,5.6,1210.0,NORMAL,System Normal ✅,Stable,Normal
239.2,5.58,1335.0,CRITICAL,High Voltage ⚠️,System Load Increasing,Normal
210.2,4.41,927.0,NORMAL,System Normal ✅,Stable,Normal
231.3,4.11,951.0,NORMAL,System Normal ✅,System Load Increasing,Normal
214.0,4.93,1055.0,NORMAL,System Normal ✅,Stable,Normal
227.4,4.4,1001.0,NORMAL,System Normal ✅,Stable,Normal
232.2,4.77,1108.0,NORMAL,System Normal ✅,System Load Increasing,Normal
234.6,5.19,1218.0,NORMAL,System Normal ✅,System Load Increasing,Normal
236.2,4.91,1160.0,WARNING,High Voltage ⚠️,System Load Increasing,Normal
224.1,5.78,1295.0,NORMAL,System Normal ✅,Stable,Normal
219.3,4.5,987.0,NORMAL,System Normal ✅,Stable,Normal
216.0,5.07,1095.0,NORMAL,System Normal ✅,Stable,Normal
216.2,5.03,1087.0,NORMAL,System Normal ✅,Stable,Normal
214.9,4.17,896.0,NORMAL,System Normal ✅,Stable,Normal
216.4,4.94,1069.0,NORMAL,System Normal ✅,Stable,Normal
237.3,5.57,1322.0,WARNING,High Voltage ⚠️,System Load Increasing,Normal
213.3,4.97,1060.0,NORMAL,System Normal ✅,Stable,Normal
221.7,4.28,949.0,NORMAL,System Normal ✅,Stable,Normal
222.5,4.96,1104.0,NORMAL,System Normal ✅,Stable,Normal
212.6,5.56,1182.0,NORMAL,System Normal ✅,Stable,Normal
228.8,5.37,1229.0,NORMAL,System Normal ✅,System Load Increasing,Normal
239.7,4.29,1028.0,CRITICAL,High Voltage ⚠️,System Load Increasing,Normal
213.0,5.35,1140.0,NORMAL,System Normal ✅,Stable,Normal
236.8,4.96,1175.0,WARNING,High Voltage ⚠️,System Load Increasing,Normal
225.4,4.1,924.0,NORMAL,System Normal ✅,Stable,Normal
215.2,5.08,1093.0,NORMAL,System Normal ✅,Stable,Normal
210.7,4.01,845.0,NORMAL,System Normal ✅,Stable,Normal
222.5,5.84,1299.0,NORMAL,System Normal ✅,Stable,Normal
219.4,4.76,1044.0,NORMAL,System Normal ✅,Stable,Normal
240.0,4.25,1020.0,CRITICAL,High Voltage ⚠️,System Load Increasing,Normal
239.1,4.51,1078.0,CRITICAL,High Voltage ⚠️,System Load Increasing,Normal
228.6,4.25,972.0,NORMAL,System Normal ✅,Stable,Normal
221.4,4.8,1063.0,NORMAL,System Normal ✅,Stable,Normal
214.8,5.63,1209.0,NORMAL,System Normal ✅,Stable,Normal
228.9,4.02,920.0,NORMAL,System Normal ✅,Stable,Normal
235.9,5.72,1349.0,WARNING,High Voltage ⚠️,System Load Increasing,Normal
223.4,5.54,1238.0,NORMAL,System Normal ✅,Stable,Normal
210.9,5.58,1177.0,NORMAL,System Normal ✅,Stable,Normal
210.2,5.33,1120.0,NORMAL,System Normal ✅,Stable,Normal
210.5,4.15,874.0,NORMAL,System Normal ✅,Stable,Normal
212.6,5.54,1178.0,NORMAL,System Normal ✅,Stable,Normal
227.5,5.28,1201.0,NORMAL,System Normal ✅,System Load Increasing,Normal
228.8,4.91,1123.0,NORMAL,System Normal ✅,System Load Increasing,Normal
221.9,4.76,1056.0,NORMAL,System Normal ✅,Stable,Normal
223.9,5.01,1122.0,NORMAL,System Normal ✅,Stable,Normal
230.4,5.13,1182.0,NORMAL,System Normal ✅,System Load Increasing,Normal
227.4,5.49,1248.0,NORMAL,System Normal ✅,Stable,Normal
239.3,4.64,1110.0,CRITICAL,High Voltage ⚠️,System Load Increasing,Normal
239.0,4.65,1111.0,CRITICAL,High Voltage ⚠️,System Load Increasing,Normal
233.1,5.98,1394.0,NORMAL,System Normal ✅,System Load Increasing,Normal
236.9,5.56,1317.0,WARNING,High Voltage ⚠️,System Load Increasing,Normal
230.0,4.79,1102.0,NORMAL,System Normal ✅,Stable,Normal
234.9,4.75,1116.0,NORMAL,System Normal ✅,System Load Increasing,Normal
225.2,5.3,1194.0,NORMAL,System Normal ✅,Stable,Normal
215.4,4.6,991.0,NORMAL,System Normal ✅,Stable,Normal
214.4,4.57,980.0,NORMAL,System Normal ✅,Stable,Normal
221.7,5.31,1177.0,NORMAL,System Normal ✅,Stable,Normal
223.5,5.49,1227.0,NORMAL,System Normal ✅,Stable,Normal
211.1,5.9,1245.0,NORMAL,System Normal ✅,Stable,Normal
236.8,4.61,1092.0,WARNING,High Voltage ⚠️,System Load Increasing,Normal
222.2,5.2,1155.0,NORMAL,System Normal ✅,Stable,Normal
223.9,4.08,914.0,NORMAL,System Normal ✅,Stable,Normal
224.6,5.11,1148.0,NORMAL,System Normal ✅,Stable,Normal
236.2,4.11,971.0,WARNING,High Voltage ⚠️,System Load Increasing,Normal
215.8,4.07,878.0,NORMAL,System Normal ✅,Stable,Normal
227.8,4.63,1055.0,NORMAL,System Normal ✅,Stable,Normal
216.5,4.64,1005.0,NORMAL,System Normal ✅,Stable,Normal
221.7,4.44,984.0,NORMAL,System Normal ✅,Stable,Normal
214.4,4.13,885.0,NORMAL,System Normal ✅,Stable,Normal
216.8,5.68,1231.0,NORMAL,System Normal ✅,Stable,Normal
212.4,5.17,1098.0,NORMAL,System Normal ✅,Stable,Normal
213.0,5.1,1086.0,NORMAL,System Normal ✅,Stable,Normal
214.4,5.25,1126.0,NORMAL,System Normal ✅,Stable,Normal
221.5,4.42,979.0,NORMAL,System Normal ✅,Stable,Normal
212.9,5.61,1194.0,NORMAL,System Normal ✅,Stable,Normal
214.5,4.55,976.0,NORMAL,System Normal ✅,Stable,Normal
226.4,5.96,1349.0,NORMAL,System Normal ✅,System Load Increasing,Normal
234.9,4.19,984.0,NORMAL,System Normal ✅,System Load Increasing,Normal
231.2,5.92,1369.0,NORMAL,System Normal ✅,System Load Increasing,Normal
231.3,4.27,988.0,NORMAL,System Normal ✅,System Load Increasing,Normal
226.1,4.34,981.0,NORMAL,System Normal ✅,Stable,Normal
213.7,5.99,1280.0,NORMAL,System Normal ✅,Stable,Normal
223.4,5.16,1153.0,NORMAL,System Normal ✅,Stable,Normal
219.7,4.41,969.0,NORMAL,System Normal ✅,Stable,Normal
234.2,5.53,1295.0,NORMAL,System Normal ✅,System Load Increasing,Normal
217.5,5.09,1107.0,NORMAL,System Normal ✅,Stable,Normal
211.7,5.27,1116.0,NORMAL,System Normal ✅,Stable,Normal
231.5,5.85,1354.0,NORMAL,System Normal ✅,System Load Increasing,Normal
216.4,5.15,1114.0,NORMAL,System Normal ✅,Stable,Normal
233.7,4.86,1136.0,NORMAL,System Normal ✅,System Load Increasing,Normal
237.9,4.29,1021.0,WARNING,High Voltage ⚠️,System Load Increasing,Normal
233.8,5.96,1393.0,NORMAL,System Normal ✅,System Load Increasing,Normal
224.0,4.37,979.0,NORMAL,System Normal ✅,Stable,Normal
210.5,5.12,1078.0,NORMAL,System Normal ✅,Stable,Normal
237.8,4.19,996.0,WARNING,High Voltage ⚠️,System Load Increasing,Normal
222.8,5.47,1219.0,NORMAL,System Normal ✅,Stable,Normal
231.6,4.91,1137.0,NORMAL,System Normal ✅,System Load Increasing,Normal
225.2,4.84,1090.0,NORMAL,System Normal ✅,Stable,Normal
215.0,4.86,1045.0,NORMAL,System Normal ✅,Stable,Normal
223.3,4.57,1020.0,NORMAL,System Normal ✅,Stable,Normal
228.1,4.39,1001.0,NORMAL,System Normal ✅,Stable,Normal
233.4,5.94,1386.0,NORMAL,System Normal ✅,System Load Increasing,Normal
224.8,5.16,1160.0,NORMAL,System Normal ✅,Stable,Normal
237.3,5.9,1400.0,WARNING,High Voltage ⚠️,System Load Increasing,Normal
219.9,5.46,1201.0,NORMAL,System Normal ✅,Stable,Normal
238.4,5.32,1268.0,CRITICAL,High Voltage ⚠️,System Load Increasing,Normal
211.2,4.43,936.0,NORMAL,System Normal ✅,Stable,Normal
211.4,4.95,1046.0,NORMAL,System Normal ✅,Stable,Normal
230.9,4.63,1069.0,NORMAL,System Normal ✅,Stable,Normal
228.9,4.49,1028.0,NORMAL,System Normal ✅,Stable,Normal
233.1,4.05,944.0,NORMAL,System Normal ✅,System Load Increasing,Normal
237.8,4.48,1065.0,WARNING,High Voltage ⚠️,System Load Increasing,Normal
231.7,5.99,1388.0,NORMAL,System Normal ✅,System Load Increasing,Normal
225.5,5.41,1220.0,NORMAL,System Normal ✅,Stable,Normal
232.2,4.2,975.0,NORMAL,System Normal ✅,System Load Increasing,Normal
220.8,5.83,1287.0,NORMAL,System Normal ✅,Stable,Normal
227.2,5.61,1275.0,NORMAL,System Normal ✅,Stable,Normal
223.8,4.41,987.0,NORMAL,System Normal ✅,Stable,Normal
237.0,5.88,1394.0,WARNING,High Voltage ⚠️,System Load Increasing,Normal
213.4,4.51,962.0,NORMAL,System Normal ✅,Stable,Normal
215.7,4.99,1076.0,NORMAL,System Normal ✅,Stable,Normal
230.1,5.82,1339.0,NORMAL,System Normal ✅,Stable,Normal
228.9,4.68,1071.0,NORMAL,System Normal ✅,Stable,Normal
219.3,5.03,1103.0,NORMAL,System Normal ✅,Stable,Normal
210.9,5.37,1133.0,NORMAL,System Normal ✅,Stable,Normal
231.7,5.85,1355.0,NORMAL,System Normal ✅,System Load Increasing,Normal
220.9,4.23,934.0,NORMAL,System Normal ✅,Stable,Normal
219.2,5.06,1109.0,NORMAL,System Normal ✅,Stable,Normal
224.0,4.16,932.0,NORMAL,System Normal ✅,Stable,Normal
234.3,6.0,1406.0,NORMAL,System Normal ✅,System Load Increasing,Normal
219.1,4.31,944.0,NORMAL,System Normal ✅,Stable,Normal
216.3,4.77,1032.0,NORMAL,System Normal ✅,Stable,Normal
220.7,4.26,940.0,NORMAL,System Normal ✅,Stable,Normal
226.6,5.27,1194.0,NORMAL,System Normal ✅,Stable,Normal
232.6,4.89,1137.0,NORMAL,System Normal ✅,System Load Increasing,Normal
219.6,5.64,1239.0,NORMAL,System Normal ✅,Stable,Normal
213.7,4.1,876.0,NORMAL,System Normal ✅,Stable,Normal
227.5,5.52,1256.0,NORMAL,System Normal ✅,Stable,Normal
219.4,4.15,911.0,NORMAL,System Normal ✅,Stable,Normal
220.8,4.2,927.0,NORMAL,System Normal ✅,Stable,Normal
235.1,5.94,1396.0,WARNING,High Voltage ⚠️,System Load Increasing,Normal
213.5,5.9,1260.0,NORMAL,System Normal ✅,Stable,Normal
213.0,5.47,1165.0,NORMAL,System Normal ✅,Stable,Normal
233.0,4.4,1025.0,NORMAL,System Normal ✅,System Load Increasing,Normal
235.6,5.49,1293.0,WARNING,High Voltage ⚠️,System Load Increasing,Normal
219.6,4.42,971.0,NORMAL,System Normal ✅,Stable,Normal
237.8,4.54,1080.0,WARNING,High Voltage ⚠️,System Load Increasing,Normal
238.9,5.95,1421.0,CRITICAL,High Voltage ⚠️,System Load Increasing,Normal
220.9,5.94,1312.0,NORMAL,System Normal ✅,Stable,Normal
239.7,4.07,976.0,CRITICAL,High Voltage ⚠️,System Load Increasing,Normal
223.4,5.1,1139.0,NORMAL,System Normal ✅,Stable,Normal
239.7,4.89,1172.0,CRITICAL,High Voltage ⚠️,System Load Increasing,Normal
230.9,5.69,1314.0,NORMAL,System Normal ✅,Stable,Normal
219.7,5.71,1254.0,NORMAL,System Normal ✅,Stable,Normal
234.9,4.45,1045.0,NORMAL,System Normal ✅,System Load Increasing,Normal
236.2,5.61,1325.0,WARNING,High Voltage ⚠️,System Load Increasing,Normal
236.6,4.45,1053.0,WARNING,High Voltage ⚠️,System Load Increasing,Normal
218.3,4.69,1024.0,NORMAL,System Normal ✅,Stable,Normal
224.9,5.83,1311.0,NORMAL,System Normal ✅,Stable,Normal
222.3,4.44,987.0,NORMAL,System Normal ✅,Stable,Normal
238.3,5.26,1253.0,CRITICAL,High Voltage ⚠️,System Load Increasing,Normal
213.2,4.98,1062.0,NORMAL,System Normal ✅,Stable,Normal
223.2,5.48,1223.0,NORMAL,System Normal ✅,Stable,Normal
222.4,5.12,1139.0,NORMAL,System Normal ✅,Stable,Normal
239.1,5.09,1217.0,CRITICAL,High Voltage ⚠️,System Load Increasing,Normal
211.0,5.81,1226.0,NORMAL,System Normal ✅,Stable,Normal
236.3,4.07,962.0,WARNING,High Voltage ⚠️,System Load Increasing,Normal
223.1,4.82,1075.0,NORMAL,System Normal ✅,Stable,Normal
212.8,5.02,1068.0,NORMAL,System Normal ✅,Stable,Normal
233.6,5.28,1233.0,NORMAL,System Normal ✅,System Load Increasing,Normal
210.2,5.02,1055.0,NORMAL,System Normal ✅,Stable,Normal
215.1,4.83,1039.0,NORMAL,System Normal ✅,Stable,Normal
221.6,4.25,942.0,NORMAL,System Normal ✅,Stable,Normal
211.8,4.94,1046.0,NORMAL,System Normal ✅,Stable,Normal
237.3,5.16,1224.0,WARNING,High Voltage ⚠️,System Load Increasing,Normal
232.2,5.28,1226.0,NORMAL,System Normal ✅,System Load Increasing,Normal
215.2,4.35,936.0,NORMAL,System Normal ✅,Stable,Normal
234.8,4.78,1122.0,NORMAL,System Normal ✅,System Load Increasing,Normal
211.6,4.06,859.0,NORMAL,System Normal ✅,Stable,Normal
236.3,5.9,1394.0,WARNING,High Voltage ⚠️,System Load Increasing,Normal
236.8,4.04,957.0,WARNING,High Voltage ⚠️,System Load Increasing,Normal
230.9,4.53,1046.0,NORMAL,System Normal ✅,System Load Increasing,Normal
234.3,4.83,1132.0,NORMAL,System Normal ✅,System Load Increasing,Normal
220.1,5.35,1178.0,NORMAL,System Normal ✅,Stable,Normal
222.7,4.53,1009.0,NORMAL,System Normal ✅,Stable,Normal
215.4,4.64,999.0,NORMAL,System Normal ✅,Stable,Normal
219.0,4.65,1018.0,NORMAL,System Normal ✅,Stable,Normal
231.6,5.45,1262.0,NORMAL,System Normal ✅,System Load Increasing,Normal
217.1,5.48,1190.0,NORMAL,System Normal ✅,Stable,Normal
213.0,4.92,1048.0,NORMAL,System Normal ✅,Stable,Normal
237.5,5.12,1216.0,WARNING,High Voltage ⚠️,System Load Increasing,Normal
222.1,4.7,1044.0,NORMAL,System Normal ✅,Stable,Normal
217.5,4.77,1037.0,NORMAL,System Normal ✅,Stable,Normal
227.5,4.31,981.0,NORMAL,System Normal ✅,Stable,Normal
215.5,5.25,1131.0,NORMAL,System Normal ✅,Stable,Normal
220.2,4.54,1000.0,NORMAL,System Normal ✅,Stable,Normal
235.0,5.55,1304.0,NORMAL,System Normal ✅,System Load Increasing,Normal
212.4,5.34,1134.0,NORMAL,System Normal ✅,Stable,Normal
224.3,5.61,1258.0,NORMAL,System Normal ✅,Stable,Normal
233.5,4.36,1018.0,NORMAL,System Normal ✅,System Load Increasing,Normal
226.1,4.08,922.0,NORMAL,System Normal ✅,Stable,Normal
223.1,4.28,955.0,NORMAL,System Normal ✅,Stable,Normal
236.2,5.26,1242.0,WARNING,High Voltage ⚠️,System Load Increasing,Normal
219.9,5.19,1141.0,NORMAL,System Normal ✅,Stable,Normal
234.6,5.02,1178.0,NORMAL,System Normal ✅,System Load Increasing,Normal
237.8,4.03,958.0,WARNING,High Voltage ⚠️,System Load Increasing,Normal
219.2,5.35,1173.0,NORMAL,System Normal ✅,Stable,Normal
210.4,4.1,863.0,NORMAL,System Normal ✅,Stable,Normal
217.4,5.75,1250.0,NORMAL,System Normal ✅,Stable,Normal
224.6,4.58,1029.0,NORMAL,System Normal ✅,Stable,Normal
219.8,5.66,1244.0,NORMAL,System Normal ✅,Stable,Normal
216.7,5.04,1092.0,NORMAL,System Normal ✅,Stable,Normal
217.8,5.55,1209.0,NORMAL,System Normal ✅,Stable,Normal
220.4,5.73,1263.0,NORMAL,System Normal ✅,Stable,Normal
224.9,4.51,1014.0,NORMAL,System Normal ✅,Stable,Normal
223.2,5.7,1272.0,NORMAL,System Normal ✅,Stable,Normal
212.0,4.97,1054.0,NORMAL,System Normal ✅,Stable,Normal
234.0,5.46,1278.0,NORMAL,System Normal ✅,System Load Increasing,Normal
228.0,5.95,1357.0,NORMAL,System Normal ✅,Stable,Normal
229.9,4.29,986.0,NORMAL,System Normal ✅,System Load Increasing,Normal
227.4,5.3,1205.0,NORMAL,System Normal ✅,Stable,Normal
223.1,5.41,1207.0,NORMAL,System Normal ✅,Stable,Normal
224.4,5.2,1167.0,NORMAL,System Normal ✅,Stable,Normal
217.7,4.75,1034.0,NORMAL,System Normal ✅,Stable,Normal
235.5,5.47,1288.0,WARNING,High Voltage ⚠️,System Load Increasing,Normal
218.2,5.16,1126.0,NORMAL,System Normal ✅,Stable,Normal
239.8,4.32,1036.0,CRITICAL,High Voltage ⚠️,Voltage Spike Risk,Anomaly 🚨
219.5,5.51,1209.0,NORMAL,System Normal ✅,Stable,Normal
210.8,5.76,1214.0,NORMAL,System Normal ✅,Stable,Normal
226.3,5.56,1258.0,NORMAL,System Normal ✅,Stable,Normal
226.2,4.13,934.0,NORMAL,System Normal ✅,Stable,Normal
222.0,4.71,1046.0,NORMAL,System Normal ✅,Stable,Normal
229.8,5.75,1321.0,NORMAL,System Normal ✅,System Load Increasing,Normal
217.0,5.88,1276.0,NORMAL,System Normal ✅,Stable,Normal
232.5,4.99,1160.0,NORMAL,System Normal ✅,System Load Increasing,Normal
235.1,5.49,1291.0,WARNING,High Voltage ⚠️,System Load Increasing,Normal
211.0,5.3,1118.0,NORMAL,System Normal ✅,Stable,Normal
233.4,4.21,983.0,NORMAL,System Normal ✅,System Load Increasing,Normal
224.8,4.0,899.0,NORMAL,System Normal ✅,Stable,Normal
224.6,4.83,1085.0,NORMAL,System Normal ✅,Stable,Normal
231.1,5.11,1181.0,NORMAL,System Normal ✅,System Load Increasing,Normal
222.8,4.87,1085.0,NORMAL,System Normal ✅,Stable,Normal
219.7,4.19,921.0,NORMAL,System Normal ✅,Stable,Normal
232.9,5.06,1178.0,NORMAL,System Normal ✅,System Load Increasing,Normal
210.5,5.42,1141.0,NORMAL,System Normal ✅,Stable,Normal
222.4,4.02,894.0,NORMAL,System Normal ✅,Stable,Normal
221.1,4.82,1066.0,NORMAL,System Normal ✅,Stable,Normal
229.9,5.17,1189.0,NORMAL,System Normal ✅,System Load Increasing,Normal
215.5,5.13,1106.0,NORMAL,System Normal ✅,Stable,Normal
232.7,5.4,1257.0,NORMAL,System Normal ✅,System Load Increasing,Normal
227.6,5.66,1288.0,NORMAL,System Normal ✅,Stable,Normal
220.0,5.61,1234.0,NORMAL,System Normal ✅,Stable,Normal
236.6,4.35,1029.0,WARNING,High Voltage ⚠️,System Load Increasing,Normal
239.0,5.02,1200.0,CRITICAL,High Voltage ⚠️,System Load Increasing,Normal
226.9,4.03,914.0,NORMAL,System Normal ✅,Stable,Normal
226.5,4.03,913.0,NORMAL,System Normal ✅,Stable,Normal
233.3,5.88,1372.0,NORMAL,System Normal ✅,System Load Increasing,Normal
231.1,4.83,1116.0,NORMAL,System Normal ✅,Stable,Normal
220.8,5.03,1111.0,NORMAL,System Normal ✅,Stable,Normal
230.3,5.0,1152.0,NORMAL,System Normal ✅,Stable,Normal
218.2,5.62,1226.0,NORMAL,System Normal ✅,Stable,Normal
210.8,4.39,925.0,NORMAL,System Normal ✅,Stable,Normal
211.0,5.33,1125.0,NORMAL,System Normal ✅,Stable,Normal
223.1,5.59,1247.0,NORMAL,System Normal ✅,Stable,Normal
236.3,5.85,1382.0,WARNING,High Voltage ⚠️,System Load Increasing,Normal
232.0,5.12,1188.0,NORMAL,System Normal ✅,System Load Increasing,Normal
238.5,5.88,1402.0,CRITICAL,High Voltage ⚠️,System Load Increasing,Normal
221.9,5.8,1287.0,NORMAL,System Normal ✅,Stable,Normal
216.3,4.91,1062.0,NORMAL,System Normal ✅,Stable,Normal
219.1,5.33,1168.0,NORMAL,System Normal ✅,Stable,Normal
220.1,4.07,896.0,NORMAL,System Normal ✅,Stable,Normal
212.1,5.98,1268.0,NORMAL,System Normal ✅,Stable,Normal
227.4,5.54,1260.0,NORMAL,System Normal ✅,Stable,Normal
231.2,4.88,1128.0,NORMAL,System Normal ✅,System Load Increasing,Normal
210.1,4.53,952.0,NORMAL,System Normal ✅,Stable,Normal
225.2,4.81,1083.0,NORMAL,System Normal ✅,Stable,Normal
230.6,5.27,1215.0,NORMAL,System Normal ✅,System Load Increasing,Normal
227.9,5.74,1308.0,NORMAL,System Normal ✅,Stable,Normal
225.3,4.46,1005.0,NORMAL,System Normal ✅,Stable,Normal
238.5,5.9,1407.0,CRITICAL,High Voltage ⚠️,System Load Increasing,Normal
238.3,5.72,1363.0,CRITICAL,High Voltage ⚠️,System Load Increasing,Normal
219.8,5.2,1143.0,NORMAL,System Normal ✅,Stable,Normal
233.6,5.45,1273.0,NORMAL,System Normal ✅,System Load Increasing,Normal
213.3,4.13,881.0,NORMAL,System Normal ✅,Stable,Normal
227.1,5.01,1138.0,NORMAL,System Normal ✅,Stable,Normal
232.1,5.35,1242.0,NORMAL,System Normal ✅,System Load Increasing,Normal
238.7,5.03,1201.0,CRITICAL,High Voltage ⚠️,System Load Increasing,Normal
239.9,4.96,1190.0,CRITICAL,High Voltage ⚠️,System Load Increasing,Normal
221.0,4.19,926.0,NORMAL,System Normal ✅,Stable,Normal
219.8,4.47,983.0,NORMAL,System Normal ✅,Stable,Normal
238.7,4.98,1189.0,CRITICAL,High Voltage ⚠️,System Load Increasing,Normal
239.1,5.89,1408.0,CRITICAL,High Voltage ⚠️,System Load Increasing,Normal
210.8,4.62,974.0,NORMAL,System Normal ✅,Stable,Normal
228.9,5.65,1293.0,NORMAL,System Normal ✅,Stable,Normal
224.4,5.61,1259.0,NORMAL,System Normal ✅,Stable,Normal
213.0,4.91,1046.0,NORMAL,System Normal ✅,Stable,Normal
231.1,5.63,1301.0,NORMAL,System Normal ✅,Stable,Normal
213.7,5.95,1272.0,NORMAL,System Normal ✅,Stable,Normal
211.3,5.29,1118.0,NORMAL,System Normal ✅,Stable,Normal
224.8,5.16,1160.0,NORMAL,System Normal ✅,Stable,Normal
229.8,5.05,1160.0,NORMAL,System Normal ✅,Stable,Normal
232.2,5.53,1284.0,NORMAL,System Normal ✅,System Load Increasing,Normal
232.2,4.87,1131.0,NORMAL,System Normal ✅,System Load Increasing,Normal
210.1,5.59,1174.0,NORMAL,System Normal ✅,Stable,Normal
217.7,4.4,958.0,NORMAL,System Normal ✅,Stable,Normal
234.3,5.63,1319.0,NORMAL,System Normal ✅,System Load Increasing,Normal
226.2,5.29,1197.0,NORMAL,System Normal ✅,Stable,Normal
236.4,5.74,1357.0,WARNING,High Voltage ⚠️,System Load Increasing,Normal
221.7,5.05,1120.0,NORMAL,System Normal ✅,Stable,Normal
236.4,4.51,1066.0,WARNING,High Voltage ⚠️,System Load Increasing,Normal
226.2,4.23,957.0,NORMAL,System Normal ✅,Stable,Normal
223.4,5.82,1300.0,NORMAL,System Normal ✅,Stable,Normal
212.8,4.64,987.0,NORMAL,System Normal ✅,Stable,Normal
217.2,5.21,1132.0,NORMAL,System Normal ✅,Stable,Normal
210.8,4.23,892.0,NORMAL,System Normal ✅,Stable,Normal
223.6,4.64,1038.0,NORMAL,System Normal ✅,Stable,Normal
211.8,4.15,879.0,NORMAL,System Normal ✅,Stable,Normal
214.1,4.12,882.0,NORMAL,System Normal ✅,Stable,Normal
211.1,4.04,853.0,NORMAL,System Normal ✅,Stable,Normal
239.2,4.7,1124.0,CRITICAL,High Voltage ⚠️,System Load Increasing,Normal
212.8,4.15,883.0,NORMAL,System Normal ✅,Stable,Normal
213.8,5.71,1221.0,NORMAL,System Normal ✅,Stable,Normal
238.8,4.66,1113.0,CRITICAL,High Voltage ⚠️,System Load Increasing,Normal
221.0,5.96,1317.0,NORMAL,System Normal ✅,Stable,Normal
210.0,4.5,945.0,NORMAL,System Normal ✅,Stable,Normal
212.8,4.78,1017.0,NORMAL,System Normal ✅,Stable,Normal
222.7,4.25,946.0,NORMAL,System Normal ✅,Stable,Normal
217.5,4.67,1016.0,NORMAL,System Normal ✅,Stable,Normal
213.3,4.31,919.0,NORMAL,System Normal ✅,Stable,Normal
228.2,5.45,1244.0,NORMAL,System Normal ✅,System Load Increasing,Normal
230.9,5.89,1360.0,NORMAL,System Normal ✅,System Load Increasing,Normal
220.9,5.41,1195.0,NORMAL,System Normal ✅,Stable,Normal
235.5,5.11,1203.0,WARNING,High Voltage ⚠️,System Load Increasing,Normal
234.3,4.31,1010.0,NORMAL,System Normal ✅,System Load Increasing,Normal
214.6,5.95,1277.0,NORMAL,System Normal ✅,Stable,Normal
236.3,4.22,997.0,WARNING,High Voltage ⚠️,System Load Increasing,Normal
235.6,4.72,1112.0,WARNING,High Voltage ⚠️,System Load Increasing,Normal
228.2,4.02,917.0,NORMAL,System Normal ✅,Stable,Normal
224.7,4.78,1074.0,NORMAL,System Normal ✅,Stable,Normal
219.1,4.18,916.0,NORMAL,System Normal ✅,Stable,Normal
232.2,4.49,1043.0,NORMAL,System Normal ✅,System Load Increasing,Normal
230.0,5.73,1318.0,NORMAL,System Normal ✅,Stable,Normal
236.0,5.64,1331.0,WARNING,High Voltage ⚠️,System Load Increasing,Normal
229.4,5.62,1289.0,NORMAL,System Normal ✅,Stable,Normal
214.1,4.26,912.0,NORMAL,System Normal ✅,Stable,Normal
235.8,4.32,1019.0,WARNING,High Voltage ⚠️,System Load Increasing,Normal
211.9,5.76,1221.0,NORMAL,System Normal ✅,Stable,Normal
222.8,4.75,1058.0,NORMAL,System Normal ✅,Stable,Normal
224.2,5.87,1316.0,NORMAL,System Normal ✅,Stable,Normal
210.4,4.26,896.0,NORMAL,System Normal ✅,Stable,Normal
224.0,4.95,1109.0,NORMAL,System Normal ✅,Stable,Normal
222.1,4.11,913.0,NORMAL,System Normal ✅,Stable,Normal
233.0,4.94,1151.0,NORMAL,System Normal ✅,System Load Increasing,Normal
229.5,5.82,1336.0,NORMAL,System Normal ✅,Stable,Normal
231.1,4.41,1019.0,NORMAL,System Normal ✅,Stable,Normal
219.6,5.36,1177.0,NORMAL,System Normal ✅,Stable,Normal
232.9,4.18,974.0,NORMAL,System Normal ✅,System Load Increasing,Normal
225.9,4.58,1035.0,NORMAL,System Normal ✅,Stable,Normal
215.2,5.84,1257.0,NORMAL,System Normal ✅,Stable,Normal
229.8,4.04,928.0,NORMAL,System Normal ✅,Stable,Normal
215.5,5.51,1187.0,NORMAL,System Normal ✅,Stable,Normal
215.0,4.19,901.0,NORMAL,System Normal ✅,Stable,Normal
231.2,5.22,1207.0,NORMAL,System Normal ✅,System Load Increasing,Normal
220.9,4.67,1032.0,NORMAL,System Normal ✅,Stable,Normal
211.8,5.94,1258.0,NORMAL,System Normal ✅,Stable,Normal
219.4,4.61,1011.0,NORMAL,System Normal ✅,Stable,Normal
218.1,5.68,1239.0,NORMAL,System Normal ✅,Stable,Normal
223.1,4.32,964.0,NORMAL,System Normal ✅,Stable,Normal
228.5,4.14,946.0,NORMAL,System Normal ✅,System Load Increasing,Normal
226.9,4.11,933.0,NORMAL,System Normal ✅,Stable,Normal
214.0,4.09,875.0,NORMAL,System Normal ✅,Stable,Normal
216.5,4.44,961.0,NORMAL,System Normal ✅,Stable,Normal
215.8,4.36,941.0,NORMAL,System Normal ✅,Stable,Normal
238.3,4.01,956.0,CRITICAL,High Voltage ⚠️,Voltage Spike Risk,Anomaly 🚨
211.6,5.38,1138.0,NORMAL,System Normal ✅,Stable,Normal
235.9,5.21,1229.0,WARNING,High Voltage ⚠️,System Load Increasing,Normal
217.3,4.82,1047.0,NORMAL,System Normal ✅,Stable,Normal
232.9,4.65,1083.0,NORMAL,System Normal ✅,System Load Increasing,Normal
236.3,4.47,1056.0,WARNING,High Voltage ⚠️,System Load Increasing,Normal
235.6,5.67,1336.0,WARNING,High Voltage ⚠️,System Load Increasing,Normal
214.4,4.65,997.0,NORMAL,System Normal ✅,Stable,Normal
216.5,4.04,875.0,NORMAL,System Normal ✅,Stable,Normal
230.5,5.71,1316.0,NORMAL,System Normal ✅,System Load Increasing,Normal
232.8,5.75,1339.0,NORMAL,System Normal ✅,System Load Increasing,Normal
227.8,4.77,1087.0,NORMAL,System Normal ✅,Stable,Normal
230.4,4.3,991.0,NORMAL,System Normal ✅,System Load Increasing,Normal
225.3,4.81,1084.0,NORMAL,System Normal ✅,Stable,Normal
236.7,5.8,1373.0,WARNING,High Voltage ⚠️,System Load Increasing,Normal
236.3,4.97,1174.0,WARNING,High Voltage ⚠️,System Load Increasing,Normal
227.0,5.36,1217.0,NORMAL,System Normal ✅,Stable,Normal
232.8,4.26,992.0,NORMAL,System Normal ✅,System Load Increasing,Normal
236.8,5.8,1373.0,WARNING,High Voltage ⚠️,System Load Increasing,Normal
229.6,5.62,1290.0,NORMAL,System Normal ✅,Stable,Normal
211.5,5.81,1229.0,NORMAL,System Normal ✅,Stable,Normal
225.3,5.22,1176.0,NORMAL,System Normal ✅,Stable,Normal
238.1,4.76,1133.0,CRITICAL,High Voltage ⚠️,System Load Increasing,Normal
238.9,4.24,1013.0,CRITICAL,High Voltage ⚠️,System Load Increasing,Normal
213.1,5.12,1091.0,NORMAL,System Normal ✅,Stable,Normal
238.9,4.14,989.0,CRITICAL,High Voltage ⚠️,System Load Increasing,Normal
211.1,5.33,1125.0,NORMAL,System Normal ✅,Stable,Normal
238.4,5.12,1221.0,CRITICAL,High Voltage ⚠️,System Load Increasing,Normal
237.9,4.02,956.0,WARNING,High Voltage ⚠️,System Load Increasing,Normal
221.6,4.32,957.0,NORMAL,System Normal ✅,Stable,Normal
216.2,4.48,969.0,NORMAL,System Normal ✅,Stable,Normal
221.5,5.9,1307.0,NORMAL,System Normal ✅,Stable,Normal
211.2,4.17,881.0,NORMAL,System Normal ✅,Stable,Normal
231.9,5.78,1340.0,NORMAL,System Normal ✅,Stable,Normal
237.6,5.95,1414.0,WARNING,High Voltage ⚠️,System Load Increasing,Normal
210.5,5.51,1160.0,NORMAL,System Normal ✅,Stable,Normal
218.8,4.6,1006.0,NORMAL,System Normal ✅,Stable,Normal
233.8,5.74,1342.0,NORMAL,System Normal ✅,System Load Increasing,Normal
232.8,4.91,1143.0,NORMAL,System Normal ✅,System Load Increasing,Normal
232.7,5.35,1245.0,NORMAL,System Normal ✅,System Load Increasing,Normal
213.3,4.14,883.0,NORMAL,System Normal ✅,Stable,Normal
220.1,4.5,990.0,NORMAL,System Normal ✅,Stable,Normal
224.0,5.23,1172.0,NORMAL,System Normal ✅,Stable,Normal
211.8,5.37,1137.0,NORMAL,System Normal ✅,Stable,Normal
230.2,5.6,1289.0,NORMAL,System Normal ✅,System Load Increasing,Normal
219.9,4.28,941.0,NORMAL,System Normal ✅,Stable,Normal
228.1,4.75,1083.0,NORMAL,System Normal ✅,Stable,Normal
215.8,5.68,1226.0,NORMAL,System Normal ✅,Stable,Normal
216.3,5.19,1123.0,NORMAL,System Normal ✅,Stable,Normal
222.2,5.16,1147.0,NORMAL,System Normal ✅,Stable,Normal
219.7,5.48,1204.0,NORMAL,System Normal ✅,Stable,Normal
210.8,4.27,900.0,NORMAL,System Normal ✅,Stable,Normal
210.2,5.36,1127.0,NORMAL,System Normal ✅,Stable,Normal
212.7,4.44,944.0,NORMAL,System Normal ✅,Stable,Normal
238.9,5.56,1328.0,CRITICAL,High Voltage ⚠️,System Load Increasing,Normal
220.4,4.86,1071.0,NORMAL,System Normal ✅,Stable,Normal
235.1,4.64,1091.0,WARNING,High Voltage ⚠️,System Load Increasing,Normal
226.2,5.55,1255.0,NORMAL,System Normal ✅,Stable,Normal
219.6,4.95,1087.0,NORMAL,System Normal ✅,Stable,Normal
236.1,4.57,1079.0,WARNING,High Voltage ⚠️,System Load Increasing,Normal
230.2,5.31,1222.0,NORMAL,System Normal ✅,System Load Increasing,Normal
221.5,5.59,1238.0,NORMAL,System Normal ✅,Stable,Normal
213.3,5.32,1135.0,NORMAL,System Normal ✅,Stable,Normal
234.7,4.11,965.0,NORMAL,System Normal ✅,System Load Increasing,Normal
217.1,5.85,1270.0,NORMAL,System Normal ✅,Stable,Normal
239.0,5.71,1365.0,CRITICAL,High Voltage ⚠️,System Load Increasing,Normal
222.0,4.0,888.0,NORMAL,System Normal ✅,Stable,Normal
230.2,4.16,958.0,NORMAL,System Normal ✅,System Load Increasing,Normal
223.4,4.73,1057.0,NORMAL,System Normal ✅,Stable,Normal
222.4,4.96,1103.0,NORMAL,System Normal ✅,Stable,Normal
226.6,4.9,1110.0,NORMAL,System Normal ✅,Stable,Normal
215.1,5.13,1103.0,NORMAL,System Normal ✅,Stable,Normal
217.2,5.9,1281.0,NORMAL,System Normal ✅,Stable,Normal
212.6,5.15,1095.0,NORMAL,System Normal ✅,Stable,Normal
227.6,5.41,1231.0,NORMAL,System Normal ✅,Stable,Normal
229.3,4.78,1096.0,NORMAL,System Normal ✅,Stable,Normal
224.2,4.28,960.0,NORMAL,System Normal ✅,Stable,Normal
214.0,5.7,1220.0,NORMAL,System Normal ✅,Stable,Normal
233.2,5.74,1339.0,NORMAL,System Normal ✅,System Load Increasing,Normal
237.7,4.71,1120.0,WARNING,High Voltage ⚠️,System Load Increasing,Normal
233.4,4.28,999.0,NORMAL,System Normal ✅,System Load Increasing,Normal
238.4,4.3,1025.0,CRITICAL,High Voltage ⚠️,System Load Increasing,Normal
236.3,5.1,1205.0,WARNING,High Voltage ⚠️,System Load Increasing,Normal
220.3,4.75,1046.0,NORMAL,System Normal ✅,Stable,Normal
217.8,4.32,941.0,NORMAL,System Normal ✅,Stable,Normal
218.5,4.86,1062.0,NORMAL,System Normal ✅,Stable,Normal
226.8,4.44,1007.0,NORMAL,System Normal ✅,Stable,Normal
235.4,4.5,1059.0,WARNING,High Voltage ⚠️,System Load Increasing,Normal
233.6,4.31,1007.0,NORMAL,System Normal ✅,System Load Increasing,Normal
235.6,5.0,1178.0,WARNING,High Voltage ⚠️,System Load Increasing,Normal
211.7,4.97,1052.0,NORMAL,System Normal ✅,Stable,Normal
224.5,4.72,1060.0,NORMAL,System Normal ✅,Stable,Normal
229.4,5.97,1370.0,NORMAL,System Normal ✅,Stable,Normal
212.1,5.67,1203.0,NORMAL,System Normal ✅,Stable,Normal
230.2,4.42,1017.0,NORMAL,System Normal ✅,Stable,Normal
237.0,4.43,1050.0,WARNING,High Voltage ⚠️,System Load Increasing,Normal
228.7,4.74,1084.0,NORMAL,System Normal ✅,Stable,Normal
222.2,5.3,1178.0,NORMAL,System Normal ✅,Stable,Normal
219.1,5.65,1238.0,NORMAL,System Normal ✅,Stable,Normal
220.1,5.19,1142.0,NORMAL,System Normal ✅,Stable,Normal
215.9,4.86,1049.0,NORMAL,System Normal ✅,Stable,Normal
218.2,4.2,916.0,NORMAL,System Normal ✅,Stable,Normal
224.3,4.34,973.0,NORMAL,System Normal ✅,Stable,Normal
219.1,5.15,1128.0,NORMAL,System Normal ✅,Stable,Normal
230.7,5.7,1315.0,NORMAL,System Normal ✅,System Load Increasing,Normal
233.2,4.94,1152.0,NORMAL,System Normal ✅,System Load Increasing,Normal
230.9,4.66,1076.0,NORMAL,System Normal ✅,System Load Increasing,Normal
224.4,4.95,1111.0,NORMAL,System Normal ✅,Stable,Normal
211.0,5.73,1209.0,NORMAL,System Normal ✅,Stable,Normal
232.8,4.05,943.0,NORMAL,System Normal ✅,System Load Increasing,Normal
238.5,5.29,1262.0,CRITICAL,High Voltage ⚠️,System Load Increasing,Normal
214.8,4.88,1048.0,NORMAL,System Normal ✅,Stable,Normal
232.5,5.98,1390.0,NORMAL,System Normal ✅,System Load Increasing,Normal
225.8,4.81,1086.0,NORMAL,System Normal ✅,Stable,Normal
222.9,5.76,1284.0,NORMAL,System Normal ✅,Stable,Normal
223.1,4.1,915.0,NORMAL,System Normal ✅,Stable,Normal
216.4,6.0,1298.0,NORMAL,System Normal ✅,Stable,Normal
239.3,4.19,1003.0,CRITICAL,High Voltage ⚠️,System Load Increasing,Normal
233.6,5.79,1353.0,NORMAL,System Normal ✅,System Load Increasing,Normal
212.2,4.94,1048.0,NORMAL,System Normal ✅,Stable,Normal
239.2,5.16,1234.0,CRITICAL,High Voltage ⚠️,System Load Increasing,Normal
239.4,4.28,1025.0,CRITICAL,High Voltage ⚠️,System Load Increasing,Normal
216.9,4.39,952.0,NORMAL,System Normal ✅,Stable,Normal
232.8,5.43,1264.0,NORMAL,System Normal ✅,System Load Increasing,Normal
211.2,5.82,1229.0,NORMAL,System Normal ✅,Stable,Normal
238.7,5.25,1253.0,CRITICAL,High Voltage ⚠️,System Load Increasing,Normal
229.3,5.66,1298.0,NORMAL,System Normal ✅,Stable,Normal
223.0,4.26,950.0,NORMAL,System Normal ✅,Stable,Normal
217.7,4.64,1010.0,NORMAL,System Normal ✅,Stable,Normal
216.3,4.36,943.0,NORMAL,System Normal ✅,Stable,Normal
224.6,4.14,930.0,NORMAL,System Normal ✅,Stable,Normal
223.2,5.3,1183.0,NORMAL,System Normal ✅,Stable,Normal
230.3,4.73,1089.0,NORMAL,System Normal ✅,Stable,Normal
225.3,5.08,1145.0,NORMAL,System Normal ✅,Stable,Normal
212.0,5.65,1198.0,NORMAL,System Normal ✅,Stable,Normal
220.5,4.75,1047.0,NORMAL,System Normal ✅,Stable,Normal
219.0,5.91,1294.0,NORMAL,System Normal ✅,Stable,Normal
232.2,4.35,1010.0,NORMAL,System Normal ✅,System Load Increasing,Normal
228.4,4.93,1126.0,NORMAL,System Normal ✅,Stable,Normal
215.9,5.33,1151.0,NORMAL,System Normal ✅,Stable,Normal
221.0,5.34,1180.0,NORMAL,System Normal ✅,Stable,Normal
239.6,4.73,1133.0,CRITICAL,High Voltage ⚠️,System Load Increasing,Normal
219.9,4.95,1089.0,NORMAL,System Normal ✅,Stable,Normal
232.2,4.79,1112.0,NORMAL,System Normal ✅,System Load Increasing,Normal
219.5,5.25,1152.0,NORMAL,System Normal ✅,Stable,Normal
211.3,4.65,983.0,NORMAL,System Normal ✅,Stable,Normal
221.6,4.15,920.0,NORMAL,System Normal ✅,Stable,Normal
230.3,5.56,1280.0,NORMAL,System Normal ✅,System Load Increasing,Normal
219.6,4.45,977.0,NORMAL,System Normal ✅,Stable,Normal
229.6,5.49,1261.0,NORMAL,System Normal ✅,System Load Increasing,Normal
233.0,5.53,1288.0,NORMAL,System Normal ✅,System Load Increasing,Normal
219.3,5.38,1180.0,NORMAL,System Normal ✅,Stable,Normal
222.7,5.75,1281.0,NORMAL,System Normal ✅,Stable,Normal
231.3,4.22,976.0,NORMAL,System Normal ✅,System Load Increasing,Normal
217.1,4.41,957.0,NORMAL,System Normal ✅,Stable,Normal
230.3,5.95,1370.0,NORMAL,System Normal ✅,System Load Increasing,Normal
212.5,5.31,1128.0,NORMAL,System Normal ✅,Stable,Normal
217.3,4.44,965.0,NORMAL,System Normal ✅,Stable,Normal
224.9,5.41,1217.0,NORMAL,System Normal ✅,Stable,Normal
212.5,5.64,1198.0,NORMAL,System Normal ✅,Stable,Normal
231.9,4.33,1004.0,NORMAL,System Normal ✅,System Load Increasing,Normal
231.7,5.51,1277.0,NORMAL,System Normal ✅,System Load Increasing,Normal
228.9,4.95,1133.0,NORMAL,System Normal ✅,System Load Increasing,Normal
214.4,5.17,1108.0,NORMAL,System Normal ✅,Stable,Normal
213.2,4.16,887.0,NORMAL,System Normal ✅,Stable,Normal
239.0,4.04,966.0,CRITICAL,High Voltage ⚠️,System Load Increasing,Normal
220.1,5.47,1204.0,NORMAL,System Normal ✅,Stable,Normal
212.6,5.56,1182.0,NORMAL,System Normal ✅,Stable,Normal
229.6,5.69,1306.0,NORMAL,System Normal ✅,System Load Increasing,Normal
211.0,5.53,1167.0,NORMAL,System Normal ✅,Stable,Normal
235.2,4.4,1035.0,WARNING,High Voltage ⚠️,System Load Increasing,Normal
216.5,4.95,1072.0,NORMAL,System Normal ✅,Stable,Normal
238.1,4.15,988.0,CRITICAL,High Voltage ⚠️,System Load Increasing,Normal
229.3,4.0,917.0,NORMAL,System Normal ✅,System Load Increasing,Normal
232.5,5.99,1393.0,NORMAL,System Normal ✅,System Load Increasing,Normal
211.6,4.44,940.0,NORMAL,System Normal ✅,Stable,Normal
229.1,4.3,985.0,NORMAL,System Normal ✅,System Load Increasing,Normal
239.2,4.99,1194.0,CRITICAL,High Voltage ⚠️,System Load Increasing,Normal
232.4,4.27,992.0,NORMAL,System Normal ✅,System Load Increasing,Normal
218.2,5.32,1161.0,NORMAL,System Normal ✅,Stable,Normal
239.7,4.66,1117.0,CRITICAL,High Voltage ⚠️,System Load Increasing,Normal
214.7,5.93,1273.0,NORMAL,System Normal ✅,Stable,Normal
230.8,4.23,976.0,NORMAL,System Normal ✅,System Load Increasing,Normal
220.2,4.72,1039.0,NORMAL,System Normal ✅,Stable,Normal
234.6,4.51,1058.0,NORMAL,System Normal ✅,System Load Increasing,Normal
226.3,5.89,1333.0,NORMAL,System Normal ✅,Stable,Normal
219.0,4.8,1051.0,NORMAL,System Normal ✅,Stable,Normal
218.1,4.11,896.0,NORMAL,System Normal ✅,Stable,Normal
237.1,4.22,1001.0,WARNING,High Voltage ⚠️,System Load Increasing,Normal
213.5,5.02,1072.0,NORMAL,System Normal ✅,Stable,Normal
227.1,4.88,1108.0,NORMAL,System Normal ✅,Stable,Normal
222.6,5.23,1164.0,NORMAL,System Normal ✅,Stable,Normal
233.8,5.9,1379.0,NORMAL,System Normal ✅,System Load Increasing,Normal
215.2,5.4,1162.0,NORMAL,System Normal ✅,Stable,Normal
221.7,4.49,995.0,NORMAL,System Normal ✅,Stable,Normal
228.0,5.26,1199.0,NORMAL,System Normal ✅,Stable,Normal
237.1,5.04,1195.0,WARNING,High Voltage ⚠️,System Load Increasing,Normal
226.0,4.8,1085.0,NORMAL,System Normal ✅,Stable,Normal
237.1,4.67,1107.0,WARNING,High Voltage ⚠️,System Load Increasing,Normal
228.4,5.85,1336.0,NORMAL,System Normal ✅,Stable,Normal
224.1,4.99,1118.0,NORMAL,System Normal ✅,Stable,Normal
233.8,4.83,1129.0,NORMAL,System Normal ✅,System Load Increasing,Normal
235.4,5.04,1186.0,WARNING,High Voltage ⚠️,System Load Increasing,Normal
234.3,5.16,1209.0,NORMAL,System Normal ✅,System Load Increasing,Normal
216.1,4.12,890.0,NORMAL,System Normal ✅,Stable,Normal
232.3,5.31,1234.0,NORMAL,System Normal ✅,System Load Increasing,Normal
210.1,4.64,975.0,NORMAL,System Normal ✅,Stable,Normal
215.5,4.71,1015.0,NORMAL,System Normal ✅,Stable,Normal
219.7,4.84,1063.0,NORMAL,System Normal ✅,Stable,Normal
231.3,5.44,1258.0,NORMAL,System Normal ✅,Stable,Normal
211.3,5.72,1209.0,NORMAL,System Normal ✅,Stable,Normal
236.2,5.3,1252.0,WARNING,High Voltage ⚠️,System Load Increasing,Normal
218.0,4.33,944.0,NORMAL,System Normal ✅,Stable,Normal
220.2,5.38,1185.0,NORMAL,System Normal ✅,Stable,Normal
220.4,4.91,1082.0,NORMAL,System Normal ✅,Stable,Normal
220.7,5.23,1154.0,NORMAL,System Normal ✅,Stable,Normal
222.1,4.45,988.0,NORMAL,System Normal ✅,Stable,Normal
225.2,4.94,1112.0,NORMAL,System Normal ✅,Stable,Normal
239.3,4.44,1062.0,CRITICAL,High Voltage ⚠️,System Load Increasing,Normal
235.2,5.21,1225.0,WARNING,High Voltage ⚠️,System Load Increasing,Normal
225.0,4.57,1028.0,NORMAL,System Normal ✅,Stable,Normal
232.7,5.99,1394.0,NORMAL,System Normal ✅,System Load Increasing,Normal
231.0,4.29,991.0,NORMAL,System Normal ✅,System Load Increasing,Normal
212.3,5.41,1149.0,NORMAL,System Normal ✅,Stable,Normal
235.2,5.53,1301.0,WARNING,High Voltage ⚠️,System Load Increasing,Normal
211.7,5.05,1069.0,NORMAL,System Normal ✅,Stable,Normal
214.2,5.45,1167.0,NORMAL,System Normal ✅,Stable,Normal
236.8,5.32,1260.0,WARNING,High Voltage ⚠️,System Load Increasing,Normal
226.3,5.96,1349.0,NORMAL,System Normal ✅,Stable,Normal
220.8,5.06,1117.0,NORMAL,System Normal ✅,Stable,Normal
219.6,5.02,1102.0,NORMAL,System Normal ✅,Stable,Normal
212.9,4.35,926.0,NORMAL,System Normal ✅,Stable,Normal
231.6,4.72,1093.0,NORMAL,System Normal ✅,System Load Increasing,Normal
228.7,4.2,961.0,NORMAL,System Normal ✅,Stable,Normal
213.5,4.84,1033.0,NORMAL,System Normal ✅,Stable,Normal
214.5,5.4,1158.0,NORMAL,System Normal ✅,Stable,Normal
233.1,4.42,1030.0,NORMAL,System Normal ✅,System Load Increasing,Normal
238.1,5.44,1295.0,CRITICAL,High Voltage ⚠️,System Load Increasing,Normal
219.8,5.42,1191.0,NORMAL,System Normal ✅,Stable,Normal
225.9,5.15,1163.0,NORMAL,System Normal ✅,Stable,Normal
217.7,5.46,1189.0,NORMAL,System Normal ✅,Stable,Normal
227.8,5.21,1187.0,NORMAL,System Normal ✅,Stable,Normal
223.4,5.96,1331.0,NORMAL,System Normal ✅,Stable,Normal
225.1,5.78,1301.0,NORMAL,System Normal ✅,Stable,Normal
233.6,4.91,1147.0,NORMAL,System Normal ✅,System Load Increasing,Normal
231.3,4.79,1108.0,NORMAL,System Normal ✅,System Load Increasing,Normal
219.1,5.78,1266.0,NORMAL,System Normal ✅,Stable,Normal
227.2,5.22,1186.0,NORMAL,System Normal ✅,Stable,Normal
233.7,4.86,1136.0,NORMAL,System Normal ✅,System Load Increasing,Normal
219.3,4.81,1055.0,NORMAL,System Normal ✅,Stable,Normal
214.8,4.99,1072.0,NORMAL,System Normal ✅,Stable,Normal
216.6,4.06,879.0,NORMAL,System Normal ✅,Stable,Normal
236.4,5.41,1279.0,WARNING,High Voltage ⚠️,System Load Increasing,Normal
225.1,4.52,1017.0,NORMAL,System Normal ✅,Stable,Normal
225.7,5.14,1160.0,NORMAL,System Normal ✅,Stable,Normal
222.2,5.22,1160.0,NORMAL,System Normal ✅,Stable,Normal
212.0,4.58,971.0,NORMAL,System Normal ✅,Stable,Normal
221.1,5.22,1154.0,NORMAL,System Normal ✅,Stable,Normal
210.3,5.89,1239.0,NORMAL,System Normal ✅,Stable,Normal
233.1,5.54,1291.0,NORMAL,System Normal ✅,System Load Increasing,Normal
216.6,4.27,925.0,NORMAL,System Normal ✅,Stable,Normal
210.4,4.54,955.0,NORMAL,System Normal ✅,Stable,Normal
217.5,4.79,1042.0,NORMAL,System Normal ✅,Stable,Normal
228.9,5.49,1257.0,NORMAL,System Normal ✅,System Load Increasing,Normal
228.3,4.24,968.0,NORMAL,System Normal ✅,System Load Increasing,Normal
219.9,4.71,1036.0,NORMAL,System Normal ✅,Stable,Normal
230.2,5.08,1169.0,NORMAL,System Normal ✅,System Load Increasing,Normal
238.6,5.87,1401.0,CRITICAL,High Voltage ⚠️,System Load Increasing,Normal
235.6,4.91,1157.0,WARNING,High Voltage ⚠️,System Load Increasing,Normal
224.4,5.88,1319.0,NORMAL,System Normal ✅,Stable,Normal
235.7,5.5,1296.0,WARNING,High Voltage ⚠️,System Load Increasing,Normal
219.7,5.94,1305.0,NORMAL,System Normal ✅,Stable,Normal
238.6,5.28,1260.0,CRITICAL,High Voltage ⚠️,System Load Increasing,Normal
213.3,4.37,932.0,NORMAL,System Normal ✅,Stable,Normal
225.4,5.59,1260.0,NORMAL,System Normal ✅,Stable,Normal
236.1,4.62,1091.0,WARNING,High Voltage ⚠️,System Load Increasing,Normal
236.2,4.37,1032.0,WARNING,High Voltage ⚠️,System Load Increasing,Normal
239.2,5.21,1246.0,CRITICAL,High Voltage ⚠️,System Load Increasing,Normal
222.1,5.43,1206.0,NORMAL,System Normal ✅,Stable,Normal
232.6,4.05,942.0,NORMAL,System Normal ✅,System Load Increasing,Normal
234.3,5.83,1366.0,NORMAL,System Normal ✅,System Load Increasing,Normal
231.4,4.05,937.0,NORMAL,System Normal ✅,Stable,Normal
233.2,5.73,1336.0,NORMAL,System Normal ✅,Stable,Normal
237.3,4.79,1137.0,WARNING,High Voltage ⚠️,System Load Increasing,Normal
234.3,4.51,1057.0,NORMAL,System Normal ✅,Stable,Normal
213.0,5.18,1103.0,NORMAL,System Normal ✅,Voltage Spike Risk,Anomaly 🚨
217.4,5.16,1122.0,NORMAL,System Normal ✅,Stable,Normal
210.7,4.87,1026.0,NORMAL,System Normal ✅,Stable,Normal
233.7,4.13,965.0,NORMAL,System Normal ✅,System Load Increasing,Normal
212.8,4.45,947.0,NORMAL,System Normal ✅,Stable,Normal
221.1,4.57,1010.0,NORMAL,System Normal ✅,Stable,Normal
224.5,4.71,1057.0,NORMAL,System Normal ✅,Stable,Normal
234.4,5.69,1334.0,NORMAL,System Normal ✅,System Load Increasing,Normal
231.4,4.95,1145.0,NORMAL,System Normal ✅,Stable,Normal
228.6,5.42,1239.0,NORMAL,System Normal ✅,Stable,Normal
211.0,5.62,1186.0,NORMAL,System Normal ✅,Stable,Normal
213.6,5.96,1273.0,NORMAL,System Normal ✅,Stable,Normal
225.8,4.31,973.0,NORMAL,System Normal ✅,Stable,Normal
214.9,5.56,1195.0,NORMAL,System Normal ✅,Stable,Normal
217.2,5.93,1288.0,NORMAL,System Normal ✅,Stable,Normal
218.7,5.96,1303.0,NORMAL,System Normal ✅,Stable,Normal
215.8,4.0,863.0,NORMAL,System Normal ✅,Stable,Normal
214.6,5.73,1230.0,NORMAL,System Normal ✅,Stable,Normal
238.7,4.85,1158.0,CRITICAL,High Voltage ⚠️,System Load Increasing,Normal
234.6,5.25,1232.0,NORMAL,System Normal ✅,System Load Increasing,Normal
237.6,4.6,1093.0,WARNING,High Voltage ⚠️,System Load Increasing,Normal
234.8,4.9,1151.0,NORMAL,System Normal ✅,System Load Increasing,Normal
238.4,5.2,1240.0,CRITICAL,High Voltage ⚠️,System Load Increasing,Normal
227.9,4.91,1119.0,NORMAL,System Normal ✅,Stable,Normal
238.0,4.33,1031.0,WARNING,High Voltage ⚠️,System Load Increasing,Normal
239.7,5.15,1234.0,CRITICAL,High Voltage ⚠️,System Load Increasing,Normal
227.8,4.4,1002.0,NORMAL,System Normal ✅,Stable,Normal
214.5,5.18,1111.0,NORMAL,System Normal ✅,Stable,Normal
214.9,5.93,1274.0,NORMAL,System Normal ✅,Stable,Normal
237.0,5.15,1221.0,WARNING,High Voltage ⚠️,System Load Increasing,Normal
227.6,5.54,1261.0,NORMAL,System Normal ✅,Stable,Normal
224.8,4.82,1084.0,NORMAL,System Normal ✅,Stable,Normal
222.3,4.17,927.0,NORMAL,System Normal ✅,Stable,Normal
236.6,4.27,1010.0,WARNING,High Voltage ⚠️,System Load Increasing,Normal
235.3,5.29,1245.0,WARNING,High Voltage ⚠️,System Load Increasing,Normal
239.5,5.06,1212.0,CRITICAL,High Voltage ⚠️,System Load Increasing,Normal
213.6,5.77,1232.0,NORMAL,System Normal ✅,Stable,Normal
232.3,5.45,1266.0,NORMAL,System Normal ✅,Stable,Normal
233.7,4.87,1138.0,NORMAL,System Normal ✅,Stable,Normal
232.6,4.61,1072.0,NORMAL,System Normal ✅,Stable,Normal
226.1,5.5,1244.0,NORMAL,System Normal ✅,Stable,Normal
220.3,5.75,1267.0,NORMAL,System Normal ✅,Stable,Normal
237.8,6.0,1427.0,WARNING,High Voltage ⚠️,System Load Increasing,Normal
231.2,4.76,1101.0,NORMAL,System Normal ✅,Stable,Normal
227.6,5.68,1293.0,NORMAL,System Normal ✅,Stable,Normal
230.9,5.27,1217.0,NORMAL,System Normal ✅,Stable,Normal
238.3,4.73,1127.0,CRITICAL,High Voltage ⚠️,System Load Increasing,Normal
238.0,4.52,1076.0,WARNING,High Voltage ⚠️,System Load Increasing,Normal
228.2,5.74,1310.0,NORMAL,System Normal ✅,Stable,Normal
222.2,5.12,1138.0,NORMAL,System Normal ✅,Stable,Normal
232.1,5.14,1193.0,NORMAL,System Normal ✅,Stable,Normal
227.8,5.48,1248.0,NORMAL,System Normal ✅,Stable,Normal
233.7,4.84,1131.0,NORMAL,System Normal ✅,Stable,Normal
236.6,4.12,975.0,WARNING,High Voltage ⚠️,System Load Increasing,Normal
235.4,5.26,1238.0,WARNING,High Voltage ⚠️,Stable,Normal
230.3,5.75,1324.0,NORMAL,System Normal ✅,Stable,Normal
229.2,4.89,1121.0,NORMAL,System Normal ✅,Stable,Normal
218.5,5.96,1302.0,NORMAL,System Normal ✅,Voltage Spike Risk,Anomaly 🚨
232.7,4.4,1024.0,NORMAL,System Normal ✅,Stable,Normal
213.7,5.83,1246.0,NORMAL,System Normal ✅,Voltage Spike Risk,Anomaly 🚨
213.4,4.9,1046.0,NORMAL,System Normal ✅,Voltage Spike Risk,Anomaly 🚨
236.0,5.68,1340.0,WARNING,High Voltage ⚠️,System Load Increasing,Normal
213.5,5.65,1206.0,NORMAL,System Normal ✅,Stable,Normal
219.3,5.67,1243.0,NORMAL,System Normal ✅,Stable,Normal
218.6,4.3,940.0,NORMAL,System Normal ✅,Stable,Normal
211.8,4.09,866.0,NORMAL,System Normal ✅,Stable,Normal
231.3,4.51,1043.0,NORMAL,System Normal ✅,System Load Increasing,Normal
222.1,4.57,1015.0,NORMAL,System Normal ✅,Stable,Normal
213.2,4.87,1038.0,NORMAL,System Normal ✅,Stable,Normal
216.0,4.65,1004.0,NORMAL,System Normal ✅,Stable,Normal
217.4,5.11,1111.0,NORMAL,System Normal ✅,Stable,Normal
235.1,4.4,1034.0,WARNING,High Voltage ⚠️,System Load Increasing,Normal
235.9,5.41,1276.0,WARNING,High Voltage ⚠️,System Load Increasing,Normal
237.9,5.49,1306.0,WARNING,High Voltage ⚠️,System Load Increasing,Normal
214.8,5.98,1285.0,NORMAL,System Normal ✅,Stable,Normal
234.9,4.49,1055.0,NORMAL,System Normal ✅,System Load Increasing,Normal
229.7,4.34,997.0,NORMAL,System Normal ✅,System Load Increasing,Normal
223.5,5.08,1135.0,NORMAL,System Normal ✅,Stable,Normal
232.2,4.32,1003.0,NORMAL,System Normal ✅,System Load Increasing,Normal
212.1,4.72,1001.0,NORMAL,System Normal ✅,Stable,Normal
212.4,4.34,922.0,NORMAL,System Normal ✅,Stable,Normal
212.5,5.58,1186.0,NORMAL,System Normal ✅,Stable,Normal
216.4,5.31,1149.0,NORMAL,System Normal ✅,Stable,Normal
223.8,4.56,1021.0,NORMAL,System Normal ✅,Stable,Normal
233.5,4.98,1163.0,NORMAL,System Normal ✅,System Load Increasing,Normal
223.2,4.67,1042.0,NORMAL,System Normal ✅,Stable,Normal
220.0,5.48,1206.0,NORMAL,System Normal ✅,Stable,Normal
215.8,5.56,1200.0,NORMAL,System Normal ✅,Stable,Normal
229.2,5.62,1288.0,NORMAL,System Normal ✅,System Load Increasing,Normal
214.9,4.02,864.0,NORMAL,System Normal ✅,Stable,Normal
213.0,4.75,1012.0,NORMAL,System Normal ✅,Stable,Normal
236.5,4.3,1017.0,WARNING,High Voltage ⚠️,System Load Increasing,Normal
226.2,5.29,1197.0,NORMAL,System Normal ✅,Stable,Normal
234.0,4.38,1025.0,NORMAL,System Normal ✅,System Load Increasing,Normal
233.5,5.9,1378.0,NORMAL,System Normal ✅,System Load Increasing,Normal
210.7,5.12,1079.0,NORMAL,System Normal ✅,Stable,Normal
233.7,5.65,1320.0,NORMAL,System Normal ✅,System Load Increasing,Normal
217.4,4.3,935.0,NORMAL,System Normal ✅,Stable,Normal
216.5,5.03,1089.0,NORMAL,System Normal ✅,Stable,Normal
228.1,4.44,1013.0,NORMAL,System Normal ✅,System Load Increasing,Normal
217.6,4.52,984.0,NORMAL,System Normal ✅,Stable,Normal
227.0,5.47,1242.0,NORMAL,System Normal ✅,Stable,Normal
228.4,4.15,948.0,NORMAL,System Normal ✅,Stable,Normal
211.0,4.61,973.0,NORMAL,System Normal ✅,Stable,Normal
224.9,4.66,1048.0,NORMAL,System Normal ✅,Stable,Normal
215.4,4.93,1062.0,NORMAL,System Normal ✅,Stable,Normal
213.9,4.5,963.0,NORMAL,System Normal ✅,Stable,Normal
232.9,5.44,1267.0,NORMAL,System Normal ✅,System Load Increasing,Normal
228.4,5.98,1366.0,NORMAL,System Normal ✅,System Load Increasing,Normal
234.6,4.41,1035.0,NORMAL,System Normal ✅,System Load Increasing,Normal
213.9,5.65,1209.0,NORMAL,System Normal ✅,Stable,Normal
218.3,5.97,1303.0,NORMAL,System Normal ✅,Stable,Normal
231.3,5.04,1166.0,NORMAL,System Normal ✅,System Load Increasing,Normal
218.5,4.29,937.0,NORMAL,System Normal ✅,Stable,Normal
233.6,5.8,1355.0,NORMAL,System Normal ✅,System Load Increasing,Normal
232.4,4.6,1069.0,NORMAL,System Normal ✅,System Load Increasing,Normal
228.8,5.87,1343.0,NORMAL,System Normal ✅,System Load Increasing,Normal
215.6,5.74,1238.0,NORMAL,System Normal ✅,Stable,Normal
214.3,4.12,883.0,NORMAL,System Normal ✅,Stable,Normal
226.3,4.13,935.0,NORMAL,System Normal ✅,Stable,Normal
223.9,5.2,1164.0,NORMAL,System Normal ✅,Stable,Normal
233.8,4.6,1075.0,NORMAL,System Normal ✅,System Load Increasing,Normal
212.3,5.2,1104.0,NORMAL,System Normal ✅,Stable,Normal
214.1,4.37,936.0,NORMAL,System Normal ✅,Stable,Normal
213.2,4.26,908.0,NORMAL,System Normal ✅,Stable,Normal
229.0,5.71,1308.0,NORMAL,System Normal ✅,System Load Increasing,Normal
216.5,4.77,1033.0,NORMAL,System Normal ✅,Stable,Normal
231.0,5.79,1337.0,NORMAL,System Normal ✅,System Load Increasing,Normal
232.4,4.82,1120.0,NORMAL,System Normal ✅,System Load Increasing,Normal
227.0,4.51,1024.0,NORMAL,System Normal ✅,Stable,Normal
219.5,5.4,1185.0,NORMAL,System Normal ✅,Stable,Normal
220.9,4.25,939.0,NORMAL,System Normal ✅,Stable,Normal
232.0,5.84,1355.0,NORMAL,System Normal ✅,System Load Increasing,Normal
233.6,4.13,965.0,NORMAL,System Normal ✅,System Load Increasing,Normal
225.0,4.09,920.0,NORMAL,System Normal ✅,Stable,Normal
226.8,5.49,1245.0,NORMAL,System Normal ✅,Stable,Normal
224.2,5.65,1267.0,NORMAL,System Normal ✅,Stable,Normal
227.8,5.98,1362.0,NORMAL,System Normal ✅,Stable,Normal
233.1,4.03,939.0,NORMAL,System Normal ✅,System Load Increasing,Normal
230.7,4.97,1147.0,NORMAL,System Normal ✅,System Load Increasing,Normal
216.7,5.67,1229.0,NORMAL,System Normal ✅,Stable,Normal
237.6,4.68,1112.0,WARNING,High Voltage ⚠️,System Load Increasing,Normal
216.5,5.91,1280.0,NORMAL,System Normal ✅,Stable,Normal
224.0,4.85,1086.0,NORMAL,System Normal ✅,Stable,Normal
213.6,4.97,1062.0,NORMAL,System Normal ✅,Stable,Normal
231.8,5.32,1233.0,NORMAL,System Normal ✅,System Load Increasing,Normal
237.6,4.69,1114.0,WARNING,High Voltage ⚠️,System Load Increasing,Normal
225.3,5.97,1345.0,NORMAL,System Normal ✅,Stable,Normal
210.9,5.84,1232.0,NORMAL,System Normal ✅,Stable,Normal
231.7,4.68,1084.0,NORMAL,System Normal ✅,System Load Increasing,Normal
239.4,4.56,1092.0,CRITICAL,High Voltage ⚠️,System Load Increasing,Normal
221.3,4.16,921.0,NORMAL,System Normal ✅,Stable,Normal
225.7,4.99,1126.0,NORMAL,System Normal ✅,Stable,Normal
214.2,4.36,934.0,NORMAL,System Normal ✅,Stable,Normal
232.9,5.1,1188.0,NORMAL,System Normal ✅,System Load Increasing,Normal
223.7,5.46,1221.0,NORMAL,System Normal ✅,Stable,Normal
220.6,5.86,1293.0,NORMAL,System Normal ✅,Stable,Normal
219.4,5.31,1165.0,NORMAL,System Normal ✅,Stable,Normal
239.4,4.61,1104.0,CRITICAL,High Voltage ⚠️,System Load Increasing,Normal
230.4,4.56,1051.0,NORMAL,System Normal ✅,Stable,Normal
214.0,4.85,1038.0,NORMAL,System Normal ✅,Stable,Normal
211.4,5.11,1080.0,NORMAL,System Normal ✅,Stable,Normal
227.8,4.06,925.0,NORMAL,System Normal ✅,Stable,Normal
227.6,4.32,983.0,NORMAL,System Normal ✅,Stable,Normal
233.3,4.21,982.0,NORMAL,System Normal ✅,System Load Increasing,Normal
210.2,4.41,927.0,NORMAL,System Normal ✅,Stable,Normal
220.9,5.15,1138.0,NORMAL,System Normal ✅,Stable,Normal
222.3,5.27,1172.0,NORMAL,System Normal ✅,Stable,Normal
233.0,5.1,1188.0,NORMAL,System Normal ✅,System Load Increasing,Normal
231.8,4.57,1059.0,NORMAL,System Normal ✅,System Load Increasing,Normal
218.1,5.52,1204.0,NORMAL,System Normal ✅,Stable,Normal
230.7,5.15,1188.0,NORMAL,System Normal ✅,System Load Increasing,Normal
219.7,5.46,1200.0,NORMAL,System Normal ✅,Stable,Normal
235.0,4.52,1062.0,NORMAL,System Normal ✅,System Load Increasing,Normal
229.3,4.25,975.0,NORMAL,System Normal ✅,Stable,Normal
218.4,4.05,885.0,NORMAL,System Normal ✅,Stable,Normal
221.0,5.9,1304.0,NORMAL,System Normal ✅,Stable,Normal
212.4,5.48,1164.0,NORMAL,System Normal ✅,Stable,Normal
224.2,4.13,926.0,NORMAL,System Normal ✅,Stable,Normal
211.0,5.01,1057.0,NORMAL,System Normal ✅,Stable,Normal
226.4,5.1,1155.0,NORMAL,System Normal ✅,Stable,Normal
237.0,5.89,1396.0,WARNING,High Voltage ⚠️,System Load Increasing,Normal
231.7,5.34,1237.0,NORMAL,System Normal ✅,System Load Increasing,Normal
211.2,5.18,1094.0,NORMAL,System Normal ✅,Stable,Normal
220.5,5.74,1266.0,NORMAL,System Normal ✅,Stable,Normal
224.0,5.68,1272.0,NORMAL,System Normal ✅,Stable,Normal
220.3,4.67,1029.0,NORMAL,System Normal ✅,Stable,Normal
232.4,4.63,1076.0,NORMAL,System Normal ✅,System Load Increasing,Normal
227.9,5.03,1146.0,NORMAL,System Normal ✅,Stable,Normal
229.9,4.05,931.0,NORMAL,System Normal ✅,System Load Increasing,Normal
226.4,4.77,1080.0,NORMAL,System Normal ✅,Stable,Normal
226.2,4.79,1083.0,NORMAL,System Normal ✅,Stable,Normal
225.7,4.64,1047.0,NORMAL,System Normal ✅,Stable,Normal
235.1,5.45,1281.0,WARNING,High Voltage ⚠️,System Load Increasing,Normal
237.7,4.33,1029.0,WARNING,High Voltage ⚠️,System Load Increasing,Normal
212.5,4.7,999.0,NORMAL,System Normal ✅,Stable,Normal
235.2,5.99,1409.0,WARNING,High Voltage ⚠️,System Load Increasing,Normal
226.2,5.25,1188.0,NORMAL,System Normal ✅,Stable,Normal
215.3,4.47,962.0,NORMAL,System Normal ✅,Stable,Normal
232.5,4.14,963.0,NORMAL,System Normal ✅,System Load Increasing,Normal
235.1,4.17,980.0,WARNING,High Voltage ⚠️,System Load Increasing,Normal
210.9,5.03,1061.0,NORMAL,System Normal ✅,Stable,Normal
213.9,4.89,1046.0,NORMAL,System Normal ✅,Stable,Normal
214.9,4.05,870.0,NORMAL,System Normal ✅,Stable,Normal
226.8,5.78,1311.0,NORMAL,System Normal ✅,Stable,Normal
239.8,5.35,1283.0,CRITICAL,High Voltage ⚠️,System Load Increasing,Normal
234.6,5.1,1196.0,NORMAL,System Normal ✅,System Load Increasing,Normal
228.8,4.97,1137.0,NORMAL,System Normal ✅,Stable,Normal
237.5,4.4,1045.0,WARNING,High Voltage ⚠️,System Load Increasing,Normal
218.8,5.41,1184.0,NORMAL,System Normal ✅,Stable,Normal
235.2,4.43,1042.0,WARNING,High Voltage ⚠️,System Load Increasing,Normal
229.1,5.06,1159.0,NORMAL,System Normal ✅,Stable,Normal
213.3,4.94,1054.0,NORMAL,System Normal ✅,Stable,Normal
224.7,4.14,930.0,NORMAL,System Normal ✅,Stable,Normal
211.2,4.3,908.0,NORMAL,System Normal ✅,Stable,Normal
217.8,4.29,934.0,NORMAL,System Normal ✅,Stable,Normal
230.9,5.57,1286.0,NORMAL,System Normal ✅,System Load Increasing,Normal
219.0,4.45,975.0,NORMAL,System Normal ✅,Stable,Normal
232.2,4.9,1138.0,NORMAL,System Normal ✅,System Load Increasing,Normal
233.0,5.84,1361.0,NORMAL,System Normal ✅,System Load Increasing,Normal
235.2,4.57,1075.0,WARNING,High Voltage ⚠️,System Load Increasing,Normal
214.6,4.43,951.0,NORMAL,System Normal ✅,Stable,Normal
219.3,5.93,1300.0,NORMAL,System Normal ✅,Stable,Normal
221.6,5.87,1301.0,NORMAL,System Normal ✅,Stable,Normal
234.5,5.82,1365.0,NORMAL,System Normal ✅,System Load Increasing,Normal
218.1,4.02,877.0,NORMAL,System Normal ✅,Stable,Normal
229.3,5.99,1374.0,NORMAL,System Normal ✅,Stable,Normal
236.8,5.04,1193.0,WARNING,High Voltage ⚠️,System Load Increasing,Normal
216.4,5.59,1210.0,NORMAL,System Normal ✅,Stable,Normal
234.5,5.0,1172.0,NORMAL,System Normal ✅,System Load Increasing,Normal
213.0,5.97,1272.0,NORMAL,System Normal ✅,Stable,Normal
234.7,4.32,1014.0,NORMAL,System Normal ✅,System Load Increasing,Normal
218.5,5.18,1132.0,NORMAL,System Normal ✅,Stable,Normal
215.0,4.58,985.0,NORMAL,System Normal ✅,Stable,Normal
217.5,4.91,1068.0,NORMAL,System Normal ✅,Stable,Normal
215.2,4.73,1018.0,NORMAL,System Normal ✅,Stable,Normal
229.9,5.3,1218.0,NORMAL,System Normal ✅,System Load Increasing,Normal
221.0,4.63,1023.0,NORMAL,System Normal ✅,Stable,Normal
214.5,4.41,946.0,NORMAL,System Normal ✅,Stable,Normal
212.7,5.32,1132.0,NORMAL,System Normal ✅,Stable,Normal
212.5,4.1,871.0,NORMAL,System Normal ✅,Stable,Normal
219.4,5.52,1211.0,NORMAL,System Normal ✅,Stable,Normal
211.4,5.93,1254.0,NORMAL,System Normal ✅,Stable,Normal
224.3,5.9,1323.0,NORMAL,System Normal ✅,Stable,Normal
238.9,4.47,1068.0,CRITICAL,High Voltage ⚠️,System Load Increasing,Normal
230.3,5.79,1333.0,NORMAL,System Normal ✅,System Load Increasing,Normal
234.0,5.49,1285.0,NORMAL,System Normal ✅,System Load Increasing,Normal
224.9,4.04,909.0,NORMAL,System Normal ✅,Stable,Normal
223.2,5.77,1288.0,NORMAL,System Normal ✅,Stable,Normal
238.0,4.75,1130.0,WARNING,High Voltage ⚠️,System Load Increasing,Normal
221.1,5.15,1139.0,NORMAL,System Normal ✅,Stable,Normal
217.0,5.69,1235.0,NORMAL,System Normal ✅,Stable,Normal
223.3,4.72,1054.0,NORMAL,System Normal ✅,Stable,Normal
217.2,5.86,1273.0,NORMAL,System Normal ✅,Stable,Normal
237.0,4.43,1050.0,WARNING,High Voltage ⚠️,System Load Increasing,Normal
228.0,5.22,1190.0,NORMAL,System Normal ✅,Stable,Normal
220.6,4.37,964.0,NORMAL,System Normal ✅,Stable,Normal
218.0,5.81,1267.0,NORMAL,System Normal ✅,Stable,Normal
216.8,4.81,1043.0,NORMAL,System Normal ✅,Stable,Normal
226.9,5.39,1223.0,NORMAL,System Normal ✅,Stable,Normal
232.3,4.52,1050.0,NORMAL,System Normal ✅,System Load Increasing,Normal
229.8,5.87,1349.0,NORMAL,System Normal ✅,Stable,Normal
229.0,4.49,1028.0,NORMAL,System Normal ✅,Stable,Normal
238.2,5.61,1336.0,CRITICAL,High Voltage ⚠️,System Load Increasing,Normal
228.1,4.36,995.0,NORMAL,System Normal ✅,Stable,Normal
231.4,5.16,1194.0,NORMAL,System Normal ✅,Stable,Normal
231.2,4.89,1131.0,NORMAL,System Normal ✅,Stable,Normal
229.9,5.72,1315.0,NORMAL,System Normal ✅,Stable,Normal
222.3,5.92,1316.0,NORMAL,System Normal ✅,Stable,Normal
231.3,4.47,1034.0,NORMAL,System Normal ✅,Stable,Normal
210.8,5.91,1246.0,NORMAL,System Normal ✅,Voltage Spike Risk,Anomaly 🚨
229.2,4.08,935.0,NORMAL,System Normal ✅,Stable,Normal
221.1,4.04,893.0,NORMAL,System Normal ✅,Stable,Normal
238.2,4.56,1086.0,CRITICAL,High Voltage ⚠️,System Load Increasing,Normal
213.6,5.66,1209.0,NORMAL,System Normal ✅,Stable,Normal
215.3,5.73,1234.0,NORMAL,System Normal ✅,Stable,Normal
221.9,4.89,1085.0,NORMAL,System Normal ✅,Stable,Normal
239.4,4.57,1094.0,CRITICAL,High Voltage ⚠️,System Load Increasing,Normal
210.9,5.99,1263.0,NORMAL,System Normal ✅,Stable,Normal
220.6,4.29,946.0,NORMAL,System Normal ✅,Stable,Normal
238.2,4.44,1058.0,CRITICAL,High Voltage ⚠️,System Load Increasing,Normal
225.5,5.18,1168.0,NORMAL,System Normal ✅,Stable,Normal
225.6,4.42,997.0,NORMAL,System Normal ✅,Stable,Normal
226.0,5.24,1184.0,NORMAL,System Normal ✅,Stable,Normal
233.8,4.69,1097.0,NORMAL,System Normal ✅,System Load Increasing,Normal
212.8,4.98,1060.0,NORMAL,System Normal ✅,Stable,Normal
224.0,5.16,1156.0,NORMAL,System Normal ✅,Stable,Normal
221.9,5.98,1327.0,NORMAL,System Normal ✅,Stable,Normal
238.0,4.34,1033.0,WARNING,High Voltage ⚠️,System Load Increasing,Normal
219.2,4.96,1087.0,NORMAL,System Normal ✅,Stable,Normal
218.2,5.75,1255.0,NORMAL,System Normal ✅,Stable,Normal
235.2,4.61,1084.0,WARNING,High Voltage ⚠️,System Load Increasing,Normal
228.1,4.69,1070.0,NORMAL,System Normal ✅,Stable,Normal
210.5,5.95,1252.0,NORMAL,System Normal ✅,Stable,Normal
238.0,4.45,1059.0,WARNING,High Voltage ⚠️,System Load Increasing,Normal
213.4,4.24,905.0,NORMAL,System Normal ✅,Stable,Normal
228.5,5.16,1179.0,NORMAL,System Normal ✅,Stable,Normal
236.6,4.24,1003.0,WARNING,High Voltage ⚠️,System Load Increasing,Normal
219.5,4.94,1084.0,NORMAL,System Normal ✅,Stable,Normal
224.6,5.21,1170.0,NORMAL,System Normal ✅,Stable,Normal
226.7,5.98,1356.0,NORMAL,System Normal ✅,Stable,Normal
239.7,5.3,1270.0,CRITICAL,High Voltage ⚠️,System Load Increasing,Normal
224.4,4.16,934.0,NORMAL,System Normal ✅,Stable,Normal
221.1,4.1,907.0,NORMAL,System Normal ✅,Stable,Normal
235.9,5.55,1309.0,WARNING,High Voltage ⚠️,System Load Increasing,Normal
228.5,5.83,1332.0,NORMAL,System Normal ✅,Stable,Normal
235.6,4.16,980.0,WARNING,High Voltage ⚠️,System Load Increasing,Normal
234.3,5.48,1284.0,NORMAL,System Normal ✅,System Load Increasing,Normal
217.0,5.57,1209.0,NORMAL,System Normal ✅,Stable,Normal
234.4,5.93,1390.0,NORMAL,System Normal ✅,System Load Increasing,Normal
235.1,4.2,987.0,WARNING,High Voltage ⚠️,System Load Increasing,Normal
231.7,4.41,1022.0,NORMAL,System Normal ✅,Stable,Normal
220.7,4.15,916.0,NORMAL,System Normal ✅,Stable,Normal
226.6,5.51,1249.0,NORMAL,System Normal ✅,Stable,Normal
216.4,5.28,1143.0,NORMAL,System Normal ✅,Stable,Normal
223.1,5.55,1238.0,NORMAL,System Normal ✅,Stable,Normal
214.3,5.41,1159.0,NORMAL,System Normal ✅,Stable,Normal
234.3,5.27,1235.0,NORMAL,System Normal ✅,System Load Increasing,Normal
213.3,5.95,1269.0,NORMAL,System Normal ✅,Stable,Normal
221.5,5.83,1291.0,NORMAL,System Normal ✅,Stable,Normal
237.8,4.25,1011.0,WARNING,High Voltage ⚠️,System Load Increasing,Normal
229.8,5.92,1360.0,NORMAL,System Normal ✅,Stable,Normal
217.4,4.05,880.0,NORMAL,System Normal ✅,Stable,Normal
216.5,5.63,1219.0,NORMAL,System Normal ✅,Stable,Normal
237.5,4.18,993.0,WARNING,High Voltage ⚠️,System Load Increasing,Normal
223.9,5.37,1202.0,NORMAL,System Normal ✅,Stable,Normal
232.3,5.14,1194.0,NORMAL,System Normal ✅,System Load Increasing,Normal
215.2,5.86,1261.0,NORMAL,System Normal ✅,Stable,Normal
212.4,5.81,1234.0,NORMAL,System Normal ✅,Stable,Normal
223.1,5.38,1200.0,NORMAL,System Normal ✅,Stable,Normal
237.0,5.77,1367.0,WARNING,High Voltage ⚠️,System Load Increasing,Normal
233.1,4.84,1128.0,NORMAL,System Normal ✅,System Load Increasing,Normal
231.2,5.46,1262.0,NORMAL,System Normal ✅,System Load Increasing,Normal
228.4,4.06,927.0,NORMAL,System Normal ✅,Stable,Normal
228.2,5.69,1298.0,NORMAL,System Normal ✅,Stable,Normal
225.5,4.27,963.0,NORMAL,System Normal ✅,Stable,Normal
227.6,4.36,992.0,NORMAL,System Normal ✅,Stable,Normal
230.4,4.64,1069.0,NORMAL,System Normal ✅,Stable,Normal
211.2,4.64,980.0,NORMAL,System Normal ✅,Stable,Normal
237.4,4.86,1154.0,WARNING,High Voltage ⚠️,System Load Increasing,Normal
233.0,5.01,1167.0,NORMAL,System Normal ✅,System Load Increasing,Normal
234.4,5.84,1369.0,NORMAL,System Normal ✅,System Load Increasing,Normal
219.1,5.41,1185.0,NORMAL,System Normal ✅,Stable,Normal
239.3,5.78,1383.0,CRITICAL,High Voltage ⚠️,System Load Increasing,Normal
215.8,5.12,1105.0,NORMAL,System Normal ✅,Stable,Normal
219.7,5.2,1142.0,NORMAL,System Normal ✅,Stable,Normal
210.9,4.6,970.0,NORMAL,System Normal ✅,Stable,Normal
216.3,4.13,893.0,NORMAL,System Normal ✅,Stable,Normal
226.9,5.52,1252.0,NORMAL,System Normal ✅,Stable,Normal
225.8,4.93,1113.0,NORMAL,System Normal ✅,Stable,Normal
222.4,4.72,1050.0,NORMAL,System Normal ✅,Stable,Normal
227.4,4.66,1060.0,NORMAL,System Normal ✅,Stable,Normal
226.0,4.36,985.0,NORMAL,System Normal ✅,Stable,Normal
217.8,5.92,1289.0,NORMAL,System Normal ✅,Stable,Normal
217.8,4.86,1059.0,NORMAL,System Normal ✅,Stable,Normal
225.9,4.55,1028.0,NORMAL,System Normal ✅,Stable,Normal
236.6,5.74,1358.0,WARNING,High Voltage ⚠️,System Load Increasing,Normal
220.4,5.58,1230.0,NORMAL,System Normal ✅,Stable,Normal
222.0,5.2,1154.0,NORMAL,System Normal ✅,Stable,Normal
228.0,4.12,939.0,NORMAL,System Normal ✅,Stable,Normal
235.0,4.24,996.0,NORMAL,System Normal ✅,System Load Increasing,Normal
226.5,5.91,1339.0,NORMAL,System Normal ✅,Stable,Normal
210.6,5.94,1251.0,NORMAL,System Normal ✅,Stable,Normal
215.6,4.03,869.0,NORMAL,System Normal ✅,Stable,Normal
230.6,5.71,1317.0,NORMAL,System Normal ✅,System Load Increasing,Normal
232.8,5.74,1336.0,NORMAL,System Normal ✅,System Load Increasing,Normal
215.0,4.88,1049.0,NORMAL,System Normal ✅,Stable,Normal
239.5,5.31,1272.0,CRITICAL,High Voltage ⚠️,System Load Increasing,Normal
215.5,5.61,1209.0,NORMAL,System Normal ✅,Stable,Normal
213.0,4.05,863.0,NORMAL,System Normal ✅,Stable,Normal
226.9,5.83,1323.0,NORMAL,System Normal ✅,Stable,Normal
216.0,4.35,940.0,NORMAL,System Normal ✅,Stable,Normal
226.0,5.03,1137.0,NORMAL,System Normal ✅,Stable,Normal
228.5,5.07,1158.0,NORMAL,System Normal ✅,Stable,Normal
229.8,4.56,1048.0,NORMAL,System Normal ✅,System Load Increasing,Normal
219.3,4.62,1013.0,NORMAL,System Normal ✅,Stable,Normal
238.0,5.99,1426.0,WARNING,High Voltage ⚠️,System Load Increasing,Normal
220.2,4.75,1046.0,NORMAL,System Normal ✅,Stable,Normal
225.1,4.48,1008.0,NORMAL,System Normal ✅,Stable,Normal
225.4,5.08,1145.0,NORMAL,System Normal ✅,Stable,Normal
219.0,4.82,1056.0,NORMAL,System Normal ✅,Stable,Normal
219.0,5.05,1106.0,NORMAL,System Normal ✅,Stable,Normal
217.8,4.35,947.0,NORMAL,System Normal ✅,Stable,Normal
218.4,4.65,1016.0,NORMAL,System Normal ✅,Stable,Normal
226.4,5.92,1340.0,NORMAL,System Normal ✅,Stable,Normal
229.3,5.38,1234.0,NORMAL,System Normal ✅,System Load Increasing,Normal
239.5,5.2,1245.0,CRITICAL,High Voltage ⚠️,System Load Increasing,Normal
222.9,4.29,956.0,NORMAL,System Normal ✅,Stable,Normal
222.4,5.31,1181.0,NORMAL,System Normal ✅,Stable,Normal
228.3,4.18,954.0,NORMAL,System Normal ✅,Stable,Normal
223.0,5.91,1318.0,NORMAL,System Normal ✅,Stable,Normal
224.1,4.0,896.0,NORMAL,System Normal ✅,Stable,Normal
227.6,5.68,1293.0,NORMAL,System Normal ✅,Stable,Normal
214.8,4.9,1053.0,NORMAL,System Normal ✅,Stable,Normal
217.3,4.18,908.0,NORMAL,System Normal ✅,Stable,Normal
237.2,4.43,1051.0,WARNING,High Voltage ⚠️,System Load Increasing,Normal
232.5,5.52,1283.0,NORMAL,System Normal ✅,System Load Increasing,Normal
239.1,4.82,1152.0,CRITICAL,High Voltage ⚠️,System Load Increasing,Normal
213.4,4.2,896.0,NORMAL,System Normal ✅,Stable,Normal
226.6,5.28,1196.0,NORMAL,System Normal ✅,Stable,Normal
216.0,4.64,1002.0,NORMAL,System Normal ✅,Stable,Normal
226.7,5.15,1168.0,NORMAL,System Normal ✅,Stable,Normal
236.5,4.05,958.0,WARNING,High Voltage ⚠️,System Load Increasing,Normal
216.4,4.13,894.0,NORMAL,System Normal ✅,Stable,Normal
226.5,4.26,965.0,NORMAL,System Normal ✅,Stable,Normal
212.1,5.77,1224.0,NORMAL,System Normal ✅,Stable,Normal
211.1,4.34,916.0,NORMAL,System Normal ✅,Stable,Normal
214.1,5.95,1274.0,NORMAL,System Normal ✅,Stable,Normal
233.5,4.19,978.0,NORMAL,System Normal ✅,System Load Increasing,Normal
228.1,5.67,1293.0,NORMAL,System Normal ✅,Stable,Normal
218.5,5.18,1132.0,NORMAL,System Normal ✅,Stable,Normal
232.6,5.87,1365.0,NORMAL,System Normal ✅,System Load Increasing,Normal
214.7,5.88,1262.0,NORMAL,System Normal ✅,Stable,Normal
216.6,4.89,1059.0,NORMAL,System Normal ✅,Stable,Normal
216.8,5.52,1197.0,NORMAL,System Normal ✅,Stable,Normal
219.0,4.87,1067.0,NORMAL,System Normal ✅,Stable,Normal
234.2,5.9,1382.0,NORMAL,System Normal ✅,System Load Increasing,Normal
212.8,5.84,1243.0,NORMAL,System Normal ✅,Stable,Normal
231.2,5.08,1174.0,NORMAL,System Normal ✅,System Load Increasing,Normal
227.3,4.35,989.0,NORMAL,System Normal ✅,System Load Increasing,Normal
215.0,4.98,1071.0,NORMAL,System Normal ✅,Stable,Normal
225.9,5.02,1134.0,NORMAL,System Normal ✅,Stable,Normal
233.3,5.39,1257.0,NORMAL,System Normal ✅,System Load Increasing,Normal
226.5,4.05,917.0,NORMAL,System Normal ✅,Stable,Normal
233.5,4.2,981.0,NORMAL,System Normal ✅,System Load Increasing,Normal
239.0,4.22,1009.0,CRITICAL,High Voltage ⚠️,System Load Increasing,Normal
228.8,5.95,1361.0,NORMAL,System Normal ✅,Stable,Normal
213.9,5.59,1196.0,NORMAL,System Normal ✅,Stable,Normal
236.6,5.59,1323.0,WARNING,High Voltage ⚠️,System Load Increasing,Normal
229.3,4.13,947.0,NORMAL,System Normal ✅,Stable,Normal
226.5,5.89,1334.0,NORMAL,System Normal ✅,Stable,Normal
226.9,4.79,1087.0,NORMAL,System Normal ✅,Stable,Normal
225.5,5.44,1227.0,NORMAL,System Normal ✅,Stable,Normal
218.3,4.76,1039.0,NORMAL,System Normal ✅,Stable,Normal
210.9,4.52,953.0,NORMAL,System Normal ✅,Stable,Normal
215.7,4.46,962.0,NORMAL,System Normal ✅,Stable,Normal
228.5,4.01,916.0,NORMAL,System Normal ✅,Stable,Normal
217.2,5.31,1153.0,NORMAL,System Normal ✅,Stable,Normal
218.9,5.68,1243.0,NORMAL,System Normal ✅,Stable,Normal
214.0,4.29,918.0,NORMAL,System Normal ✅,Stable,Normal
233.5,4.87,1137.0,NORMAL,System Normal ✅,System Load Increasing,Normal
211.9,4.13,875.0,NORMAL,System Normal ✅,Stable,Normal
226.6,4.1,929.0,NORMAL,System Normal ✅,Stable,Normal
233.5,4.86,1135.0,NORMAL,System Normal ✅,System Load Increasing,Normal
213.5,4.75,1014.0,NORMAL,System Normal ✅,Stable,Normal
233.7,5.22,1220.0,NORMAL,System Normal ✅,System Load Increasing,Normal
229.3,5.6,1284.0,NORMAL,System Normal ✅,System Load Increasing,Normal
215.0,5.2,1118.0,NORMAL,System Normal ✅,Stable,Normal
230.3,4.02,926.0,NORMAL,System Normal ✅,System Load Increasing,Normal
238.9,4.27,1020.0,CRITICAL,High Voltage ⚠️,System Load Increasing,Normal
219.6,4.73,1039.0,NORMAL,System Normal ✅,Stable,Normal
221.5,4.34,961.0,NORMAL,System Normal ✅,Stable,Normal
223.4,5.4,1206.0,NORMAL,System Normal ✅,Stable,Normal
223.1,5.73,1278.0,NORMAL,System Normal ✅,Stable,Normal
227.0,4.8,1090.0,NORMAL,System Normal ✅,Stable,Normal
239.5,4.98,1193.0,CRITICAL,High Voltage ⚠️,System Load Increasing,Normal
229.4,4.76,1092.0,NORMAL,System Normal ✅,Stable,Normal
234.0,5.15,1205.0,NORMAL,System Normal ✅,System Load Increasing,Normal
229.9,4.48,1030.0,NORMAL,System Normal ✅,Stable,Normal
229.0,5.22,1195.0,NORMAL,System Normal ✅,Stable,Normal
238.5,4.06,968.0,CRITICAL,High Voltage ⚠️,System Load Increasing,Normal
239.0,4.58,1095.0,CRITICAL,High Voltage ⚠️,System Load Increasing,Normal
216.8,5.84,1266.0,NORMAL,System Normal ✅,Stable,Normal
238.6,5.37,1281.0,CRITICAL,High Voltage ⚠️,System Load Increasing,Normal
229.5,5.9,1354.0,NORMAL,System Normal ✅,Stable,Normal
230.2,4.65,1070.0,NORMAL,System Normal ✅,Stable,Normal
234.3,4.53,1061.0,NORMAL,System Normal ✅,Stable,Normal
233.9,5.77,1350.0,NORMAL,System Normal ✅,Stable,Normal
224.9,4.26,958.0,NORMAL,System Normal ✅,Stable,Normal
218.5,4.19,916.0,NORMAL,System Normal ✅,Stable,Normal
219.1,5.71,1251.0,NORMAL,System Normal ✅,Stable,Normal
235.5,5.73,1349.0,WARNING,High Voltage ⚠️,System Load Increasing,Normal
220.5,4.27,942.0,NORMAL,System Normal ✅,Stable,Normal
222.8,4.06,905.0,NORMAL,System Normal ✅,Stable,Normal
227.3,4.06,923.0,NORMAL,System Normal ✅,Stable,Normal
234.7,5.71,1340.0,NORMAL,System Normal ✅,System Load Increasing,Normal
238.3,4.67,1113.0,CRITICAL,High Voltage ⚠️,System Load Increasing,Normal
238.2,5.01,1193.0,CRITICAL,High Voltage ⚠️,System Load Increasing,Normal
226.9,4.08,926.0,NORMAL,System Normal ✅,Stable,Normal
237.1,4.17,989.0,WARNING,High Voltage ⚠️,System Load Increasing,Normal
225.4,4.13,931.0,NORMAL,System Normal ✅,Stable,Normal
210.9,5.43,1145.0,NORMAL,System Normal ✅,Voltage Spike Risk,Anomaly 🚨
225.6,5.29,1193.0,NORMAL,System Normal ✅,Stable,Normal
228.1,5.65,1289.0,NORMAL,System Normal ✅,Stable,Normal
228.7,5.8,1326.0,NORMAL,System Normal ✅,Stable,Normal
229.1,4.82,1104.0,NORMAL,System Normal ✅,Stable,Normal
219.3,4.78,1048.0,NORMAL,System Normal ✅,Stable,Normal
236.3,4.21,995.0,WARNING,High Voltage ⚠️,System Load Increasing,Normal
222.8,4.35,969.0,NORMAL,System Normal ✅,Stable,Normal
211.4,5.18,1095.0,NORMAL,System Normal ✅,Stable,Normal
224.7,5.6,1258.0,NORMAL,System Normal ✅,Stable,Normal
239.5,5.02,1202.0,CRITICAL,High Voltage ⚠️,System Load Increasing,Normal
239.0,5.38,1286.0,CRITICAL,High Voltage ⚠️,System Load Increasing,Normal
215.5,5.75,1239.0,NORMAL,System Normal ✅,Stable,Normal
227.4,5.42,1233.0,NORMAL,System Normal ✅,Stable,Normal
232.2,4.37,1015.0,NORMAL,System Normal ✅,Stable,Normal
213.9,5.44,1164.0,NORMAL,System Normal ✅,Stable,Normal
229.0,4.86,1113.0,NORMAL,System Normal ✅,Stable,Normal
212.1,5.03,1067.0,NORMAL,System Normal ✅,Stable,Normal
217.4,4.67,1015.0,NORMAL,System Normal ✅,Stable,Normal
215.9,4.1,885.0,NORMAL,System Normal ✅,Stable,Normal
221.4,4.65,1030.0,NORMAL,System Normal ✅,Stable,Normal
236.4,4.82,1139.0,WARNING,High Voltage ⚠️,System Load Increasing,Normal
238.8,5.41,1292.0,CRITICAL,High Voltage ⚠️,System Load Increasing,Normal
232.5,5.64,1311.0,NORMAL,System Normal ✅,System Load Increasing,Normal
236.2,4.26,1006.0,WARNING,High Voltage ⚠️,System Load Increasing,Normal
223.6,4.59,1026.0,NORMAL,System Normal ✅,Stable,Normal
222.6,5.73,1275.0,NORMAL,System Normal ✅,Stable,Normal
231.4,4.88,1129.0,NORMAL,System Normal ✅,System Load Increasing,Normal
225.2,5.67,1277.0,NORMAL,System Normal ✅,Stable,Normal
226.8,5.29,1200.0,NORMAL,System Normal ✅,Stable,Normal
236.6,5.6,1325.0,WARNING,High Voltage ⚠️,System Load Increasing,Normal
236.6,5.29,1252.0,WARNING,High Voltage ⚠️,System Load Increasing,Normal
228.9,4.29,982.0,NORMAL,System Normal ✅,Stable,Normal
222.1,5.63,1250.0,NORMAL,System Normal ✅,Stable,Normal
212.0,4.83,1024.0,NORMAL,System Normal ✅,Stable,Normal
210.1,4.98,1046.0,NORMAL,System Normal ✅,Stable,Normal
221.5,4.43,981.0,NORMAL,System Normal ✅,Stable,Normal
226.2,4.82,1090.0,NORMAL,System Normal ✅,Stable,Normal
212.5,5.03,1069.0,NORMAL,System Normal ✅,Stable,Normal
210.0,4.97,1044.0,NORMAL,System Normal ✅,Stable,Normal
218.3,5.28,1153.0,NORMAL,System Normal ✅,Stable,Normal
215.6,4.46,962.0,NORMAL,System Normal ✅,Stable,Normal
228.0,5.4,1231.0,NORMAL,System Normal ✅,Stable,Normal
213.8,5.38,1150.0,NORMAL,System Normal ✅,Stable,Normal
215.7,5.44,1173.0,NORMAL,System Normal ✅,Stable,Normal
217.2,4.03,875.0,NORMAL,System Normal ✅,Stable,Normal
223.2,4.03,899.0,NORMAL,System Normal ✅,Stable,Normal
222.0,5.39,1197.0,NORMAL,System Normal ✅,Stable,Normal
230.0,4.28,984.0,NORMAL,System Normal ✅,System Load Increasing,Normal
235.5,5.8,1366.0,WARNING,High Voltage ⚠️,System Load Increasing,Normal
235.6,5.65,1331.0,WARNING,High Voltage ⚠️,System Load Increasing,Normal
237.9,5.99,1425.0,WARNING,High Voltage ⚠️,System Load Increasing,Normal
214.2,4.91,1052.0,NORMAL,System Normal ✅,Stable,Normal
214.2,5.24,1122.0,NORMAL,System Normal ✅,Stable,Normal
231.9,5.38,1248.0,NORMAL,System Normal ✅,System Load Increasing,Normal
229.5,4.54,1042.0,NORMAL,System Normal ✅,System Load Increasing,Normal
213.3,4.18,892.0,NORMAL,System Normal ✅,Stable,Normal
216.3,4.06,878.0,NORMAL,System Normal ✅,Stable,Normal
220.9,4.93,1089.0,NORMAL,System Normal ✅,Stable,Normal
239.0,4.66,1114.0,CRITICAL,High Voltage ⚠️,System Load Increasing,Normal
238.8,4.59,1096.0,CRITICAL,High Voltage ⚠️,System Load Increasing,Normal
216.3,4.02,870.0,NORMAL,System Normal ✅,Stable,Normal
213.4,5.92,1263.0,NORMAL,System Normal ✅,Stable,Normal
222.4,4.65,1034.0,NORMAL,System Normal ✅,Stable,Normal
228.7,5.69,1301.0,NORMAL,System Normal ✅,Stable,Normal
211.4,5.37,1135.0,NORMAL,System Normal ✅,Stable,Normal
213.0,5.5,1172.0,NORMAL,System Normal ✅,Stable,Normal
224.7,4.21,946.0,NORMAL,System Normal ✅,Stable,Normal
219.1,4.36,955.0,NORMAL,System Normal ✅,Stable,Normal
224.2,5.3,1188.0,NORMAL,System Normal ✅,Stable,Normal
231.8,4.96,1150.0,NORMAL,System Normal ✅,System Load Increasing,Normal
226.4,5.02,1137.0,NORMAL,System Normal ✅,Stable,Normal
223.0,4.02,896.0,NORMAL,System Normal ✅,Stable,Normal
211.2,4.51,953.0,NORMAL,System Normal ✅,Stable,Normal
235.3,4.55,1071.0,WARNING,High Voltage ⚠️,System Load Increasing,Normal
225.0,5.07,1141.0,NORMAL,System Normal ✅,Stable,Normal
215.0,4.17,897.0,NORMAL,System Normal ✅,Stable,Normal
221.5,4.87,1079.0,NORMAL,System Normal ✅,Stable,Normal
223.7,5.2,1163.0,NORMAL,System Normal ✅,Stable,Normal
238.7,5.17,1234.0,CRITICAL,High Voltage ⚠️,System Load Increasing,Normal
239.5,4.71,1128.0,CRITICAL,High Voltage ⚠️,System Load Increasing,Normal
216.1,4.58,990.0,NORMAL,System Normal ✅,Stable,Normal
217.0,5.48,1189.0,NORMAL,System Normal ✅,Stable,Normal
210.6,4.99,1051.0,NORMAL,System Normal ✅,Stable,Normal
236.9,5.13,1215.0,WARNING,High Voltage ⚠️,System Load Increasing,Normal
214.5,5.03,1079.0,NORMAL,System Normal ✅,Stable,Normal
215.0,4.97,1069.0,NORMAL,System Normal ✅,Stable,Normal
212.7,5.58,1187.0,NORMAL,System Normal ✅,Stable,Normal
226.2,5.24,1185.0,NORMAL,System Normal ✅,Stable,Normal
234.0,5.65,1322.0,NORMAL,System Normal ✅,System Load Increasing,Normal
213.4,5.9,1259.0,NORMAL,System Normal ✅,Stable,Normal
236.0,4.53,1069.0,WARNING,High Voltage ⚠️,System Load Increasing,Normal
218.9,4.02,880.0,NORMAL,System Normal ✅,Stable,Normal
220.7,4.44,980.0,NORMAL,System Normal ✅,Stable,Normal
213.9,4.84,1035.0,NORMAL,System Normal ✅,Stable,Normal
214.3,4.36,934.0,NORMAL,System Normal ✅,Stable,Normal
218.1,5.27,1149.0,NORMAL,System Normal ✅,Stable,Normal
219.3,5.32,1167.0,NORMAL,System Normal ✅,Stable,Normal
234.9,4.33,1017.0,NORMAL,System Normal ✅,System Load Increasing,Normal
231.6,4.19,970.0,NORMAL,System Normal ✅,System Load Increasing,Normal
220.4,5.57,1228.0,NORMAL,System Normal ✅,Stable,Normal
230.2,4.99,1149.0,NORMAL,System Normal ✅,System Load Increasing,Normal
215.4,4.82,1038.0,NORMAL,System Normal ✅,Stable,Normal
223.9,4.75,1064.0,NORMAL,System Normal ✅,Stable,Normal
217.6,4.52,984.0,NORMAL,System Normal ✅,Stable,Normal
237.0,4.51,1069.0,WARNING,High Voltage ⚠️,System Load Increasing,Normal
220.3,5.03,1108.0,NORMAL,System Normal ✅,Stable,Normal
238.8,5.53,1321.0,CRITICAL,High Voltage ⚠️,System Load Increasing,Normal
230.5,5.55,1279.0,NORMAL,System Normal ✅,System Load Increasing,Normal
217.1,5.4,1172.0,NORMAL,System Normal ✅,Stable,Normal
238.7,5.76,1375.0,CRITICAL,High Voltage ⚠️,System Load Increasing,Normal
213.9,5.98,1279.0,NORMAL,System Normal ✅,Stable,Normal
220.4,4.79,1056.0,NORMAL,System Normal ✅,Stable,Normal
214.1,4.91,1051.0,NORMAL,System Normal ✅,Stable,Normal
224.7,4.1,921.0,NORMAL,System Normal ✅,Stable,Normal
228.3,5.08,1160.0,NORMAL,System Normal ✅,Stable,Normal
224.1,4.59,1029.0,NORMAL,System Normal ✅,Stable,Normal
225.1,4.86,1094.0,NORMAL,System Normal ✅,Stable,Normal
224.0,5.65,1266.0,NORMAL,System Normal ✅,Stable,Normal
223.0,4.91,1095.0,NORMAL,System Normal ✅,Stable,Normal
213.7,5.82,1244.0,NORMAL,System Normal ✅,Stable,Normal
222.8,5.7,1270.0,NORMAL,System Normal ✅,Stable,Normal
211.6,4.15,878.0,NORMAL,System Normal ✅,Stable,Normal
221.9,5.69,1263.0,NORMAL,System Normal ✅,Stable,Normal
220.7,5.37,1185.0,NORMAL,System Normal ✅,Stable,Normal
210.9,5.14,1084.0,NORMAL,System Normal ✅,Stable,Normal
239.3,4.7,1125.0,CRITICAL,High Voltage ⚠️,System Load Increasing,Normal
225.4,5.85,1319.0,NORMAL,System Normal ✅,Stable,Normal
211.0,4.97,1049.0,NORMAL,System Normal ✅,Stable,Normal
212.3,5.65,1199.0,NORMAL,System Normal ✅,Stable,Normal
230.5,5.11,1178.0,NORMAL,System Normal ✅,System Load Increasing,Normal
226.4,5.59,1266.0,NORMAL,System Normal ✅,Stable,Normal
219.2,4.9,1074.0,NORMAL,System Normal ✅,Stable,Normal
217.0,5.2,1128.0,NORMAL,System Normal ✅,Stable,Normal
237.3,5.52,1310.0,WARNING,High Voltage ⚠️,System Load Increasing,Normal
228.0,5.7,1300.0,NORMAL,System Normal ✅,System Load Increasing,Normal
232.2,5.57,1293.0,NORMAL,System Normal ✅,System Load Increasing,Normal
239.2,4.33,1036.0,CRITICAL,High Voltage ⚠️,System Load Increasing,Normal
221.1,5.85,1293.0,NORMAL,System Normal ✅,Stable,Normal
212.6,5.34,1135.0,NORMAL,System Normal ✅,Stable,Normal
236.7,5.26,1245.0,WARNING,High Voltage ⚠️,System Load Increasing,Normal
237.8,5.78,1374.0,WARNING,High Voltage ⚠️,System Load Increasing,Normal
212.2,5.29,1123.0,NORMAL,System Normal ✅,Stable,Normal
218.7,5.59,1223.0,NORMAL,System Normal ✅,Stable,Normal
217.7,4.03,877.0,NORMAL,System Normal ✅,Stable,Normal
230.7,4.85,1119.0,NORMAL,System Normal ✅,System Load Increasing,Normal
216.7,4.17,904.0,NORMAL,System Normal ✅,Stable,Normal
220.2,4.06,894.0,NORMAL,System Normal ✅,Stable,Normal
231.7,5.38,1247.0,NORMAL,System Normal ✅,System Load Increasing,Normal
236.1,4.24,1001.0,WARNING,High Voltage ⚠️,System Load Increasing,Normal
220.3,5.52,1216.0,NORMAL,System Normal ✅,Stable,Normal
225.7,5.17,1167.0,NORMAL,System Normal ✅,Stable,Normal
227.8,4.65,1059.0,NORMAL,System Normal ✅,Stable,Normal
223.2,4.97,1109.0,NORMAL,System Normal ✅,Stable,Normal
223.8,4.19,938.0,NORMAL,System Normal ✅,Stable,Normal
210.1,4.44,933.0,NORMAL,System Normal ✅,Stable,Normal
214.5,5.94,1274.0,NORMAL,System Normal ✅,Stable,Normal
238.7,4.06,969.0,CRITICAL,High Voltage ⚠️,System Load Increasing,Normal
234.7,4.43,1040.0,NORMAL,System Normal ✅,System Load Increasing,Normal
210.3,5.36,1127.0,NORMAL,System Normal ✅,Stable,Normal
218.9,5.86,1283.0,NORMAL,System Normal ✅,Stable,Normal
223.0,5.2,1160.0,NORMAL,System Normal ✅,Stable,Normal
215.5,4.3,927.0,NORMAL,System Normal ✅,Stable,Normal
238.8,4.63,1106.0,CRITICAL,High Voltage ⚠️,System Load Increasing,Normal
224.2,4.99,1119.0,NORMAL,System Normal ✅,Stable,Normal
223.3,4.26,951.0,NORMAL,System Normal ✅,Stable,Normal
225.0,5.6,1260.0,NORMAL,System Normal ✅,Stable,Normal
215.8,5.59,1206.0,NORMAL,System Normal ✅,Stable,Normal
230.1,5.6,1289.0,NORMAL,System Normal ✅,System Load Increasing,Normal
231.8,5.77,1337.0,NORMAL,System Normal ✅,System Load Increasing,Normal
221.0,5.55,1227.0,NORMAL,System Normal ✅,Stable,Normal
239.4,4.93,1180.0,CRITICAL,High Voltage ⚠️,System Load Increasing,Normal
220.6,5.64,1244.0,NORMAL,System Normal ✅,Stable,Normal
222.7,5.27,1174.0,NORMAL,System Normal ✅,Stable,Normal
228.5,5.0,1142.0,NORMAL,System Normal ✅,Stable,Normal
238.2,5.32,1267.0,CRITICAL,High Voltage ⚠️,System Load Increasing,Normal
225.7,4.93,1113.0,NORMAL,System Normal ✅,Stable,Normal
214.2,4.55,975.0,NORMAL,System Normal ✅,Stable,Normal
222.0,4.05,899.0,NORMAL,System Normal ✅,Stable,Normal
231.5,4.1,949.0,NORMAL,System Normal ✅,System Load Increasing,Normal
232.1,4.05,940.0,NORMAL,System Normal ✅,System Load Increasing,Normal
229.9,4.24,975.0,NORMAL,System Normal ✅,Stable,Normal
220.3,4.62,1018.0,NORMAL,System Normal ✅,Stable,Normal
228.2,4.73,1079.0,NORMAL,System Normal ✅,Stable,Normal
233.4,4.82,1125.0,NORMAL,System Normal ✅,System Load Increasing,Normal
226.5,5.15,1166.0,NORMAL,System Normal ✅,Stable,Normal
235.5,4.16,980.0,WARNING,High Voltage ⚠️,System Load Increasing,Normal
210.4,4.95,1041.0,NORMAL,System Normal ✅,Voltage Spike Risk,Anomaly 🚨
222.3,4.23,940.0,NORMAL,System Normal ✅,Stable,Normal
226.6,4.84,1097.0,NORMAL,System Normal ✅,Stable,Normal
231.0,4.46,1030.0,NORMAL,System Normal ✅,Stable,Normal
213.2,5.51,1175.0,NORMAL,System Normal ✅,Stable,Normal
237.4,5.56,1320.0,WARNING,High Voltage ⚠️,System Load Increasing,Normal
239.8,4.82,1156.0,CRITICAL,High Voltage ⚠️,System Load Increasing,Normal
214.4,4.64,995.0,NORMAL,System Normal ✅,Stable,Normal
227.5,5.3,1206.0,NORMAL,System Normal ✅,Stable,Normal
222.1,4.01,891.0,NORMAL,System Normal ✅,Stable,Normal
221.5,5.05,1119.0,NORMAL,System Normal ✅,Stable,Normal
227.4,4.79,1089.0,NORMAL,System Normal ✅,Stable,Normal
234.8,4.08,958.0,NORMAL,System Normal ✅,System Load Increasing,Normal
224.5,5.94,1334.0,NORMAL,System Normal ✅,Stable,Normal
212.8,5.41,1151.0,NORMAL,System Normal ✅,Stable,Normal
213.8,5.64,1206.0,NORMAL,System Normal ✅,Stable,Normal
213.7,4.33,925.0,NORMAL,System Normal ✅,Stable,Normal
214.2,4.49,962.0,NORMAL,System Normal ✅,Stable,Normal
224.1,5.73,1284.0,NORMAL,System Normal ✅,Stable,Normal
212.1,5.77,1224.0,NORMAL,System Normal ✅,Stable,Normal
219.0,5.65,1237.0,NORMAL,System Normal ✅,Stable,Normal
216.1,4.83,1044.0,NORMAL,System Normal ✅,Stable,Normal
220.3,5.82,1282.0,NORMAL,System Normal ✅,Stable,Normal
225.6,5.1,1151.0,NORMAL,System Normal ✅,Stable,Normal
211.5,5.54,1172.0,NORMAL,System Normal ✅,Stable,Normal
215.0,5.87,1262.0,NORMAL,System Normal ✅,Stable,Normal
225.7,5.38,1214.0,NORMAL,System Normal ✅,System Load Increasing,Normal
240.0,5.29,1270.0,CRITICAL,High Voltage ⚠️,Voltage Spike Risk,Anomaly 🚨
219.4,5.37,1178.0,NORMAL,System Normal ✅,Stable,Normal
229.1,5.62,1288.0,NORMAL,System Normal ✅,System Load Increasing,Normal
239.5,4.52,1083.0,CRITICAL,High Voltage ⚠️,System Load Increasing,Normal
212.2,4.76,1010.0,NORMAL,System Normal ✅,Stable,Normal
213.4,4.93,1052.0,NORMAL,System Normal ✅,Stable,Normal
223.1,5.84,1303.0,NORMAL,System Normal ✅,Stable,Normal
225.9,5.72,1292.0,NORMAL,System Normal ✅,System Load Increasing,Normal
235.1,5.45,1281.0,WARNING,High Voltage ⚠️,System Load Increasing,Normal
216.7,5.99,1298.0,NORMAL,System Normal ✅,Stable,Normal
223.0,5.54,1235.0,NORMAL,System Normal ✅,Stable,Normal
214.0,5.21,1115.0,NORMAL,System Normal ✅,Stable,Normal
237.0,4.81,1140.0,WARNING,High Voltage ⚠️,System Load Increasing,Normal
213.5,5.77,1232.0,NORMAL,System Normal ✅,Stable,Normal
237.1,4.36,1034.0,WARNING,High Voltage ⚠️,System Load Increasing,Normal
226.7,4.37,991.0,NORMAL,System Normal ✅,Stable,Normal
229.0,4.55,1042.0,NORMAL,System Normal ✅,Stable,Normal
238.4,4.63,1104.0,CRITICAL,High Voltage ⚠️,System Load Increasing,Normal
222.8,4.09,911.0,NORMAL,System Normal ✅,Stable,Normal
236.1,4.79,1131.0,WARNING,High Voltage ⚠️,System Load Increasing,Normal
211.5,4.8,1015.0,NORMAL,System Normal ✅,Stable,Normal
219.1,5.13,1124.0,NORMAL,System Normal ✅,Stable,Normal
222.0,4.02,892.0,NORMAL,System Normal ✅,Stable,Normal
229.9,5.24,1205.0,NORMAL,System Normal ✅,System Load Increasing,Normal
218.5,4.41,964.0,NORMAL,System Normal ✅,Stable,Normal
225.6,4.15,936.0,NORMAL,System Normal ✅,Stable,Normal
229.9,4.43,1018.0,NORMAL,System Normal ✅,Stable,Normal
212.8,4.79,1019.0,NORMAL,System Normal ✅,Stable,Normal
217.9,4.85,1057.0,NORMAL,System Normal ✅,Stable,Normal
237.4,4.46,1059.0,WARNING,High Voltage ⚠️,System Load Increasing,Normal
238.8,5.85,1397.0,CRITICAL,High Voltage ⚠️,System Load Increasing,Normal
236.7,5.47,1295.0,WARNING,High Voltage ⚠️,System Load Increasing,Normal
223.6,4.38,979.0,NORMAL,System Normal ✅,Stable,Normal
233.1,5.76,1343.0,NORMAL,System Normal ✅,System Load Increasing,Normal
224.1,4.08,914.0,NORMAL,System Normal ✅,Stable,Normal
237.5,4.01,952.0,WARNING,High Voltage ⚠️,System Load Increasing,Normal
234.9,5.8,1362.0,NORMAL,System Normal ✅,System Load Increasing,Normal
210.6,4.91,1034.0,NORMAL,System Normal ✅,Stable,Normal
232.3,5.85,1359.0,NORMAL,System Normal ✅,System Load Increasing,Normal
237.8,4.25,1011.0,WARNING,High Voltage ⚠️,System Load Increasing,Normal
213.7,4.18,893.0,NORMAL,System Normal ✅,Stable,Normal
213.6,4.74,1012.0,NORMAL,System Normal ✅,Stable,Normal
217.7,4.91,1069.0,NORMAL,System Normal ✅,Stable,Normal
231.5,5.03,1164.0,NORMAL,System Normal ✅,System Load Increasing,Normal
223.0,4.08,910.0,NORMAL,System Normal ✅,Stable,Normal
215.5,5.72,1233.0,NORMAL,System Normal ✅,Stable,Normal
233.8,4.77,1115.0,NORMAL,System Normal ✅,System Load Increasing,Normal
227.9,4.96,1130.0,NORMAL,System Normal ✅,Stable,Normal
238.5,5.87,1400.0,CRITICAL,High Voltage ⚠️,System Load Increasing,Normal
239.8,5.8,1391.0,CRITICAL,High Voltage ⚠️,System Load Increasing,Normal
235.1,4.38,1030.0,WARNING,High Voltage ⚠️,System Load Increasing,Normal
216.1,5.13,1109.0,NORMAL,System Normal ✅,Stable,Normal
230.1,4.55,1047.0,NORMAL,System Normal ✅,Stable,Normal
218.1,5.72,1248.0,NORMAL,System Normal ✅,Stable,Normal
210.0,4.28,899.0,NORMAL,System Normal ✅,Stable,Normal
235.5,4.58,1079.0,WARNING,High Voltage ⚠️,System Load Increasing,Normal
233.4,5.93,1384.0,NORMAL,System Normal ✅,System Load Increasing,Normal
211.3,4.6,972.0,NORMAL,System Normal ✅,Stable,Normal
228.4,4.63,1057.0,NORMAL,System Normal ✅,Stable,Normal
222.4,4.68,1041.0,NORMAL,System Normal ✅,Stable,Normal
230.0,5.33,1226.0,NORMAL,System Normal ✅,Stable,Normal
212.0,5.67,1202.0,NORMAL,System Normal ✅,Stable,Normal
220.4,4.6,1014.0,NORMAL,System Normal ✅,Stable,Normal
220.0,4.37,961.0,NORMAL,System Normal ✅,Stable,Normal
239.1,5.0,1196.0,CRITICAL,High Voltage ⚠️,System Load Increasing,Normal
219.1,5.46,1196.0,NORMAL,System Normal ✅,Stable,Normal
224.3,4.39,985.0,NORMAL,System Normal ✅,Stable,Normal
226.2,5.28,1194.0,NORMAL,System Normal ✅,Stable,Normal
212.8,4.73,1007.0,NORMAL,System Normal ✅,Stable,Normal
213.6,4.35,929.0,NORMAL,System Normal ✅,Stable,Normal
219.3,4.61,1011.0,NORMAL,System Normal ✅,Stable,Normal
234.4,4.62,1083.0,NORMAL,System Normal ✅,System Load Increasing,Normal
239.4,5.67,1357.0,CRITICAL,High Voltage ⚠️,System Load Increasing,Normal
236.5,4.68,1107.0,WARNING,High Voltage ⚠️,System Load Increasing,Normal
232.1,4.06,942.0,NORMAL,System Normal ✅,System Load Increasing,Normal
210.3,4.17,877.0,NORMAL,System Normal ✅,Stable,Normal
215.3,4.79,1031.0,NORMAL,System Normal ✅,Stable,Normal
237.0,4.93,1168.0,WARNING,High Voltage ⚠️,System Load Increasing,Normal
225.3,5.06,1140.0,NORMAL,System Normal ✅,Stable,Normal
231.8,5.34,1238.0,NORMAL,System Normal ✅,System Load Increasing,Normal
221.8,4.21,934.0,NORMAL,System Normal ✅,Stable,Normal
212.1,4.4,933.0,NORMAL,System Normal ✅,Stable,Normal
222.9,4.15,925.0,NORMAL,System Normal ✅,Stable,Normal
215.5,4.78,1030.0,NORMAL,System Normal ✅,Stable,Normal
233.4,4.43,1034.0,NORMAL,System Normal ✅,System Load Increasing,Normal
221.5,5.65,1251.0,NORMAL,System Normal ✅,Stable,Normal
218.1,4.31,940.0,NORMAL,System Normal ✅,Stable,Normal
235.2,5.18,1218.0,WARNING,High Voltage ⚠️,System Load Increasing,Normal
220.9,5.8,1281.0,NORMAL,System Normal ✅,Stable,Normal
220.2,4.32,951.0,NORMAL,System Normal ✅,Stable,Normal
213.6,5.31,1134.0,NORMAL,System Normal ✅,Stable,Normal
228.9,4.59,1051.0,NORMAL,System Normal ✅,Stable,Normal
221.8,4.81,1067.0,NORMAL,System Normal ✅,Stable,Normal
227.8,4.37,995.0,NORMAL,System Normal ✅,Stable,Normal
235.3,5.68,1337.0,WARNING,High Voltage ⚠️,System Load Increasing,Normal
237.3,4.44,1054.0,WARNING,High Voltage ⚠️,System Load Increasing,Normal
236.6,4.18,989.0,WARNING,High Voltage ⚠️,System Load Increasing,Normal
232.6,4.35,1012.0,NORMAL,System Normal ✅,System Load Increasing,Normal
215.5,4.99,1075.0,NORMAL,System Normal ✅,Stable,Normal
223.9,4.42,990.0,NORMAL,System Normal ✅,Stable,Normal
218.5,4.73,1034.0,NORMAL,System Normal ✅,Stable,Normal
218.4,4.4,961.0,NORMAL,System Normal ✅,Stable,Normal
213.0,5.34,1137.0,NORMAL,System Normal ✅,Stable,Normal
235.2,5.23,1230.0,WARNING,High Voltage ⚠️,System Load Increasing,Normal
220.5,5.12,1129.0,NORMAL,System Normal ✅,Stable,Normal
225.1,4.8,1080.0,NORMAL,System Normal ✅,Stable,Normal
236.8,4.71,1115.0,WARNING,High Voltage ⚠️,System Load Increasing,Normal
211.6,4.42,935.0,NORMAL,System Normal ✅,Stable,Normal
231.9,4.2,974.0,NORMAL,System Normal ✅,System Load Increasing,Normal
223.4,5.61,1253.0,NORMAL,System Normal ✅,Stable,Normal
234.9,4.58,1076.0,NORMAL,System Normal ✅,System Load Increasing,Normal
233.1,4.42,1030.0,NORMAL,System Normal ✅,System Load Increasing,Normal
220.6,5.57,1229.0,NORMAL,System Normal ✅,Stable,Normal
224.8,5.13,1153.0,NORMAL,System Normal ✅,Stable,Normal
231.0,5.6,1294.0,NORMAL,System Normal ✅,Stable,Normal
215.7,4.41,951.0,NORMAL,System Normal ✅,Stable,Normal
237.3,5.83,1383.0,WARNING,High Voltage ⚠️,System Load Increasing,Normal
233.2,5.14,1199.0,NORMAL,System Normal ✅,System Load Increasing,Normal
225.1,4.11,925.0,NORMAL,System Normal ✅,Stable,Normal
213.8,4.81,1028.0,NORMAL,System Normal ✅,Stable,Normal
238.0,5.05,1202.0,WARNING,High Voltage ⚠️,System Load Increasing,Normal
219.8,5.06,1112.0,NORMAL,System Normal ✅,Stable,Normal
219.9,4.3,946.0,NORMAL,System Normal ✅,Stable,Normal
218.4,4.27,933.0,NORMAL,System Normal ✅,Stable,Normal
224.7,5.59,1256.0,NORMAL,System Normal ✅,Stable,Normal
239.4,5.48,1312.0,CRITICAL,High Voltage ⚠️,System Load Increasing,Normal
237.0,4.25,1007.0,WARNING,High Voltage ⚠️,System Load Increasing,Normal
219.5,5.52,1212.0,NORMAL,System Normal ✅,Stable,Normal
234.5,4.58,1074.0,NORMAL,System Normal ✅,System Load Increasing,Normal
214.9,5.84,1255.0,NORMAL,System Normal ✅,Stable,Normal
218.8,4.85,1061.0,NORMAL,System Normal ✅,Stable,Normal
226.3,4.36,987.0,NORMAL,System Normal ✅,Stable,Normal
225.2,5.3,1194.0,NORMAL,System Normal ✅,Stable,Normal
217.7,5.38,1171.0,NORMAL,System Normal ✅,Stable,Normal
217.7,5.59,1217.0,NORMAL,System Normal ✅,Stable,Normal
229.5,5.75,1320.0,NORMAL,System Normal ✅,Stable,Normal
228.8,4.73,1082.0,NORMAL,System Normal ✅,Stable,Normal
238.7,4.78,1141.0,CRITICAL,High Voltage ⚠️,System Load Increasing,Normal
223.8,5.27,1179.0,NORMAL,System Normal ✅,Stable,Normal
221.7,4.77,1058.0,NORMAL,System Normal ✅,Stable,Normal
229.0,5.06,1159.0,NORMAL,System Normal ✅,Stable,Normal
218.1,5.43,1184.0,NORMAL,System Normal ✅,Stable,Normal
232.4,5.4,1255.0,NORMAL,System Normal ✅,System Load Increasing,Normal
237.7,5.69,1353.0,WARNING,High Voltage ⚠️,System Load Increasing,Normal
232.5,5.76,1339.0,NORMAL,System Normal ✅,System Load Increasing,Normal
218.3,5.91,1290.0,NORMAL,System Normal ✅,Stable,Normal
232.6,5.74,1335.0,NORMAL,System Normal ✅,System Load Increasing,Normal
229.4,4.4,1009.0,NORMAL,System Normal ✅,Stable,Normal
214.6,4.33,929.0,NORMAL,System Normal ✅,Stable,Normal
212.6,4.01,853.0,NORMAL,System Normal ✅,Stable,Normal
225.8,5.81,1312.0,NORMAL,System Normal ✅,Stable,Normal
212.6,5.87,1248.0,NORMAL,System Normal ✅,Stable,Normal
221.9,5.74,1274.0,NORMAL,System Normal ✅,Stable,Normal
211.8,5.29,1120.0,NORMAL,System Normal ✅,Stable,Normal
221.0,5.76,1273.0,NORMAL,System Normal ✅,Stable,Normal
237.5,5.25,1247.0,WARNING,High Voltage ⚠️,System Load Increasing,Normal
219.7,4.45,978.0,NORMAL,System Normal ✅,Stable,Normal
210.4,4.76,1002.0,NORMAL,System Normal ✅,Stable,Normal
214.9,5.59,1201.0,NORMAL,System Normal ✅,Stable,Normal
213.9,5.53,1183.0,NORMAL,System Normal ✅,Stable,Normal
235.3,4.33,1019.0,WARNING,High Voltage ⚠️,System Load Increasing,Normal
221.9,5.77,1280.0,NORMAL,System Normal ✅,Stable,Normal
236.0,5.17,1220.0,WARNING,High Voltage ⚠️,System Load Increasing,Normal
234.5,5.5,1290.0,NORMAL,System Normal ✅,System Load Increasing,Normal
210.5,4.26,897.0,NORMAL,System Normal ✅,Stable,Normal
212.9,4.45,947.0,NORMAL,System Normal ✅,Stable,Normal
211.0,4.12,869.0,NORMAL,System Normal ✅,Stable,Normal
215.7,4.22,910.0,NORMAL,System Normal ✅,Stable,Normal
213.3,5.41,1154.0,NORMAL,System Normal ✅,Stable,Normal
224.4,4.7,1055.0,NORMAL,System Normal ✅,Stable,Normal
222.9,4.63,1032.0,NORMAL,System Normal ✅,Stable,Normal
231.1,5.3,1225.0,NORMAL,System Normal ✅,System Load Increasing,Normal
230.4,5.43,1251.0,NORMAL,System Normal ✅,System Load Increasing,Normal
217.2,4.66,1012.0,NORMAL,System Normal ✅,Stable,Normal
231.1,5.41,1250.0,NORMAL,System Normal ✅,System Load Increasing,Normal
217.1,4.12,894.0,NORMAL,System Normal ✅,Stable,Normal
229.2,4.61,1057.0,NORMAL,System Normal ✅,System Load Increasing,Normal
233.0,4.88,1137.0,NORMAL,System Normal ✅,System Load Increasing,Normal
216.6,5.37,1163.0,NORMAL,System Normal ✅,Stable,Normal
224.3,5.59,1254.0,NORMAL,System Normal ✅,Stable,Normal
212.4,5.31,1128.0,NORMAL,System Normal ✅,Stable,Normal
223.5,5.4,1207.0,NORMAL,System Normal ✅,Stable,Normal
231.8,5.37,1245.0,NORMAL,System Normal ✅,System Load Increasing,Normal
234.8,5.91,1388.0,NORMAL,System Normal ✅,System Load Increasing,Normal
239.8,4.16,998.0,CRITICAL,High Voltage ⚠️,System Load Increasing,Normal
236.6,5.12,1211.0,WARNING,High Voltage ⚠️,System Load Increasing,Normal
222.3,4.37,971.0,NORMAL,System Normal ✅,Stable,Normal
210.2,4.61,969.0,NORMAL,System Normal ✅,Stable,Normal
220.1,4.38,964.0,NORMAL,System Normal ✅,Stable,Normal
239.5,4.95,1186.0,CRITICAL,High Voltage ⚠️,System Load Increasing,Normal
214.7,4.29,921.0,NORMAL,System Normal ✅,Stable,Normal
224.6,4.96,1114.0,NORMAL,System Normal ✅,Stable,Normal
216.1,4.2,908.0,NORMAL,System Normal ✅,Stable,Normal
232.4,5.2,1208.0,NORMAL,System Normal ✅,System Load Increasing,Normal
235.3,5.89,1386.0,WARNING,High Voltage ⚠️,System Load Increasing,Normal
213.4,4.74,1012.0,NORMAL,System Normal ✅,Stable,Normal
239.3,4.73,1132.0,CRITICAL,High Voltage ⚠️,System Load Increasing,Normal
213.4,5.57,1189.0,NORMAL,System Normal ✅,Stable,Normal
216.7,4.8,1040.0,NORMAL,System Normal ✅,Stable,Normal
220.3,4.98,1097.0,NORMAL,System Normal ✅,Stable,Normal
214.7,5.77,1239.0,NORMAL,System Normal ✅,Stable,Normal
239.6,5.25,1258.0,CRITICAL,High Voltage ⚠️,System Load Increasing,Normal
224.2,4.67,1047.0,NORMAL,System Normal ✅,Stable,Normal
219.2,5.09,1116.0,NORMAL,System Normal ✅,Stable,Normal
223.7,4.06,908.0,NORMAL,System Normal ✅,Stable,Normal
215.9,4.14,894.0,NORMAL,System Normal ✅,Stable,Normal
234.0,5.37,1257.0,NORMAL,System Normal ✅,System Load Increasing,Normal
217.0,5.9,1280.0,NORMAL,System Normal ✅,Stable,Normal
223.7,4.98,1114.0,NORMAL,System Normal ✅,Stable,Normal
217.8,5.02,1093.0,NORMAL,System Normal ✅,Stable,Normal
210.7,4.21,887.0,NORMAL,System Normal ✅,Stable,Normal
228.0,5.97,1361.0,NORMAL,System Normal ✅,System Load Increasing,Normal
235.8,4.33,1021.0,WARNING,High Voltage ⚠️,System Load Increasing,Normal
214.9,4.96,1066.0,NORMAL,System Normal ✅,Stable,Normal
240.0,5.76,1382.0,CRITICAL,High Voltage ⚠️,System Load Increasing,Normal
224.2,4.03,904.0,NORMAL,System Normal ✅,Stable,Normal
232.3,5.38,1250.0,NORMAL,System Normal ✅,System Load Increasing,Normal
236.8,4.75,1125.0,WARNING,High Voltage ⚠️,System Load Increasing,Normal
219.2,5.87,1287.0,NORMAL,System Normal ✅,Stable,Normal
211.4,4.33,915.0,NORMAL,System Normal ✅,Stable,Normal
217.3,5.41,1176.0,NORMAL,System Normal ✅,Stable,Normal
233.0,5.42,1263.0,NORMAL,System Normal ✅,System Load Increasing,Normal
210.4,5.13,1079.0,NORMAL,System Normal ✅,Stable,Normal
238.3,5.41,1289.0,CRITICAL,High Voltage ⚠️,System Load Increasing,Normal
228.9,5.56,1273.0,NORMAL,System Normal ✅,Stable,Normal
239.1,4.84,1157.0,CRITICAL,High Voltage ⚠️,System Load Increasing,Normal
220.5,5.96,1314.0,NORMAL,System Normal ✅,Stable,Normal
214.1,4.47,957.0,NORMAL,System Normal ✅,Stable,Normal
226.5,5.32,1205.0,NORMAL,System Normal ✅,Stable,Normal
225.2,4.84,1090.0,NORMAL,System Normal ✅,Stable,Normal
234.2,5.22,1223.0,NORMAL,System Normal ✅,System Load Increasing,Normal
223.1,5.96,1330.0,NORMAL,System Normal ✅,Stable,Normal
232.2,4.44,1031.0,NORMAL,System Normal ✅,System Load Increasing,Normal
222.2,4.15,922.0,NORMAL,System Normal ✅,Stable,Normal
220.1,4.97,1094.0,NORMAL,System Normal ✅,Stable,Normal
222.0,5.07,1126.0,NORMAL,System Normal ✅,Stable,Normal
238.8,5.24,1251.0,CRITICAL,High Voltage ⚠️,System Load Increasing,Normal
236.3,4.85,1146.0,WARNING,High Voltage ⚠️,System Load Increasing,Normal
222.7,5.65,1258.0,NORMAL,System Normal ✅,Stable,Normal
239.1,5.0,1196.0,CRITICAL,High Voltage ⚠️,System Load Increasing,Normal
222.4,5.09,1132.0,NORMAL,System Normal ✅,Stable,Normal
221.7,5.74,1273.0,NORMAL,System Normal ✅,Stable,Normal
228.5,5.45,1245.0,NORMAL,System Normal ✅,Stable,Normal
230.5,5.56,1282.0,NORMAL,System Normal ✅,Stable,Normal
230.5,4.77,1099.0,NORMAL,System Normal ✅,Stable,Normal
224.9,4.54,1021.0,NORMAL,System Normal ✅,Stable,Normal
219.9,5.53,1216.0,NORMAL,System Normal ✅,Stable,Normal
220.6,5.9,1302.0,NORMAL,System Normal ✅,Stable,Normal
234.7,4.84,1136.0,NORMAL,System Normal ✅,System Load Increasing,Normal
218.7,5.89,1288.0,NORMAL,System Normal ✅,Stable,Normal
226.7,4.08,925.0,NORMAL,System Normal ✅,Stable,Normal
217.0,4.14,898.0,NORMAL,System Normal ✅,Stable,Normal
217.7,4.7,1023.0,NORMAL,System Normal ✅,Stable,Normal
214.0,5.62,1203.0,NORMAL,System Normal ✅,Stable,Normal
232.4,5.51,1281.0,NORMAL,System Normal ✅,System Load Increasing,Normal
218.0,4.51,983.0,NORMAL,System Normal ✅,Stable,Normal
224.4,5.39,1210.0,NORMAL,System Normal ✅,Stable,Normal
211.8,5.88,1245.0,NORMAL,System Normal ✅,Stable,Normal
210.4,4.3,905.0,NORMAL,System Normal ✅,Stable,Normal
231.0,4.63,1070.0,NORMAL,System Normal ✅,System Load Increasing,Normal
212.4,5.08,1079.0,NORMAL,System Normal ✅,Stable,Normal
225.4,4.89,1102.0,NORMAL,System Normal ✅,Stable,Normal
210.1,5.49,1153.0,NORMAL,System Normal ✅,Stable,Normal
227.1,4.31,979.0,NORMAL,System Normal ✅,System Load Increasing,Normal
239.6,4.18,1002.0,CRITICAL,High Voltage ⚠️,Voltage Spike Risk,Anomaly 🚨
229.4,5.46,1253.0,NORMAL,System Normal ✅,System Load Increasing,Normal
238.4,5.67,1352.0,CRITICAL,High Voltage ⚠️,System Load Increasing,Normal
226.6,4.25,963.0,NORMAL,System Normal ✅,Stable,Normal
227.2,4.46,1013.0,NORMAL,System Normal ✅,Stable,Normal
214.5,5.89,1263.0,NORMAL,System Normal ✅,Stable,Normal
217.2,5.54,1203.0,NORMAL,System Normal ✅,Stable,Normal
231.0,5.18,1197.0,NORMAL,System Normal ✅,System Load Increasing,Normal
235.4,4.45,1048.0,WARNING,High Voltage ⚠️,System Load Increasing,Normal
224.3,4.39,985.0,NORMAL,System Normal ✅,Stable,Normal
212.8,5.64,1200.0,NORMAL,System Normal ✅,Stable,Normal
233.0,4.99,1163.0,NORMAL,System Normal ✅,System Load Increasing,Normal
210.9,4.92,1038.0,NORMAL,System Normal ✅,Stable,Normal
234.2,4.17,977.0,NORMAL,System Normal ✅,System Load Increasing,Normal
234.7,5.67,1331.0,NORMAL,System Normal ✅,System Load Increasing,Normal
227.5,5.3,1206.0,NORMAL,System Normal ✅,Stable,Normal
232.5,5.09,1183.0,NORMAL,System Normal ✅,System Load Increasing,Normal
237.2,4.43,1051.0,WARNING,High Voltage ⚠️,System Load Increasing,Normal
228.0,5.34,1218.0,NORMAL,System Normal ✅,Stable,Normal
223.9,4.63,1037.0,NORMAL,System Normal ✅,Stable,Normal
212.3,4.58,972.0,NORMAL,System Normal ✅,Stable,Normal
218.8,5.97,1306.0,NORMAL,System Normal ✅,Stable,Normal
228.5,5.66,1293.0,NORMAL,System Normal ✅,Stable,Normal
235.8,4.5,1061.0,WARNING,High Voltage ⚠️,System Load Increasing,Normal
234.2,5.81,1361.0,NORMAL,System Normal ✅,System Load Increasing,Normal
235.4,4.27,1005.0,WARNING,High Voltage ⚠️,System Load Increasing,Normal
223.9,4.32,967.0,NORMAL,System Normal ✅,Stable,Normal
238.8,5.2,1242.0,CRITICAL,High Voltage ⚠️,System Load Increasing,Normal
229.3,4.55,1043.0,NORMAL,System Normal ✅,Stable,Normal
215.4,5.39,1161.0,NORMAL,System Normal ✅,Stable,Normal
229.7,4.28,983.0,NORMAL,System Normal ✅,Stable,Normal
225.4,4.71,1062.0,NORMAL,System Normal ✅,Stable,Normal
212.7,4.49,955.0,NORMAL,System Normal ✅,Stable,Normal
216.2,5.21,1126.0,NORMAL,System Normal ✅,Stable,Normal
225.9,5.34,1206.0,NORMAL,System Normal ✅,Stable,Normal
210.5,5.56,1170.0,NORMAL,System Normal ✅,Stable,Normal
216.1,4.6,994.0,NORMAL,System Normal ✅,Stable,Normal
236.4,5.48,1295.0,WARNING,High Voltage ⚠️,System Load Increasing,Normal
213.1,5.93,1264.0,NORMAL,System Normal ✅,Stable,Normal
224.9,5.6,1259.0,NORMAL,System Normal ✅,Stable,Normal
236.5,4.33,1024.0,WARNING,High Voltage ⚠️,System Load Increasing,Normal
221.9,5.4,1198.0,NORMAL,System Normal ✅,Stable,Normal
230.7,5.79,1336.0,NORMAL,System Normal ✅,System Load Increasing,Normal
211.4,5.82,1230.0,NORMAL,System Normal ✅,Stable,Normal
234.0,4.2,983.0,NORMAL,System Normal ✅,System Load Increasing,Normal
214.5,4.51,967.0,NORMAL,System Normal ✅,Stable,Normal
215.9,4.24,915.0,NORMAL,System Normal ✅,Stable,Normal
212.8,4.54,966.0,NORMAL,System Normal ✅,Stable,Normal
239.0,4.14,989.0,CRITICAL,High Voltage ⚠️,System Load Increasing,Normal
230.5,5.29,1219.0,NORMAL,System Normal ✅,System Load Increasing,Normal
230.6,5.66,1305.0,NORMAL,System Normal ✅,System Load Increasing,Normal
238.5,4.86,1159.0,CRITICAL,High Voltage ⚠️,System Load Increasing,Normal
231.9,5.65,1310.0,NORMAL,System Normal ✅,System Load Increasing,Normal
231.0,4.24,979.0,NORMAL,System Normal ✅,System Load Increasing,Normal
214.6,4.04,867.0,NORMAL,System Normal ✅,Stable,Normal
210.4,4.93,1037.0,NORMAL,System Normal ✅,Stable,Normal
217.0,5.38,1167.0,NORMAL,System Normal ✅,Stable,Normal
234.4,5.08,1191.0,NORMAL,System Normal ✅,System Load Increasing,Normal
217.5,5.55,1207.0,NORMAL,System Normal ✅,Stable,Normal
231.7,4.72,1094.0,NORMAL,System Normal ✅,System Load Increasing,Normal
222.2,5.6,1244.0,NORMAL,System Normal ✅,Stable,Normal
235.0,4.68,1100.0,NORMAL,System Normal ✅,System Load Increasing,Normal
212.8,4.15,883.0,NORMAL,System Normal ✅,Stable,Normal
223.7,5.39,1206.0,NORMAL,System Normal ✅,Stable,Normal
238.4,4.61,1099.0,CRITICAL,High Voltage ⚠️,System Load Increasing,Normal
226.4,4.63,1048.0,NORMAL,System Normal ✅,Stable,Normal
217.8,5.85,1274.0,NORMAL,System Normal ✅,Stable,Normal
212.5,5.07,1077.0,NORMAL,System Normal ✅,Stable,Normal
210.2,4.53,952.0,NORMAL,System Normal ✅,Stable,Normal
237.8,5.03,1196.0,WARNING,High Voltage ⚠️,System Load Increasing,Normal
210.1,5.57,1170.0,NORMAL,System Normal ✅,Stable,Normal
220.8,4.59,1013.0,NORMAL,System Normal ✅,Stable,Normal
231.6,4.21,975.0,NORMAL,System Normal ✅,System Load Increasing,Normal
226.5,5.99,1357.0,NORMAL,System Normal ✅,Stable,Normal
228.4,5.12,1169.0,NORMAL,System Normal ✅,System Load Increasing,Normal
224.8,4.48,1007.0,NORMAL,System Normal ✅,Stable,Normal
231.0,4.91,1134.0,NORMAL,System Normal ✅,System Load Increasing,Normal
214.7,5.3,1138.0,NORMAL,System Normal ✅,Stable,Normal
237.0,5.09,1206.0,WARNING,High Voltage ⚠️,System Load Increasing,Normal
235.8,4.66,1099.0,WARNING,High Voltage ⚠️,System Load Increasing,Normal
229.2,4.42,1013.0,NORMAL,System Normal ✅,Stable,Normal
225.1,5.55,1249.0,NORMAL,System Normal ✅,Stable,Normal
234.5,5.51,1292.0,NORMAL,System Normal ✅,System Load Increasing,Normal
220.0,4.75,1045.0,NORMAL,System Normal ✅,Stable,Normal
236.2,5.16,1219.0,WARNING,High Voltage ⚠️,System Load Increasing,Normal
224.9,5.86,1318.0,NORMAL,System Normal ✅,Stable,Normal
220.8,5.45,1203.0,NORMAL,System Normal ✅,Stable,Normal
220.6,4.65,1026.0,NORMAL,System Normal ✅,Stable,Normal
216.3,4.56,986.0,NORMAL,System Normal ✅,Stable,Normal
232.6,4.53,1054.0,NORMAL,System Normal ✅,System Load Increasing,Normal
211.8,4.18,885.0,NORMAL,System Normal ✅,Stable,Normal
237.3,5.87,1393.0,WARNING,High Voltage ⚠️,System Load Increasing,Normal
234.7,5.9,1385.0,NORMAL,System Normal ✅,System Load Increasing,Normal
215.8,4.95,1068.0,NORMAL,System Normal ✅,Stable,Normal
212.4,5.51,1170.0,NORMAL,System Normal ✅,Stable,Normal
222.4,4.49,999.0,NORMAL,System Normal ✅,Stable,Normal
228.0,5.86,1336.0,NORMAL,System Normal ✅,Stable,Normal
225.1,4.29,966.0,NORMAL,System Normal ✅,Stable,Normal
210.4,5.46,1149.0,NORMAL,System Normal ✅,Stable,Normal
227.8,5.44,1239.0,NORMAL,System Normal ✅,Stable,Normal
239.7,5.83,1397.0,CRITICAL,High Voltage ⚠️,System Load Increasing,Normal
213.5,4.45,950.0,NORMAL,System Normal ✅,Stable,Normal
225.8,5.27,1190.0,NORMAL,System Normal ✅,Stable,Normal
230.4,4.49,1034.0,NORMAL,System Normal ✅,System Load Increasing,Normal
237.9,5.17,1230.0,WARNING,High Voltage ⚠️,System Load Increasing,Normal
213.8,4.06,868.0,NORMAL,System Normal ✅,Stable,Normal
215.3,5.36,1154.0,NORMAL,System Normal ✅,Stable,Normal
218.3,4.6,1004.0,NORMAL,System Normal ✅,Collecting Data,Normal
221.2,5.87,1298.0,NORMAL,System Normal ✅,Collecting Data,Normal
215.6,4.23,912.0,NORMAL,System Normal ✅,Collecting Data,Normal
220.0,5.98,1316.0,NORMAL,System Normal ✅,Collecting Data,Normal
216.6,4.84,1048.0,NORMAL,System Normal ✅,Stable,Normal
226.9,4.23,960.0,NORMAL,System Normal ✅,System Load Increasing,Normal
221.6,5.52,1223.0,NORMAL,System Normal ✅,Stable,Normal
222.8,5.21,1161.0,NORMAL,System Normal ✅,Stable,Normal
220.6,4.94,1090.0,NORMAL,System Normal ✅,Collecting Data,Normal
212.9,5.5,1171.0,NORMAL,System Normal ✅,Collecting Data,Normal
235.5,5.64,1328.0,WARNING,High Voltage ⚠️,Collecting Data,Normal
221.2,4.6,1018.0,NORMAL,System Normal ✅,Collecting Data,Normal
223.9,5.84,1308.0,NORMAL,System Normal ✅,Collecting Data,Normal
213.3,4.53,966.0,NORMAL,System Normal ✅,Collecting Data,Normal
228.8,5.67,1297.0,NORMAL,System Normal ✅,Collecting Data,Normal
217.5,5.65,1229.0,NORMAL,System Normal ✅,Stable,Normal
224.5,4.21,945.0,NORMAL,System Normal ✅,Stable,Normal
232.2,5.71,1326.0,NORMAL,System Normal ✅,System Load Increasing,Normal
234.5,4.8,1126.0,NORMAL,System Normal ✅,System Load Increasing,Normal
232.9,4.69,1092.0,NORMAL,System Normal ✅,System Load Increasing,Normal
210.2,4.06,853.0,NORMAL,System Normal ✅,Stable,Normal
237.5,4.4,1045.0,WARNING,High Voltage ⚠️,System Load Increasing,Normal
224.2,5.4,1211.0,NORMAL,System Normal ✅,Stable,Normal
227.9,4.14,944.0,NORMAL,System Normal ✅,Stable,Normal
216.5,5.81,1258.0,NORMAL,System Normal ✅,Stable,Normal
229.5,4.45,1021.0,NORMAL,System Normal ✅,Stable,Normal
238.5,4.82,1150.0,CRITICAL,High Voltage ⚠️,System Load Increasing,Normal
225.2,5.9,1329.0,NORMAL,System Normal ✅,Stable,Normal
229.6,5.87,1348.0,NORMAL,System Normal ✅,Stable,Normal
225.4,4.45,1003.0,NORMAL,System Normal ✅,Stable,Normal
214.2,5.15,1103.0,NORMAL,System Normal ✅,Stable,Normal
229.5,4.71,1081.0,NORMAL,System Normal ✅,Stable,Normal
222.5,4.06,903.0,NORMAL,System Normal ✅,Stable,Normal
233.2,4.72,1101.0,NORMAL,System Normal ✅,System Load Increasing,Normal
223.8,5.74,1285.0,NORMAL,System Normal ✅,Stable,Normal
233.9,5.37,1256.0,NORMAL,System Normal ✅,System Load Increasing,Normal
216.7,5.55,1203.0,NORMAL,System Normal ✅,Stable,Normal
223.8,4.98,1115.0,NORMAL,System Normal ✅,Stable,Normal
224.1,5.87,1315.0,NORMAL,System Normal ✅,Stable,Normal
228.5,5.67,1296.0,NORMAL,System Normal ✅,Stable,Normal
213.7,5.56,1188.0,NORMAL,System Normal ✅,Stable,Normal
217.6,4.09,890.0,NORMAL,System Normal ✅,Stable,Normal
222.7,4.91,1093.0,NORMAL,System Normal ✅,Stable,Normal
234.7,4.62,1084.0,NORMAL,System Normal ✅,System Load Increasing,Normal
216.4,4.83,1045.0,NORMAL,System Normal ✅,Stable,Normal
240.0,5.15,1236.0,CRITICAL,High Voltage ⚠️,System Load Increasing,Normal
239.5,4.26,1020.0,CRITICAL,High Voltage ⚠️,System Load Increasing,Normal
217.2,5.34,1160.0,NORMAL,System Normal ✅,Stable,Normal
219.5,5.91,1297.0,NORMAL,System Normal ✅,Stable,Normal
229.5,4.66,1069.0,NORMAL,System Normal ✅,Stable,Normal
213.8,4.37,934.0,NORMAL,System Normal ✅,Stable,Normal
223.6,5.27,1178.0,NORMAL,System Normal ✅,Stable,Normal
236.1,4.59,1084.0,WARNING,High Voltage ⚠️,System Load Increasing,Normal
217.6,5.38,1171.0,NORMAL,System Normal ✅,Stable,Normal
217.6,4.17,907.0,NORMAL,System Normal ✅,Stable,Normal
218.3,4.02,878.0,NORMAL,System Normal ✅,Stable,Normal
215.2,4.07,876.0,NORMAL,System Normal ✅,Stable,Normal
221.6,4.18,926.0,NORMAL,System Normal ✅,Stable,Normal
227.8,4.57,1041.0,NORMAL,System Normal ✅,Stable,Normal
225.0,5.03,1132.0,NORMAL,System Normal ✅,Stable,Normal
212.8,4.53,964.0,NORMAL,System Normal ✅,Stable,Normal
227.3,4.51,1025.0,NORMAL,System Normal ✅,Stable,Normal
211.7,4.24,898.0,NORMAL,System Normal ✅,Stable,Normal
222.9,5.8,1293.0,NORMAL,System Normal ✅,Stable,Normal
215.6,5.43,1171.0,NORMAL,System Normal ✅,Stable,Normal
228.0,5.45,1243.0,NORMAL,System Normal ✅,System Load Increasing,Normal
218.4,5.54,1210.0,NORMAL,System Normal ✅,Stable,Normal
228.7,4.09,935.0,NORMAL,System Normal ✅,System Load Increasing,Normal
219.3,4.39,963.0,NORMAL,System Normal ✅,Stable,Normal
228.5,5.13,1172.0,NORMAL,System Normal ✅,System Load Increasing,Normal
216.4,4.7,1017.0,NORMAL,System Normal ✅,Stable,Normal
231.4,4.13,956.0,NORMAL,System Normal ✅,System Load Increasing,Normal
229.9,4.36,1002.0,NORMAL,System Normal ✅,System Load Increasing,Normal
235.7,4.17,983.0,WARNING,High Voltage ⚠️,System Load Increasing,Normal
219.5,4.78,1049.0,NORMAL,System Normal ✅,Stable,Normal
224.5,4.08,916.0,NORMAL,System Normal ✅,Stable,Normal
223.2,5.74,1281.0,NORMAL,System Normal ✅,Stable,Normal
211.3,4.4,930.0,NORMAL,System Normal ✅,Stable,Normal
235.7,5.95,1402.0,WARNING,High Voltage ⚠️,System Load Increasing,Normal
239.6,4.25,1018.0,CRITICAL,High Voltage ⚠️,System Load Increasing,Normal
210.3,5.37,1129.0,NORMAL,System Normal ✅,Stable,Normal
230.0,4.37,1005.0,NORMAL,System Normal ✅,System Load Increasing,Normal
233.8,5.29,1237.0,NORMAL,System Normal ✅,System Load Increasing,Normal
226.5,5.29,1198.0,NORMAL,System Normal ✅,Stable,Normal
224.7,5.1,1146.0,NORMAL,System Normal ✅,Stable,Normal
212.4,5.42,1151.0,NORMAL,System Normal ✅,Stable,Normal
226.8,5.87,1331.0,NORMAL,System Normal ✅,Stable,Normal
210.6,5.32,1120.0,NORMAL,System Normal ✅,Stable,Normal
211.1,5.89,1243.0,NORMAL,System Normal ✅,Stable,Normal
228.2,5.82,1328.0,NORMAL,System Normal ✅,Stable,Normal
231.0,5.63,1301.0,NORMAL,System Normal ✅,System Load Increasing,Normal
229.9,5.91,1359.0,NORMAL,System Normal ✅,System Load Increasing,Normal
230.9,5.45,1258.0,NORMAL,System Normal ✅,System Load Increasing,Normal
237.5,4.02,955.0,WARNING,High Voltage ⚠️,System Load Increasing,Normal
228.0,4.06,926.0,NORMAL,System Normal ✅,Stable,Normal
238.1,5.44,1295.0,CRITICAL,High Voltage ⚠️,System Load Increasing,Normal
211.5,5.82,1231.0,NORMAL,System Normal ✅,Stable,Normal
216.5,5.91,1280.0,NORMAL,System Normal ✅,Stable,Normal
217.5,5.94,1292.0,NORMAL,System Normal ✅,Stable,Normal
211.7,4.37,925.0,NORMAL,System Normal ✅,Stable,Normal
231.5,4.98,1153.0,NORMAL,System Normal ✅,System Load Increasing,Normal
223.6,4.43,991.0,NORMAL,System Normal ✅,Stable,Normal
223.7,5.99,1340.0,NORMAL,System Normal ✅,Stable,Normal
238.5,5.94,1417.0,CRITICAL,High Voltage ⚠️,System Load Increasing,Normal
232.5,5.61,1304.0,NORMAL,System Normal ✅,System Load Increasing,Normal
212.8,5.29,1126.0,NORMAL,System Normal ✅,Stable,Normal
237.0,4.71,1116.0,WARNING,High Voltage ⚠️,System Load Increasing,Normal
231.0,5.8,1340.0,NORMAL,System Normal ✅,Stable,Normal
230.9,5.39,1245.0,NORMAL,System Normal ✅,Stable,Normal
223.1,5.1,1138.0,NORMAL,System Normal ✅,Stable,Normal
239.0,5.69,1360.0,CRITICAL,High Voltage ⚠️,System Load Increasing,Normal
238.6,4.38,1045.0,CRITICAL,High Voltage ⚠️,System Load Increasing,Normal
231.9,5.63,1306.0,NORMAL,System Normal ✅,Stable,Normal
229.7,4.92,1130.0,NORMAL,System Normal ✅,Stable,Normal
229.5,4.21,966.0,NORMAL,System Normal ✅,Stable,Normal
238.6,5.44,1298.0,CRITICAL,High Voltage ⚠️,System Load Increasing,Normal
221.1,4.1,907.0,NORMAL,System Normal ✅,Stable,Normal
227.9,4.73,1078.0,NORMAL,System Normal ✅,Stable,Normal
238.2,4.22,1005.0,CRITICAL,High Voltage ⚠️,System Load Increasing,Normal
234.7,5.09,1195.0,NORMAL,System Normal ✅,Stable,Normal
238.7,4.96,1184.0,CRITICAL,High Voltage ⚠️,System Load Increasing,Normal
228.7,5.57,1274.0,NORMAL,System Normal ✅,Stable,Normal
229.2,4.01,919.0,NORMAL,System Normal ✅,Stable,Normal
210.3,5.94,1249.0,NORMAL,System Normal ✅,Voltage Spike Risk,Anomaly 🚨
227.7,4.25,968.0,NORMAL,System Normal ✅,Stable,Normal
222.1,5.1,1133.0,NORMAL,System Normal ✅,Stable,Normal
239.3,4.2,1005.0,CRITICAL,High Voltage ⚠️,System Load Increasing,Normal
227.3,4.14,941.0,NORMAL,System Normal ✅,Stable,Normal
238.6,4.13,985.0,CRITICAL,High Voltage ⚠️,System Load Increasing,Normal
234.4,5.18,1214.0,NORMAL,System Normal ✅,Stable,Normal
218.6,4.48,979.0,NORMAL,System Normal ✅,Stable,Normal
239.9,5.02,1204.0,CRITICAL,High Voltage ⚠️,System Load Increasing,Normal
215.5,5.07,1093.0,NORMAL,System Normal ✅,Stable,Normal
236.6,5.46,1292.0,WARNING,High Voltage ⚠️,System Load Increasing,Normal
227.6,5.39,1227.0,NORMAL,System Normal ✅,Stable,Normal
211.9,5.32,1127.0,NORMAL,System Normal ✅,Stable,Normal
225.4,5.66,1276.0,NORMAL,System Normal ✅,Stable,Normal
236.2,5.96,1408.0,WARNING,High Voltage ⚠️,System Load Increasing,Normal
213.4,5.78,1233.0,NORMAL,System Normal ✅,Stable,Normal
238.7,4.97,1186.0,CRITICAL,High Voltage ⚠️,System Load Increasing,Normal
239.6,5.88,1409.0,CRITICAL,High Voltage ⚠️,System Load Increasing,Normal
221.4,4.87,1078.0,NORMAL,System Normal ✅,Stable,Normal
238.7,4.92,1174.0,CRITICAL,High Voltage ⚠️,System Load Increasing,Normal
212.5,5.55,1179.0,NORMAL,System Normal ✅,Stable,Normal
217.7,4.01,873.0,NORMAL,System Normal ✅,Stable,Normal
212.8,5.61,1194.0,NORMAL,System Normal ✅,Stable,Normal
228.1,4.77,1088.0,NORMAL,System Normal ✅,Stable,Normal
233.5,4.89,1142.0,NORMAL,System Normal ✅,System Load Increasing,Normal
239.7,4.08,978.0,CRITICAL,High Voltage ⚠️,System Load Increasing,Normal
235.4,4.88,1149.0,WARNING,High Voltage ⚠️,System Load Increasing,Normal
223.3,4.83,1079.0,NORMAL,System Normal ✅,Stable,Normal
232.7,5.76,1340.0,NORMAL,System Normal ✅,System Load Increasing,Normal
221.8,5.42,1202.0,NORMAL,System Normal ✅,Stable,Normal
237.0,5.78,1370.0,WARNING,High Voltage ⚠️,System Load Increasing,Normal
223.8,5.51,1233.0,NORMAL,System Normal ✅,Stable,Normal
215.2,4.63,996.0,NORMAL,System Normal ✅,Stable,Normal
228.2,5.98,1365.0,NORMAL,System Normal ✅,Stable,Normal
216.5,4.62,1000.0,NORMAL,System Normal ✅,Stable,Normal
229.3,4.95,1135.0,NORMAL,System Normal ✅,Stable,Normal
222.1,5.44,1208.0,NORMAL,System Normal ✅,Stable,Normal
230.0,4.3,989.0,NORMAL,System Normal ✅,Stable,Normal
230.3,5.33,1227.0,NORMAL,System Normal ✅,Stable,Normal
221.3,5.74,1270.0,NORMAL,System Normal ✅,Stable,Normal
212.4,5.97,1268.0,NORMAL,System Normal ✅,Stable,Normal
219.9,4.07,895.0,NORMAL,System Normal ✅,Stable,Normal
216.9,4.89,1061.0,NORMAL,System Normal ✅,Stable,Normal
217.2,4.85,1053.0,NORMAL,System Normal ✅,Stable,Normal
222.0,4.81,1068.0,NORMAL,System Normal ✅,Stable,Normal
225.4,4.81,1084.0,NORMAL,System Normal ✅,Stable,Normal
224.3,5.07,1137.0,NORMAL,System Normal ✅,Stable,Normal
210.1,4.97,1044.0,NORMAL,System Normal ✅,Stable,Normal
237.3,4.82,1144.0,WARNING,High Voltage ⚠️,System Load Increasing,Normal
216.9,5.01,1087.0,NORMAL,System Normal ✅,Stable,Normal
236.5,5.64,1334.0,WARNING,High Voltage ⚠️,System Load Increasing,Normal
223.1,4.5,1004.0,NORMAL,System Normal ✅,Stable,Normal
221.5,5.27,1167.0,NORMAL,System Normal ✅,Stable,Normal
211.4,5.09,1076.0,NORMAL,System Normal ✅,Stable,Normal
219.4,4.34,952.0,NORMAL,System Normal ✅,Stable,Normal
228.1,4.45,1015.0,NORMAL,System Normal ✅,System Load Increasing,Normal
213.5,5.88,1255.0,NORMAL,System Normal ✅,Stable,Normal
210.0,5.03,1056.0,NORMAL,System Normal ✅,Stable,Normal
238.4,5.22,1244.0,CRITICAL,High Voltage ⚠️,System Load Increasing,Normal
236.2,4.65,1098.0,WARNING,High Voltage ⚠️,System Load Increasing,Normal
214.0,5.35,1145.0,NORMAL,System Normal ✅,Stable,Normal
224.1,5.78,1295.0,NORMAL,System Normal ✅,Stable,Normal
229.3,4.8,1101.0,NORMAL,System Normal ✅,System Load Increasing,Normal
215.1,5.92,1273.0,NORMAL,System Normal ✅,Stable,Normal
236.0,4.95,1168.0,WARNING,High Voltage ⚠️,System Load Increasing,Normal
220.5,5.1,1125.0,NORMAL,System Normal ✅,Stable,Normal
232.5,5.49,1276.0,NORMAL,System Normal ✅,System Load Increasing,Normal
216.1,4.34,938.0,NORMAL,System Normal ✅,Stable,Normal
227.9,4.18,953.0,NORMAL,System Normal ✅,Stable,Normal
235.4,4.52,1064.0,WARNING,High Voltage ⚠️,System Load Increasing,Normal
227.3,5.25,1193.0,NORMAL,System Normal ✅,Stable,Normal
215.2,4.81,1035.0,NORMAL,System Normal ✅,Stable,Normal
219.1,4.6,1008.0,NORMAL,System Normal ✅,Stable,Normal
229.8,5.74,1319.0,NORMAL,System Normal ✅,System Load Increasing,Normal
239.7,4.64,1112.0,CRITICAL,High Voltage ⚠️,System Load Increasing,Normal
236.8,4.55,1077.0,WARNING,High Voltage ⚠️,System Load Increasing,Normal
225.0,4.89,1100.0,NORMAL,System Normal ✅,Stable,Normal
235.5,5.18,1220.0,WARNING,High Voltage ⚠️,System Load Increasing,Normal
221.9,5.71,1267.0,NORMAL,System Normal ✅,Stable,Normal
234.3,5.77,1352.0,NORMAL,System Normal ✅,System Load Increasing,Normal
212.4,5.34,1134.0,NORMAL,System Normal ✅,Stable,Normal
233.1,5.76,1343.0,NORMAL,System Normal ✅,System Load Increasing,Normal
230.1,5.01,1153.0,NORMAL,System Normal ✅,Stable,Normal
237.0,4.01,950.0,WARNING,High Voltage ⚠️,System Load Increasing,Normal
239.2,4.96,1186.0,CRITICAL,High Voltage ⚠️,System Load Increasing,Normal
232.1,4.7,1091.0,NORMAL,System Normal ✅,Stable,Normal
214.8,4.07,874.0,NORMAL,System Normal ✅,Stable,Normal
225.8,4.55,1027.0,NORMAL,System Normal ✅,Stable,Normal
217.9,4.47,974.0,NORMAL,System Normal ✅,Stable,Normal
215.9,5.68,1226.0,NORMAL,System Normal ✅,Stable,Normal
235.1,4.67,1098.0,WARNING,High Voltage ⚠️,System Load Increasing,Normal
214.5,5.4,1158.0,NORMAL,System Normal ✅,Stable,Normal
212.6,5.5,1169.0,NORMAL,System Normal ✅,Stable,Normal
222.2,4.64,1031.0,NORMAL,System Normal ✅,Stable,Normal
212.4,4.84,1028.0,NORMAL,System Normal ✅,Stable,Normal
223.4,4.01,896.0,NORMAL,System Normal ✅,Stable,Normal
223.8,4.91,1099.0,NORMAL,System Normal ✅,Stable,Normal
212.0,4.48,950.0,NORMAL,System Normal ✅,Stable,Normal
219.1,4.81,1054.0,NORMAL,System Normal ✅,Stable,Normal
233.3,4.29,1001.0,NORMAL,System Normal ✅,System Load Increasing,Normal
225.1,5.56,1252.0,NORMAL,System Normal ✅,Stable,Normal
234.7,4.31,1012.0,NORMAL,System Normal ✅,System Load Increasing,Normal
213.4,5.39,1150.0,NORMAL,System Normal ✅,Stable,Normal
223.2,5.2,1161.0,NORMAL,System Normal ✅,Stable,Normal
227.8,5.11,1164.0,NORMAL,System Normal ✅,System Load Increasing,Normal
219.7,5.76,1265.0,NORMAL,System Normal ✅,Stable,Normal
234.5,4.22,990.0,NORMAL,System Normal ✅,System Load Increasing,Normal
239.1,4.42,1057.0,CRITICAL,High Voltage ⚠️,System Load Increasing,Normal
223.6,4.42,988.0,NORMAL,System Normal ✅,Stable,Normal
221.1,4.77,1055.0,NORMAL,System Normal ✅,Stable,Normal
222.0,5.26,1168.0,NORMAL,System Normal ✅,Stable,Normal
229.5,5.54,1271.0,NORMAL,System Normal ✅,System Load Increasing,Normal
225.1,5.1,1148.0,NORMAL,System Normal ✅,Stable,Normal
221.0,5.12,1132.0,NORMAL,System Normal ✅,Stable,Normal
219.1,5.76,1262.0,NORMAL,System Normal ✅,Stable,Normal
239.7,4.81,1153.0,CRITICAL,High Voltage ⚠️,System Load Increasing,Normal
225.5,4.01,904.0,NORMAL,System Normal ✅,Stable,Normal
233.8,5.5,1286.0,NORMAL,System Normal ✅,System Load Increasing,Normal
219.5,4.35,955.0,NORMAL,System Normal ✅,Stable,Normal
231.4,5.61,1298.0,NORMAL,System Normal ✅,Stable,Normal
224.6,4.23,950.0,NORMAL,System Normal ✅,Stable,Normal
239.5,4.46,1068.0,CRITICAL,High Voltage ⚠️,System Load Increasing,Normal
229.1,5.59,1281.0,NORMAL,System Normal ✅,Stable,Normal
222.0,5.19,1152.0,NORMAL,System Normal ✅,Stable,Normal
228.4,4.51,1030.0,NORMAL,System Normal ✅,Stable,Normal
212.6,4.01,853.0,NORMAL,System Normal ✅,Stable,Normal
215.4,5.61,1208.0,NORMAL,System Normal ✅,Stable,Normal
214.9,4.6,989.0,NORMAL,System Normal ✅,Stable,Normal
229.7,4.46,1024.0,NORMAL,System Normal ✅,Stable,Normal
231.7,4.18,969.0,NORMAL,System Normal ✅,System Load Increasing,Normal
235.7,4.28,1009.0,WARNING,High Voltage ⚠️,System Load Increasing,Normal
211.4,5.96,1260.0,NORMAL,System Normal ✅,Stable,Normal
236.3,5.73,1354.0,WARNING,High Voltage ⚠️,System Load Increasing,Normal
218.5,5.28,1154.0,NORMAL,System Normal ✅,Stable,Normal
231.9,5.93,1375.0,NORMAL,System Normal ✅,System Load Increasing,Normal
216.2,5.93,1282.0,NORMAL,System Normal ✅,Stable,Normal
223.0,5.96,1329.0,NORMAL,System Normal ✅,Stable,Normal
220.7,4.43,978.0,NORMAL,System Normal ✅,Stable,Normal
229.9,4.04,929.0,NORMAL,System Normal ✅,Stable,Normal
211.0,5.19,1095.0,NORMAL,System Normal ✅,Stable,Normal
223.6,4.93,1102.0,NORMAL,System Normal ✅,Stable,Normal
225.4,4.22,951.0,NORMAL,System Normal ✅,Stable,Normal
237.2,5.77,1369.0,WARNING,High Voltage ⚠️,System Load Increasing,Normal
231.7,5.45,1263.0,NORMAL,System Normal ✅,System Load Increasing,Normal
210.0,4.14,869.0,NORMAL,System Normal ✅,Stable,Normal
236.9,5.39,1277.0,WARNING,High Voltage ⚠️,System Load Increasing,Normal
213.3,4.35,928.0,NORMAL,System Normal ✅,Stable,Normal
231.7,4.3,996.0,NORMAL,System Normal ✅,System Load Increasing,Normal
225.2,4.14,932.0,NORMAL,System Normal ✅,Stable,Normal
229.8,5.25,1206.0,NORMAL,System Normal ✅,Stable,Normal
239.2,5.8,1387.0,CRITICAL,High Voltage ⚠️,System Load Increasing,Normal
232.9,4.85,1130.0,NORMAL,System Normal ✅,System Load Increasing,Normal
211.2,5.62,1187.0,NORMAL,System Normal ✅,Stable,Normal
225.7,5.56,1255.0,NORMAL,System Normal ✅,Stable,Normal
238.1,4.42,1052.0,CRITICAL,High Voltage ⚠️,System Load Increasing,Normal
219.4,5.49,1205.0,NORMAL,System Normal ✅,Stable,Normal
221.7,4.63,1026.0,NORMAL,System Normal ✅,Stable,Normal
214.3,5.71,1224.0,NORMAL,System Normal ✅,Stable,Normal
233.6,5.12,1196.0,NORMAL,System Normal ✅,System Load Increasing,Normal
218.5,4.89,1068.0,NORMAL,System Normal ✅,Stable,Normal
215.7,4.37,943.0,NORMAL,System Normal ✅,Stable,Normal
220.9,4.17,921.0,NORMAL,System Normal ✅,Stable,Normal
227.4,5.15,1171.0,NORMAL,System Normal ✅,Stable,Normal
221.7,5.82,1290.0,NORMAL,System Normal ✅,Stable,Normal
223.4,5.79,1293.0,NORMAL,System Normal ✅,Stable,Normal
211.4,5.52,1167.0,NORMAL,System Normal ✅,Stable,Normal
227.9,5.23,1192.0,NORMAL,System Normal ✅,Stable,Normal
228.6,5.53,1264.0,NORMAL,System Normal ✅,Stable,Normal
219.6,5.14,1129.0,NORMAL,System Normal ✅,Stable,Normal
235.1,4.74,1114.0,WARNING,High Voltage ⚠️,System Load Increasing,Normal
237.0,4.23,1003.0,WARNING,High Voltage ⚠️,System Load Increasing,Normal
228.5,4.81,1099.0,NORMAL,System Normal ✅,Stable,Normal
221.0,5.92,1308.0,NORMAL,System Normal ✅,Stable,Normal
220.4,5.04,1111.0,NORMAL,System Normal ✅,Stable,Normal
235.6,4.78,1126.0,WARNING,High Voltage ⚠️,System Load Increasing,Normal
215.1,4.3,925.0,NORMAL,System Normal ✅,Stable,Normal
233.4,5.37,1253.0,NORMAL,System Normal ✅,System Load Increasing,Normal
236.5,4.92,1164.0,WARNING,High Voltage ⚠️,System Load Increasing,Normal
230.6,4.78,1102.0,NORMAL,System Normal ✅,System Load Increasing,Normal
233.1,4.19,977.0,NORMAL,System Normal ✅,System Load Increasing,Normal
233.7,5.33,1246.0,NORMAL,System Normal ✅,System Load Increasing,Normal
230.9,4.85,1120.0,NORMAL,System Normal ✅,Stable,Normal
224.2,4.1,919.0,NORMAL,System Normal ✅,Stable,Normal
211.3,5.59,1181.0,NORMAL,System Normal ✅,Stable,Normal
215.1,5.07,1091.0,NORMAL,System Normal ✅,Stable,Normal
214.8,5.4,1160.0,NORMAL,System Normal ✅,Stable,Normal
235.0,5.64,1325.0,NORMAL,System Normal ✅,System Load Increasing,Normal
218.8,5.56,1217.0,NORMAL,System Normal ✅,Stable,Normal
237.4,5.53,1313.0,WARNING,High Voltage ⚠️,System Load Increasing,Normal
228.2,4.59,1047.0,NORMAL,System Normal ✅,Stable,Normal
211.4,5.14,1087.0,NORMAL,System Normal ✅,Stable,Normal
233.1,5.31,1238.0,NORMAL,System Normal ✅,System Load Increasing,Normal
214.6,5.49,1178.0,NORMAL,System Normal ✅,Stable,Normal
217.4,4.6,1000.0,NORMAL,System Normal ✅,Stable,Normal
219.3,5.17,1134.0,NORMAL,System Normal ✅,Stable,Normal
232.9,5.04,1174.0,NORMAL,System Normal ✅,System Load Increasing,Normal
230.8,5.62,1297.0,NORMAL,System Normal ✅,System Load Increasing,Normal
220.4,5.42,1195.0,NORMAL,System Normal ✅,Stable,Normal
237.7,5.46,1298.0,WARNING,High Voltage ⚠️,System Load Increasing,Normal
239.2,5.55,1328.0,CRITICAL,High Voltage ⚠️,System Load Increasing,Normal
236.9,5.58,1322.0,WARNING,High Voltage ⚠️,System Load Increasing,Normal
227.6,5.03,1145.0,NORMAL,System Normal ✅,Stable,Normal
229.9,5.11,1175.0,NORMAL,System Normal ✅,Stable,Normal
239.9,5.23,1255.0,CRITICAL,High Voltage ⚠️,System Load Increasing,Normal
239.9,4.21,1010.0,CRITICAL,High Voltage ⚠️,System Load Increasing,Normal
214.2,4.22,904.0,NORMAL,System Normal ✅,Stable,Normal
225.5,5.88,1326.0,NORMAL,System Normal ✅,Stable,Normal
235.3,4.81,1132.0,WARNING,High Voltage ⚠️,System Load Increasing,Normal
216.6,4.71,1020.0,NORMAL,System Normal ✅,Stable,Normal
216.0,5.69,1229.0,NORMAL,System Normal ✅,Stable,Normal
217.3,4.24,921.0,NORMAL,System Normal ✅,Stable,Normal
212.8,4.19,892.0,NORMAL,System Normal ✅,Stable,Normal
227.6,5.17,1177.0,NORMAL,System Normal ✅,Stable,Normal
224.6,4.66,1047.0,NORMAL,System Normal ✅,Stable,Normal
212.1,5.01,1063.0,NORMAL,System Normal ✅,Stable,Normal
222.4,4.3,956.0,NORMAL,System Normal ✅,Stable,Normal
233.4,5.06,1181.0,NORMAL,System Normal ✅,System Load Increasing,Normal
234.5,4.91,1151.0,NORMAL,System Normal ✅,System Load Increasing,Normal
213.5,5.23,1117.0,NORMAL,System Normal ✅,Stable,Normal
227.8,4.41,1005.0,NORMAL,System Normal ✅,Stable,Normal
238.4,5.93,1414.0,CRITICAL,High Voltage ⚠️,System Load Increasing,Normal
217.0,4.78,1037.0,NORMAL,System Normal ✅,Stable,Normal
237.0,4.21,998.0,WARNING,High Voltage ⚠️,System Load Increasing,Normal
238.4,4.12,982.0,CRITICAL,High Voltage ⚠️,System Load Increasing,Normal
229.5,4.8,1102.0,NORMAL,System Normal ✅,Stable,Normal
233.3,4.27,996.0,NORMAL,System Normal ✅,System Load Increasing,Normal
226.7,5.07,1149.0,NORMAL,System Normal ✅,Stable,Normal
211.5,4.38,926.0,NORMAL,System Normal ✅,Stable,Normal
216.9,4.19,909.0,NORMAL,System Normal ✅,Stable,Normal
221.7,4.97,1102.0,NORMAL,System Normal ✅,Stable,Normal
210.6,5.02,1057.0,NORMAL,System Normal ✅,Stable,Normal
218.7,4.89,1069.0,NORMAL,System Normal ✅,Stable,Normal
214.1,5.75,1231.0,NORMAL,System Normal ✅,Stable,Normal
235.6,4.65,1096.0,WARNING,High Voltage ⚠️,System Load Increasing,Normal
225.2,4.46,1004.0,NORMAL,System Normal ✅,Stable,Normal
235.1,5.88,1382.0,WARNING,High Voltage ⚠️,System Load Increasing,Normal
215.6,4.82,1039.0,NORMAL,System Normal ✅,Stable,Normal
219.1,5.04,1104.0,NORMAL,System Normal ✅,Stable,Normal
222.2,5.92,1315.0,NORMAL,System Normal ✅,Stable,Normal
232.7,5.0,1164.0,NORMAL,System Normal ✅,System Load Increasing,Normal
238.1,5.07,1207.0,CRITICAL,High Voltage ⚠️,System Load Increasing,Normal
219.6,5.11,1122.0,NORMAL,System Normal ✅,Stable,Normal
224.5,5.35,1201.0,NORMAL,System Normal ✅,Stable,Normal
224.5,5.34,1199.0,NORMAL,System Normal ✅,Stable,Normal
210.6,4.02,847.0,NORMAL,System Normal ✅,Stable,Normal
222.8,5.69,1268.0,NORMAL,System Normal ✅,Stable,Normal
236.5,4.09,967.0,WARNING,High Voltage ⚠️,System Load Increasing,Normal
214.5,4.59,985.0,NORMAL,System Normal ✅,Stable,Normal
212.8,5.49,1168.0,NORMAL,System Normal ✅,Stable,Normal
233.0,4.45,1037.0,NORMAL,System Normal ✅,System Load Increasing,Normal
221.6,5.26,1166.0,NORMAL,System Normal ✅,Stable,Normal
221.8,4.34,963.0,NORMAL,System Normal ✅,Stable,Normal
211.3,5.85,1236.0,NORMAL,System Normal ✅,Stable,Normal
221.7,5.13,1137.0,NORMAL,System Normal ✅,Stable,Normal
217.5,4.6,1000.0,NORMAL,System Normal ✅,Stable,Normal
236.5,5.61,1327.0,WARNING,High Voltage ⚠️,System Load Increasing,Normal
239.4,5.74,1374.0,CRITICAL,High Voltage ⚠️,System Load Increasing,Normal
228.6,5.86,1340.0,NORMAL,System Normal ✅,Stable,Normal
238.4,5.78,1378.0,CRITICAL,High Voltage ⚠️,System Load Increasing,Normal
227.4,4.53,1030.0,NORMAL,System Normal ✅,Stable,Normal
212.7,4.66,991.0,NORMAL,System Normal ✅,Stable,Normal
235.5,4.92,1159.0,WARNING,High Voltage ⚠️,System Load Increasing,Normal
216.7,5.73,1242.0,NORMAL,System Normal ✅,Stable,Normal
224.0,4.35,974.0,NORMAL,System Normal ✅,Stable,Normal
233.3,5.16,1204.0,NORMAL,System Normal ✅,System Load Increasing,Normal
230.8,4.29,990.0,NORMAL,System Normal ✅,System Load Increasing,Normal
228.1,4.46,1017.0,NORMAL,System Normal ✅,Stable,Normal
233.2,4.94,1152.0,NORMAL,System Normal ✅,System Load Increasing,Normal
229.3,4.34,995.0,NORMAL,System Normal ✅,Stable,Normal
234.6,5.49,1288.0,NORMAL,System Normal ✅,System Load Increasing,Normal
237.6,4.66,1107.0,WARNING,High Voltage ⚠️,System Load Increasing,Normal
226.1,4.56,1031.0,NORMAL,System Normal ✅,Stable,Normal
211.3,5.26,1111.0,NORMAL,System Normal ✅,Stable,Normal
232.6,4.41,1026.0,NORMAL,System Normal ✅,Stable,Normal
237.9,4.51,1073.0,WARNING,High Voltage ⚠️,System Load Increasing,Normal
238.1,4.36,1038.0,CRITICAL,High Voltage ⚠️,System Load Increasing,Normal
236.4,5.15,1217.0,WARNING,High Voltage ⚠️,System Load Increasing,Normal
222.5,4.72,1050.0,NORMAL,System Normal ✅,Stable,Normal
221.5,5.91,1309.0,NORMAL,System Normal ✅,Stable,Normal
237.1,5.24,1242.0,WARNING,High Voltage ⚠️,System Load Increasing,Normal
217.5,4.86,1057.0,NORMAL,System Normal ✅,Stable,Normal
216.2,4.12,891.0,NORMAL,System Normal ✅,Stable,Normal
212.9,4.44,945.0,NORMAL,System Normal ✅,Stable,Normal
236.3,5.53,1307.0,WARNING,High Voltage ⚠️,System Load Increasing,Normal
223.4,5.27,1177.0,NORMAL,System Normal ✅,Stable,Normal
211.4,5.12,1082.0,NORMAL,System Normal ✅,Stable,Normal
230.6,4.96,1144.0,NORMAL,System Normal ✅,Stable,Normal
215.6,5.89,1270.0,NORMAL,System Normal ✅,Stable,Normal
237.0,4.46,1057.0,WARNING,High Voltage ⚠️,System Load Increasing,Normal
215.1,4.22,908.0,NORMAL,System Normal ✅,Stable,Normal
231.1,5.85,1352.0,NORMAL,System Normal ✅,System Load Increasing,Normal
239.0,4.95,1183.0,CRITICAL,High Voltage ⚠️,System Load Increasing,Normal
220.2,5.14,1132.0,NORMAL,System Normal ✅,Stable,Normal
223.2,5.9,1317.0,NORMAL,System Normal ✅,Stable,Normal
219.1,5.54,1214.0,NORMAL,System Normal ✅,Stable,Normal
219.4,4.69,1029.0,NORMAL,System Normal ✅,Stable,Normal
222.5,4.82,1072.0,NORMAL,System Normal ✅,Stable,Normal
236.4,4.5,1064.0,WARNING,High Voltage ⚠️,System Load Increasing,Normal
232.5,4.15,965.0,NORMAL,System Normal ✅,System Load Increasing,Normal
229.3,4.56,1046.0,NORMAL,System Normal ✅,Stable,Normal
235.4,4.49,1057.0,WARNING,High Voltage ⚠️,System Load Increasing,Normal
226.3,4.53,1025.0,NORMAL,System Normal ✅,Stable,Normal
217.0,4.04,877.0,NORMAL,System Normal ✅,Stable,Normal
234.1,4.74,1110.0,NORMAL,System Normal ✅,System Load Increasing,Normal
222.2,5.72,1271.0,NORMAL,System Normal ✅,Stable,Normal
221.9,5.69,1263.0,NORMAL,System Normal ✅,Stable,Normal
235.6,5.19,1223.0,WARNING,High Voltage ⚠️,System Load Increasing,Normal
235.9,4.33,1021.0,WARNING,High Voltage ⚠️,System Load Increasing,Normal
232.7,4.46,1038.0,NORMAL,System Normal ✅,System Load Increasing,Normal
240.0,5.38,1291.0,CRITICAL,High Voltage ⚠️,System Load Increasing,Normal
238.2,4.65,1108.0,CRITICAL,High Voltage ⚠️,System Load Increasing,Normal
210.9,4.15,875.0,NORMAL,System Normal ✅,Voltage Spike Risk,Anomaly 🚨
230.8,5.49,1267.0,NORMAL,System Normal ✅,Stable,Normal
222.4,4.69,1043.0,NORMAL,System Normal ✅,Stable,Normal
227.5,5.14,1169.0,NORMAL,System Normal ✅,Stable,Normal
215.4,4.32,931.0,NORMAL,System Normal ✅,Stable,Normal
233.0,5.84,1361.0,NORMAL,System Normal ✅,Stable,Normal
217.7,5.62,1223.0,NORMAL,System Normal ✅,Stable,Normal
233.9,5.5,1286.0,NORMAL,System Normal ✅,System Load Increasing,Normal
216.0,5.94,1283.0,NORMAL,System Normal ✅,Stable,Normal
237.5,5.29,1256.0,WARNING,High Voltage ⚠️,System Load Increasing,Normal
221.5,5.45,1207.0,NORMAL,System Normal ✅,Stable,Normal
224.0,4.64,1039.0,NORMAL,System Normal ✅,Stable,Normal
232.6,5.53,1286.0,NORMAL,System Normal ✅,System Load Increasing,Normal
221.0,5.77,1275.0,NORMAL,System Normal ✅,Stable,Normal
231.5,4.6,1065.0,NORMAL,System Normal ✅,Stable,Normal
223.0,5.7,1271.0,NORMAL,System Normal ✅,Stable,Normal
228.7,4.91,1123.0,NORMAL,System Normal ✅,Stable,Normal
226.8,4.66,1057.0,NORMAL,System Normal ✅,Stable,Normal
232.7,4.16,968.0,NORMAL,System Normal ✅,System Load Increasing,Normal
239.1,4.72,1129.0,CRITICAL,High Voltage ⚠️,System Load Increasing,Normal
228.8,5.66,1295.0,NORMAL,System Normal ✅,Stable,Normal
229.7,4.21,967.0,NORMAL,System Normal ✅,Stable,Normal
239.1,4.29,1026.0,CRITICAL,High Voltage ⚠️,System Load Increasing,Normal
231.2,4.3,994.0,NORMAL,System Normal ✅,Stable,Normal
225.1,4.25,957.0,NORMAL,System Normal ✅,Stable,Normal
224.7,4.43,995.0,NORMAL,System Normal ✅,Stable,Normal
226.4,4.97,1125.0,NORMAL,System Normal ✅,Stable,Normal
235.2,5.42,1275.0,WARNING,High Voltage ⚠️,System Load Increasing,Normal
210.9,4.47,943.0,NORMAL,System Normal ✅,Voltage Spike Risk,Anomaly 🚨
237.8,5.2,1237.0,WARNING,High Voltage ⚠️,System Load Increasing,Normal
221.3,5.37,1188.0,NORMAL,System Normal ✅,Stable,Normal
215.2,4.68,1007.0,NORMAL,System Normal ✅,Stable,Normal
236.9,5.18,1227.0,WARNING,High Voltage ⚠️,System Load Increasing,Normal
231.1,4.94,1142.0,NORMAL,System Normal ✅,Stable,Normal
236.3,5.47,1293.0,WARNING,High Voltage ⚠️,System Load Increasing,Normal
217.0,4.21,914.0,NORMAL,System Normal ✅,Stable,Normal
213.6,5.12,1094.0,NORMAL,System Normal ✅,Stable,Normal
238.0,5.28,1257.0,WARNING,High Voltage ⚠️,System Load Increasing,Normal
210.3,4.49,944.0,NORMAL,System Normal ✅,Stable,Normal
220.6,5.92,1306.0,NORMAL,System Normal ✅,Stable,Normal
230.3,5.21,1200.0,NORMAL,System Normal ✅,Stable,Normal
225.0,5.8,1305.0,NORMAL,System Normal ✅,Stable,Normal
233.6,5.78,1350.0,NORMAL,System Normal ✅,System Load Increasing,Normal
226.0,4.24,958.0,NORMAL,System Normal ✅,Stable,Normal
237.9,4.75,1130.0,WARNING,High Voltage ⚠️,System Load Increasing,Normal
214.6,5.33,1144.0,NORMAL,System Normal ✅,Stable,Normal
225.5,4.84,1091.0,NORMAL,System Normal ✅,Stable,Normal
230.6,5.44,1254.0,NORMAL,System Normal ✅,Stable,Normal
230.4,4.75,1094.0,NORMAL,System Normal ✅,Stable,Normal
218.2,5.41,1180.0,NORMAL,System Normal ✅,Stable,Normal
212.2,5.33,1131.0,NORMAL,System Normal ✅,Stable,Normal
214.6,5.07,1088.0,NORMAL,System Normal ✅,Stable,Normal
213.3,5.83,1244.0,NORMAL,System Normal ✅,Stable,Normal
222.2,5.57,1238.0,NORMAL,System Normal ✅,Stable,Normal
229.4,5.8,1331.0,NORMAL,System Normal ✅,System Load Increasing,Normal
211.4,5.95,1258.0,NORMAL,System Normal ✅,Stable,Normal
217.6,4.09,890.0,NORMAL,System Normal ✅,Stable,Normal
215.7,5.35,1154.0,NORMAL,System Normal ✅,Stable,Normal
222.3,5.04,1120.0,NORMAL,System Normal ✅,Stable,Normal
225.5,4.88,1100.0,NORMAL,System Normal ✅,Stable,Normal
229.0,4.63,1060.0,NORMAL,System Normal ✅,System Load Increasing,Normal
235.5,4.95,1166.0,WARNING,High Voltage ⚠️,System Load Increasing,Normal
212.1,4.35,923.0,NORMAL,System Normal ✅,Stable,Normal
229.5,5.73,1315.0,NORMAL,System Normal ✅,System Load Increasing,Normal
228.9,4.85,1110.0,NORMAL,System Normal ✅,System Load Increasing,Normal
222.3,5.02,1116.0,NORMAL,System Normal ✅,Stable,Normal
231.5,5.67,1313.0,NORMAL,System Normal ✅,System Load Increasing,Normal
210.1,4.48,941.0,NORMAL,System Normal ✅,Stable,Normal
212.1,5.66,1200.0,NORMAL,System Normal ✅,Stable,Normal
219.8,5.54,1218.0,NORMAL,System Normal ✅,Stable,Normal
226.2,4.43,1002.0,NORMAL,System Normal ✅,Stable,Normal
235.3,4.03,948.0,WARNING,High Voltage ⚠️,System Load Increasing,Normal
210.1,4.22,887.0,NORMAL,System Normal ✅,Stable,Normal
233.0,5.51,1284.0,NORMAL,System Normal ✅,System Load Increasing,Normal
221.3,5.0,1106.0,NORMAL,System Normal ✅,Stable,Normal
214.3,4.33,928.0,NORMAL,System Normal ✅,Stable,Normal
211.9,5.51,1168.0,NORMAL,System Normal ✅,Stable,Normal
229.6,5.32,1221.0,NORMAL,System Normal ✅,System Load Increasing,Normal
212.0,5.04,1068.0,NORMAL,System Normal ✅,Stable,Normal
216.3,4.7,1017.0,NORMAL,System Normal ✅,Stable,Normal
227.2,4.88,1109.0,NORMAL,System Normal ✅,System Load Increasing,Normal
220.2,4.75,1046.0,NORMAL,System Normal ✅,Stable,Normal
223.6,4.85,1084.0,NORMAL,System Normal ✅,Stable,Normal
225.0,5.73,1289.0,NORMAL,System Normal ✅,Stable,Normal
227.5,5.85,1331.0,NORMAL,System Normal ✅,System Load Increasing,Normal
218.3,4.27,932.0,NORMAL,System Normal ✅,Stable,Normal
223.9,5.92,1325.0,NORMAL,System Normal ✅,Stable,Normal
227.3,4.01,911.0,NORMAL,System Normal ✅,System Load Increasing,Normal
213.1,4.04,861.0,NORMAL,System Normal ✅,Stable,Normal
229.1,4.8,1100.0,NORMAL,System Normal ✅,System Load Increasing,Normal
215.9,4.81,1038.0,NORMAL,System Normal ✅,Stable,Normal
234.1,5.04,1180.0,NORMAL,System Normal ✅,System Load Increasing,Normal
235.5,5.27,1241.0,WARNING,High Voltage ⚠️,System Load Increasing,Normal
213.0,5.99,1276.0,NORMAL,System Normal ✅,Stable,Normal
233.1,4.58,1068.0,NORMAL,System Normal ✅,System Load Increasing,Normal
219.7,4.78,1050.0,NORMAL,System Normal ✅,Stable,Normal
219.1,5.44,1192.0,NORMAL,System Normal ✅,Stable,Normal
222.0,4.38,972.0,NORMAL,System Normal ✅,Stable,Normal
216.3,4.54,982.0,NORMAL,System Normal ✅,Stable,Normal
239.6,5.85,1402.0,CRITICAL,High Voltage ⚠️,Voltage Spike Risk,Anomaly 🚨
223.9,5.43,1216.0,NORMAL,System Normal ✅,Stable,Normal
238.8,5.43,1297.0,CRITICAL,High Voltage ⚠️,System Load Increasing,Normal
237.8,4.17,992.0,WARNING,High Voltage ⚠️,System Load Increasing,Normal
224.7,5.67,1274.0,NORMAL,System Normal ✅,Stable,Normal
217.6,5.97,1299.0,NORMAL,System Normal ✅,Stable,Normal
233.1,4.6,1072.0,NORMAL,System Normal ✅,System Load Increasing,Normal
220.2,4.48,986.0,NORMAL,System Normal ✅,Stable,Normal
222.2,5.05,1122.0,NORMAL,System Normal ✅,Stable,Normal
231.1,4.82,1114.0,NORMAL,System Normal ✅,Stable,Normal
220.1,5.11,1125.0,NORMAL,System Normal ✅,Stable,Normal
236.0,5.95,1404.0,WARNING,High Voltage ⚠️,System Load Increasing,Normal
220.9,5.07,1120.0,NORMAL,System Normal ✅,Stable,Normal
219.6,5.43,1192.0,NORMAL,System Normal ✅,Stable,Normal
239.1,5.38,1286.0,CRITICAL,High Voltage ⚠️,System Load Increasing,Normal
238.6,5.15,1229.0,CRITICAL,High Voltage ⚠️,System Load Increasing,Normal
230.3,5.5,1267.0,NORMAL,System Normal ✅,Stable,Normal
222.9,4.88,1088.0,NORMAL,System Normal ✅,Stable,Normal
232.4,4.67,1085.0,NORMAL,System Normal ✅,Stable,Normal
214.2,5.38,1152.0,NORMAL,System Normal ✅,Stable,Normal
230.0,4.41,1014.0,NORMAL,System Normal ✅,Stable,Normal
213.1,4.42,942.0,NORMAL,System Normal ✅,Stable,Normal
239.9,4.86,1166.0,CRITICAL,High Voltage ⚠️,System Load Increasing,Normal
236.7,4.68,1108.0,WARNING,High Voltage ⚠️,System Load Increasing,Normal
228.9,6.0,1373.0,NORMAL,System Normal ✅,Stable,Normal
210.4,5.58,1174.0,NORMAL,System Normal ✅,Stable,Normal
213.7,5.87,1254.0,NORMAL,System Normal ✅,Stable,Normal
216.5,4.76,1031.0,NORMAL,System Normal ✅,Stable,Normal
215.7,4.67,1007.0,NORMAL,System Normal ✅,Stable,Normal
212.7,4.72,1004.0,NORMAL,System Normal ✅,Stable,Normal
238.7,4.9,1170.0,CRITICAL,High Voltage ⚠️,System Load Increasing,Normal
219.2,6.0,1315.0,NORMAL,System Normal ✅,Stable,Normal
217.6,4.49,977.0,NORMAL,System Normal ✅,Stable,Normal
217.9,4.73,1031.0,NORMAL,System Normal ✅,Stable,Normal
234.6,4.49,1053.0,NORMAL,System Normal ✅,System Load Increasing,Normal
214.6,5.52,1185.0,NORMAL,System Normal ✅,Stable,Normal
228.7,5.68,1299.0,NORMAL,System Normal ✅,System Load Increasing,Normal
211.4,4.28,905.0,NORMAL,System Normal ✅,Stable,Normal
228.4,4.47,1021.0,NORMAL,System Normal ✅,System Load Increasing,Normal
221.3,5.12,1133.0,NORMAL,System Normal ✅,Stable,Normal
218.3,5.46,1192.0,NORMAL,System Normal ✅,Stable,Normal
230.2,4.39,1011.0,NORMAL,System Normal ✅,System Load Increasing,Normal
231.0,5.38,1243.0,NORMAL,System Normal ✅,System Load Increasing,Normal
231.8,4.34,1006.0,NORMAL,System Normal ✅,System Load Increasing,Normal
212.6,5.29,1125.0,NORMAL,System Normal ✅,Stable,Normal
223.6,5.89,1317.0,NORMAL,System Normal ✅,Stable,Normal
236.5,4.28,1012.0,WARNING,High Voltage ⚠️,System Load Increasing,Normal
236.0,4.61,1088.0,WARNING,High Voltage ⚠️,System Load Increasing,Normal
225.6,4.78,1078.0,NORMAL,System Normal ✅,Stable,Normal
223.8,4.78,1070.0,NORMAL,System Normal ✅,Stable,Normal
219.3,5.02,1101.0,NORMAL,System Normal ✅,Stable,Normal
217.5,4.56,992.0,NORMAL,System Normal ✅,Stable,Normal
236.7,5.36,1269.0,WARNING,High Voltage ⚠️,System Load Increasing,Normal
223.6,4.41,986.0,NORMAL,System Normal ✅,Stable,Normal
229.5,4.54,1042.0,NORMAL,System Normal ✅,Stable,Normal
233.4,5.72,1335.0,NORMAL,System Normal ✅,System Load Increasing,Normal
238.4,5.2,1240.0,CRITICAL,High Voltage ⚠️,System Load Increasing,Normal
213.6,5.48,1171.0,NORMAL,System Normal ✅,Stable,Normal
214.6,4.88,1047.0,NORMAL,System Normal ✅,Stable,Normal
220.7,4.63,1022.0,NORMAL,System Normal ✅,Stable,Normal
220.2,4.21,927.0,NORMAL,System Normal ✅,Stable,Normal
211.7,4.49,951.0,NORMAL,System Normal ✅,Stable,Normal
229.1,4.0,916.0,NORMAL,System Normal ✅,Stable,Normal
234.4,5.11,1198.0,NORMAL,System Normal ✅,System Load Increasing,Normal
226.5,5.39,1221.0,NORMAL,System Normal ✅,Stable,Normal
233.9,4.75,1111.0,NORMAL,System Normal ✅,System Load Increasing,Normal
221.8,5.79,1284.0,NORMAL,System Normal ✅,Stable,Normal
227.4,4.69,1067.0,NORMAL,System Normal ✅,Stable,Normal
218.9,4.92,1077.0,NORMAL,System Normal ✅,Stable,Normal
212.7,5.63,1198.0,NORMAL,System Normal ✅,Stable,Normal
230.5,4.18,963.0,NORMAL,System Normal ✅,System Load Increasing,Normal
230.6,5.54,1278.0,NORMAL,System Normal ✅,System Load Increasing,Normal
214.6,5.53,1187.0,NORMAL,System Normal ✅,Stable,Normal
226.8,4.71,1068.0,NORMAL,System Normal ✅,Stable,Normal
210.0,5.65,1186.0,NORMAL,System Normal ✅,Stable,Normal
223.1,5.24,1169.0,NORMAL,System Normal ✅,Stable,Normal
217.6,5.06,1101.0,NORMAL,System Normal ✅,Stable,Normal
218.7,4.12,901.0,NORMAL,System Normal ✅,Stable,Normal
238.3,5.33,1270.0,CRITICAL,High Voltage ⚠️,System Load Increasing,Normal
218.8,4.59,1004.0,NORMAL,System Normal ✅,Stable,Normal
236.9,4.0,948.0,WARNING,High Voltage ⚠️,System Load Increasing,Normal
226.5,5.08,1151.0,NORMAL,System Normal ✅,Stable,Normal
214.5,5.96,1278.0,NORMAL,System Normal ✅,Stable,Normal
230.2,5.47,1259.0,NORMAL,System Normal ✅,System Load Increasing,Normal
229.1,4.16,953.0,NORMAL,System Normal ✅,System Load Increasing,Normal
238.2,4.98,1186.0,CRITICAL,High Voltage ⚠️,System Load Increasing,Normal
235.4,5.08,1196.0,WARNING,High Voltage ⚠️,System Load Increasing,Normal
238.1,4.71,1121.0,CRITICAL,High Voltage ⚠️,System Load Increasing,Normal
238.2,5.95,1417.0,CRITICAL,High Voltage ⚠️,System Load Increasing,Normal
237.7,4.91,1167.0,WARNING,High Voltage ⚠️,System Load Increasing,Normal
212.1,4.85,1029.0,NORMAL,System Normal ✅,Stable,Normal
219.8,5.54,1218.0,NORMAL,System Normal ✅,Stable,Normal
225.1,5.78,1301.0,NORMAL,System Normal ✅,Stable,Normal
219.3,5.76,1263.0,NORMAL,System Normal ✅,Stable,Normal
236.3,5.75,1359.0,WARNING,High Voltage ⚠️,System Load Increasing,Normal
214.0,5.38,1151.0,NORMAL,System Normal ✅,Stable,Normal
233.1,4.28,998.0,NORMAL,System Normal ✅,System Load Increasing,Normal
212.8,5.89,1253.0,NORMAL,System Normal ✅,Stable,Normal
224.7,4.16,935.0,NORMAL,System Normal ✅,Stable,Normal
211.4,4.3,909.0,NORMAL,System Normal ✅,Stable,Normal
221.6,5.87,1301.0,NORMAL,System Normal ✅,Stable,Normal
227.4,5.75,1308.0,NORMAL,System Normal ✅,Stable,Normal
227.6,4.28,974.0,NORMAL,System Normal ✅,Stable,Normal
235.8,5.32,1254.0,WARNING,High Voltage ⚠️,System Load Increasing,Normal
226.7,5.46,1238.0,NORMAL,System Normal ✅,Stable,Normal
221.2,4.34,960.0,NORMAL,System Normal ✅,Stable,Normal
228.7,4.67,1068.0,NORMAL,System Normal ✅,Stable,Normal
231.3,4.01,928.0,NORMAL,System Normal ✅,System Load Increasing,Normal
239.7,4.98,1194.0,CRITICAL,High Voltage ⚠️,System Load Increasing,Normal
215.5,4.8,1034.0,NORMAL,System Normal ✅,Stable,Normal
223.7,4.19,937.0,NORMAL,System Normal ✅,Stable,Normal
217.5,5.22,1135.0,NORMAL,System Normal ✅,Stable,Normal
221.6,4.82,1068.0,NORMAL,System Normal ✅,Stable,Normal
216.8,4.22,915.0,NORMAL,System Normal ✅,Stable,Normal
218.6,4.53,990.0,NORMAL,System Normal ✅,Stable,Normal
238.5,4.54,1083.0,CRITICAL,High Voltage ⚠️,System Load Increasing,Normal
227.9,4.3,980.0,NORMAL,System Normal ✅,Stable,Normal
211.6,5.19,1098.0,NORMAL,System Normal ✅,Stable,Normal
213.9,4.07,871.0,NORMAL,System Normal ✅,Stable,Normal
234.4,5.29,1240.0,NORMAL,System Normal ✅,System Load Increasing,Normal
237.2,4.48,1063.0,WARNING,High Voltage ⚠️,System Load Increasing,Normal
229.2,5.4,1238.0,NORMAL,System Normal ✅,Stable,Normal
216.9,4.21,913.0,NORMAL,System Normal ✅,Stable,Normal
238.5,5.29,1262.0,CRITICAL,High Voltage ⚠️,System Load Increasing,Normal
222.0,5.07,1126.0,NORMAL,System Normal ✅,Stable,Normal
219.4,5.67,1244.0,NORMAL,System Normal ✅,Stable,Normal
232.7,4.71,1096.0,NORMAL,System Normal ✅,System Load Increasing,Normal
216.8,4.05,878.0,NORMAL,System Normal ✅,Stable,Normal
222.3,5.39,1198.0,NORMAL,System Normal ✅,Stable,Normal
235.4,5.57,1311.0,WARNING,High Voltage ⚠️,System Load Increasing,Normal
213.2,5.2,1109.0,NORMAL,System Normal ✅,Stable,Normal
213.6,4.62,987.0,NORMAL,System Normal ✅,Stable,Normal
235.7,5.42,1277.0,WARNING,High Voltage ⚠️,System Load Increasing,Normal
216.5,5.51,1193.0,NORMAL,System Normal ✅,Stable,Normal
225.4,4.11,926.0,NORMAL,System Normal ✅,Stable,Normal
222.5,5.7,1268.0,NORMAL,System Normal ✅,Stable,Normal
237.9,5.82,1385.0,WARNING,High Voltage ⚠️,System Load Increasing,Normal
236.6,4.36,1032.0,WARNING,High Voltage ⚠️,System Load Increasing,Normal
213.9,5.71,1221.0,NORMAL,System Normal ✅,Stable,Normal
232.3,5.04,1171.0,NORMAL,System Normal ✅,System Load Increasing,Normal
225.2,4.92,1108.0,NORMAL,System Normal ✅,Stable,Normal
240.0,4.36,1046.0,CRITICAL,High Voltage ⚠️,System Load Increasing,Normal
227.1,5.61,1274.0,NORMAL,System Normal ✅,Stable,Normal
238.2,5.8,1382.0,CRITICAL,High Voltage ⚠️,System Load Increasing,Normal
211.1,5.62,1186.0,NORMAL,System Normal ✅,Stable,Normal
221.6,4.94,1095.0,NORMAL,System Normal ✅,Stable,Normal
221.8,5.87,1302.0,NORMAL,System Normal ✅,Stable,Normal
237.8,5.13,1220.0,WARNING,High Voltage ⚠️,System Load Increasing,Normal
215.3,4.48,965.0,NORMAL,System Normal ✅,Stable,Normal
217.8,4.14,902.0,NORMAL,System Normal ✅,Stable,Normal
226.6,5.53,1253.0,NORMAL,System Normal ✅,Stable,Normal
232.9,5.97,1390.0,NORMAL,System Normal ✅,System Load Increasing,Normal
232.7,4.96,1154.0,NORMAL,System Normal ✅,System Load Increasing,Normal
237.8,4.22,1004.0,WARNING,High Voltage ⚠️,System Load Increasing,Normal
238.1,4.26,1014.0,CRITICAL,High Voltage ⚠️,System Load Increasing,Normal
237.4,4.97,1180.0,WARNING,High Voltage ⚠️,System Load Increasing,Normal
214.0,5.21,1115.0,NORMAL,System Normal ✅,Stable,Normal
226.0,5.72,1293.0,NORMAL,System Normal ✅,Stable,Normal
217.1,4.13,897.0,NORMAL,System Normal ✅,Stable,Normal
237.1,5.64,1337.0,WARNING,High Voltage ⚠️,System Load Increasing,Normal
230.5,5.52,1272.0,NORMAL,System Normal ✅,Stable,Normal
229.6,4.11,944.0,NORMAL,System Normal ✅,Stable,Normal
217.5,4.18,909.0,NORMAL,System Normal ✅,Stable,Normal
211.9,5.16,1093.0,NORMAL,System Normal ✅,Stable,Normal
234.9,4.21,989.0,NORMAL,System Normal ✅,System Load Increasing,Normal
219.4,4.52,992.0,NORMAL,System Normal ✅,Stable,Normal
212.6,5.2,1106.0,NORMAL,System Normal ✅,Stable,Normal
230.9,5.76,1330.0,NORMAL,System Normal ✅,Stable,Normal
220.7,5.81,1282.0,NORMAL,System Normal ✅,Stable,Normal
238.1,5.86,1395.0,CRITICAL,High Voltage ⚠️,System Load Increasing,Normal
231.2,4.93,1140.0,NORMAL,System Normal ✅,Stable,Normal
212.4,4.11,873.0,NORMAL,System Normal ✅,Stable,Normal
216.1,5.0,1080.0,NORMAL,System Normal ✅,Stable,Normal
231.4,4.77,1104.0,NORMAL,System Normal ✅,System Load Increasing,Normal
216.7,5.82,1261.0,NORMAL,System Normal ✅,Stable,Normal
219.2,5.85,1282.0,NORMAL,System Normal ✅,Stable,Normal
236.8,5.29,1253.0,WARNING,High Voltage ⚠️,System Load Increasing,Normal
228.1,5.46,1245.0,NORMAL,System Normal ✅,Stable,Normal
213.0,5.64,1201.0,NORMAL,System Normal ✅,Stable,Normal
222.2,4.96,1102.0,NORMAL,System Normal ✅,Stable,Normal
222.6,5.61,1249.0,NORMAL,System Normal ✅,Stable,Normal
227.6,4.94,1124.0,NORMAL,System Normal ✅,Stable,Normal
210.1,5.93,1246.0,NORMAL,System Normal ✅,Stable,Normal
227.6,4.59,1045.0,NORMAL,System Normal ✅,Stable,Normal
212.8,5.28,1124.0,NORMAL,System Normal ✅,Stable,Normal
231.7,4.17,966.0,NORMAL,System Normal ✅,System Load Increasing,Normal
226.5,5.08,1151.0,NORMAL,System Normal ✅,Stable,Normal
214.7,4.53,973.0,NORMAL,System Normal ✅,Stable,Normal
237.8,5.44,1294.0,WARNING,High Voltage ⚠️,System Load Increasing,Normal
216.7,4.4,953.0,NORMAL,System Normal ✅,Stable,Normal
211.5,5.37,1136.0,NORMAL,System Normal ✅,Stable,Normal
232.9,5.63,1311.0,NORMAL,System Normal ✅,System Load Increasing,Normal
231.3,5.11,1182.0,NORMAL,System Normal ✅,System Load Increasing,Normal
229.8,4.55,1046.0,NORMAL,System Normal ✅,System Load Increasing,Normal
237.6,5.44,1293.0,WARNING,High Voltage ⚠️,System Load Increasing,Normal
220.5,5.32,1173.0,NORMAL,System Normal ✅,Stable,Normal
238.0,5.87,1397.0,WARNING,High Voltage ⚠️,System Load Increasing,Normal
216.4,5.94,1285.0,NORMAL,System Normal ✅,Stable,Normal
234.8,4.03,946.0,NORMAL,System Normal ✅,System Load Increasing,Normal
211.7,5.77,1222.0,NORMAL,System Normal ✅,Stable,Normal
225.3,5.36,1208.0,NORMAL,System Normal ✅,Stable,Normal
223.7,4.67,1045.0,NORMAL,System Normal ✅,Stable,Normal
212.3,5.97,1267.0,NORMAL,System Normal ✅,Stable,Normal
222.0,4.4,977.0,NORMAL,System Normal ✅,Stable,Normal
238.0,4.37,1040.0,WARNING,High Voltage ⚠️,System Load Increasing,Normal
233.2,4.64,1082.0,NORMAL,System Normal ✅,System Load Increasing,Normal
210.6,4.5,948.0,NORMAL,System Normal ✅,Stable,Normal
210.8,4.99,1052.0,NORMAL,System Normal ✅,Stable,Normal
222.1,4.84,1075.0,NORMAL,System Normal ✅,Stable,Normal
230.1,5.88,1353.0,NORMAL,System Normal ✅,System Load Increasing,Normal
238.0,5.91,1407.0,WARNING,High Voltage ⚠️,System Load Increasing,Normal
237.8,5.67,1348.0,WARNING,High Voltage ⚠️,System Load Increasing,Normal
238.8,5.77,1378.0,CRITICAL,High Voltage ⚠️,System Load Increasing,Normal
228.1,4.23,965.0,NORMAL,System Normal ✅,Stable,Normal
221.3,5.65,1250.0,NORMAL,System Normal ✅,Stable,Normal
232.4,4.74,1102.0,NORMAL,System Normal ✅,System Load Increasing,Normal
213.1,5.34,1138.0,NORMAL,System Normal ✅,Stable,Normal
228.9,5.12,1172.0,NORMAL,System Normal ✅,Stable,Normal
222.1,4.71,1046.0,NORMAL,System Normal ✅,Stable,Normal
232.3,4.29,997.0,NORMAL,System Normal ✅,System Load Increasing,Normal
224.6,5.93,1332.0,NORMAL,System Normal ✅,Stable,Normal
230.3,4.92,1133.0,NORMAL,System Normal ✅,Stable,Normal
213.7,5.2,1111.0,NORMAL,System Normal ✅,Stable,Normal
236.6,5.91,1398.0,WARNING,High Voltage ⚠️,System Load Increasing,Normal
223.0,4.33,966.0,NORMAL,System Normal ✅,Stable,Normal
233.4,4.51,1053.0,NORMAL,System Normal ✅,System Load Increasing,Normal
217.5,4.39,955.0,NORMAL,System Normal ✅,Stable,Normal
237.3,5.86,1391.0,WARNING,High Voltage ⚠️,System Load Increasing,Normal
217.1,4.69,1018.0,NORMAL,System Normal ✅,Stable,Normal
212.9,4.73,1007.0,NORMAL,System Normal ✅,Stable,Normal
233.8,4.94,1155.0,NORMAL,System Normal ✅,System Load Increasing,Normal
224.6,4.05,910.0,NORMAL,System Normal ✅,Stable,Normal
223.3,5.29,1181.0,NORMAL,System Normal ✅,Stable,Normal
233.5,5.62,1312.0,NORMAL,System Normal ✅,System Load Increasing,Normal
231.6,5.46,1265.0,NORMAL,System Normal ✅,System Load Increasing,Normal
210.2,4.9,1030.0,NORMAL,System Normal ✅,Stable,Normal
236.2,4.82,1138.0,WARNING,High Voltage ⚠️,System Load Increasing,Normal
239.1,4.49,1074.0,CRITICAL,High Voltage ⚠️,System Load Increasing,Normal
211.2,4.07,860.0,NORMAL,System Normal ✅,Stable,Normal
236.9,4.99,1182.0,WARNING,High Voltage ⚠️,System Load Increasing,Normal
212.2,4.45,944.0,NORMAL,System Normal ✅,Stable,Normal
236.5,5.21,1232.0,WARNING,High Voltage ⚠️,System Load Increasing,Normal
213.8,4.03,862.0,NORMAL,System Normal ✅,Stable,Normal
232.7,4.96,1154.0,NORMAL,System Normal ✅,System Load Increasing,Normal
218.5,5.49,1200.0,NORMAL,System Normal ✅,Stable,Normal
223.4,5.65,1262.0,NORMAL,System Normal ✅,Stable,Normal
216.1,4.47,966.0,NORMAL,System Normal ✅,Stable,Normal
226.8,5.88,1334.0,NORMAL,System Normal ✅,Stable,Normal
219.2,5.15,1129.0,NORMAL,System Normal ✅,Stable,Normal
223.2,4.8,1071.0,NORMAL,System Normal ✅,Stable,Normal
234.9,4.06,954.0,NORMAL,System Normal ✅,System Load Increasing,Normal
215.3,4.4,947.0,NORMAL,System Normal ✅,Stable,Normal
219.8,5.23,1150.0,NORMAL,System Normal ✅,Stable,Normal
211.7,4.32,915.0,NORMAL,System Normal ✅,Stable,Normal
228.7,5.87,1342.0,NORMAL,System Normal ✅,System Load Increasing,Normal
217.8,5.32,1159.0,NORMAL,System Normal ✅,Stable,Normal
212.5,4.59,975.0,NORMAL,System Normal ✅,Stable,Normal
213.2,4.32,921.0,NORMAL,System Normal ✅,Stable,Normal
220.8,4.45,983.0,NORMAL,System Normal ✅,Stable,Normal
235.8,5.48,1292.0,WARNING,High Voltage ⚠️,System Load Increasing,Normal
235.4,4.11,967.0,WARNING,High Voltage ⚠️,System Load Increasing,Normal
210.9,5.03,1061.0,NORMAL,System Normal ✅,Stable,Normal
211.4,5.06,1070.0,NORMAL,System Normal ✅,Stable,Normal
221.7,5.81,1288.0,NORMAL,System Normal ✅,Stable,Normal
220.5,5.78,1274.0,NORMAL,System Normal ✅,Stable,Normal
221.3,4.76,1053.0,NORMAL,System Normal ✅,Stable,Normal
226.5,4.98,1128.0,NORMAL,System Normal ✅,System Load Increasing,Normal
234.2,4.55,1066.0,NORMAL,System Normal ✅,System Load Increasing,Normal
220.9,5.5,1215.0,NORMAL,System Normal ✅,Stable,Normal
225.9,4.58,1035.0,NORMAL,System Normal ✅,Stable,Normal
214.0,4.97,1064.0,NORMAL,System Normal ✅,Stable,Normal
225.4,4.17,940.0,NORMAL,System Normal ✅,Stable,Normal
222.6,5.15,1146.0,NORMAL,System Normal ✅,Stable,Normal
239.3,4.5,1077.0,CRITICAL,High Voltage ⚠️,System Load Increasing,Normal
214.7,5.86,1258.0,NORMAL,System Normal ✅,Stable,Normal
228.8,5.05,1155.0,NORMAL,System Normal ✅,System Load Increasing,Normal
224.9,5.89,1325.0,NORMAL,System Normal ✅,Stable,Normal
225.1,4.42,995.0,NORMAL,System Normal ✅,Stable,Normal
227.9,4.62,1053.0,NORMAL,System Normal ✅,Stable,Normal
234.5,4.59,1076.0,NORMAL,System Normal ✅,System Load Increasing,Normal
214.0,5.21,1115.0,NORMAL,System Normal ✅,Stable,Normal
220.8,4.89,1080.0,NORMAL,System Normal ✅,Stable,Normal
217.4,5.67,1233.0,NORMAL,System Normal ✅,Stable,Normal
236.0,4.48,1057.0,WARNING,High Voltage ⚠️,System Load Increasing,Normal
211.8,4.74,1004.0,NORMAL,System Normal ✅,Stable,Normal
235.3,5.47,1287.0,WARNING,High Voltage ⚠️,System Load Increasing,Normal
229.8,4.22,970.0,NORMAL,System Normal ✅,Stable,Normal
215.9,5.57,1203.0,NORMAL,System Normal ✅,Stable,Normal
210.6,5.18,1091.0,NORMAL,System Normal ✅,Stable,Normal
227.4,5.44,1237.0,NORMAL,System Normal ✅,Stable,Normal
218.2,6.0,1309.0,NORMAL,System Normal ✅,Stable,Normal
228.6,4.48,1024.0,NORMAL,System Normal ✅,Stable,Normal
218.1,4.27,931.0,NORMAL,System Normal ✅,Stable,Normal
218.0,5.44,1186.0,NORMAL,System Normal ✅,Stable,Normal
226.4,4.68,1060.0,NORMAL,System Normal ✅,Stable,Normal
231.9,5.93,1375.0,NORMAL,System Normal ✅,System Load Increasing,Normal
216.4,4.41,954.0,NORMAL,System Normal ✅,Stable,Normal
231.4,4.8,1111.0,NORMAL,System Normal ✅,System Load Increasing,Normal
213.9,4.76,1018.0,NORMAL,System Normal ✅,Stable,Normal
236.0,4.04,953.0,WARNING,High Voltage ⚠️,System Load Increasing,Normal
220.1,4.37,962.0,NORMAL,System Normal ✅,Stable,Normal
231.6,4.18,968.0,NORMAL,System Normal ✅,System Load Increasing,Normal
212.8,5.56,1183.0,NORMAL,System Normal ✅,Stable,Normal
231.9,5.34,1238.0,NORMAL,System Normal ✅,System Load Increasing,Normal
234.2,4.04,946.0,NORMAL,System Normal ✅,System Load Increasing,Normal
233.6,5.94,1388.0,NORMAL,System Normal ✅,System Load Increasing,Normal
214.2,4.85,1039.0,NORMAL,System Normal ✅,Stable,Normal
210.8,4.53,955.0,NORMAL,System Normal ✅,Stable,Normal
218.9,5.39,1180.0,NORMAL,System Normal ✅,Stable,Normal
215.2,4.13,889.0,NORMAL,System Normal ✅,Stable,Normal
217.4,5.46,1187.0,NORMAL,System Normal ✅,Stable,Normal
227.5,4.14,942.0,NORMAL,System Normal ✅,Stable,Normal
238.1,4.08,971.0,CRITICAL,High Voltage ⚠️,System Load Increasing,Normal
239.4,4.99,1195.0,CRITICAL,High Voltage ⚠️,System Load Increasing,Normal
215.9,4.92,1062.0,NORMAL,System Normal ✅,Stable,Normal
219.0,5.75,1259.0,NORMAL,System Normal ✅,Stable,Normal
235.8,5.59,1318.0,WARNING,High Voltage ⚠️,System Load Increasing,Normal
237.8,5.12,1218.0,WARNING,High Voltage ⚠️,System Load Increasing,Normal
237.8,4.43,1053.0,WARNING,High Voltage ⚠️,System Load Increasing,Normal
231.0,5.86,1354.0,NORMAL,System Normal ✅,Stable,Normal
215.5,5.97,1287.0,NORMAL,System Normal ✅,Stable,Normal
220.0,4.55,1001.0,NORMAL,System Normal ✅,Stable,Normal
214.9,4.12,885.0,NORMAL,System Normal ✅,Stable,Normal
225.5,4.69,1058.0,NORMAL,System Normal ✅,Stable,Normal
210.5,4.84,1019.0,NORMAL,System Normal ✅,Stable,Normal
227.5,4.69,1067.0,NORMAL,System Normal ✅,Stable,Normal
224.3,5.18,1162.0,NORMAL,System Normal ✅,Stable,Normal
235.1,5.44,1279.0,WARNING,High Voltage ⚠️,System Load Increasing,Normal
229.7,5.47,1256.0,NORMAL,System Normal ✅,Stable,Normal
231.8,5.68,1317.0,NORMAL,System Normal ✅,System Load Increasing,Normal
211.9,5.59,1185.0,NORMAL,System Normal ✅,Stable,Normal
239.1,5.95,1423.0,CRITICAL,High Voltage ⚠️,System Load Increasing,Normal
210.8,5.32,1121.0,NORMAL,System Normal ✅,Stable,Normal
222.6,4.24,944.0,NORMAL,System Normal ✅,Stable,Normal
238.8,5.36,1280.0,CRITICAL,High Voltage ⚠️,System Load Increasing,Normal
219.7,4.2,923.0,NORMAL,System Normal ✅,Stable,Normal
220.2,5.14,1132.0,NORMAL,System Normal ✅,Stable,Normal
232.6,5.36,1247.0,NORMAL,System Normal ✅,System Load Increasing,Normal
225.6,4.62,1042.0,NORMAL,System Normal ✅,Stable,Normal
224.7,5.07,1139.0,NORMAL,System Normal ✅,Stable,Normal
230.9,5.37,1240.0,NORMAL,System Normal ✅,System Load Increasing,Normal
240.0,5.99,1438.0,CRITICAL,High Voltage ⚠️,System Load Increasing,Normal
226.8,4.51,1023.0,NORMAL,System Normal ✅,Stable,Normal
239.4,5.4,1293.0,CRITICAL,High Voltage ⚠️,System Load Increasing,Normal
212.5,5.25,1116.0,NORMAL,System Normal ✅,Stable,Normal
220.7,5.82,1284.0,NORMAL,System Normal ✅,Stable,Normal
216.5,5.28,1143.0,NORMAL,System Normal ✅,Stable,Normal
213.0,5.01,1067.0,NORMAL,System Normal ✅,Stable,Normal
217.0,5.03,1092.0,NORMAL,System Normal ✅,Stable,Normal
224.1,5.27,1181.0,NORMAL,System Normal ✅,Stable,Normal
217.6,5.69,1238.0,NORMAL,System Normal ✅,Stable,Normal
232.7,4.56,1061.0,NORMAL,System Normal ✅,System Load Increasing,Normal
216.8,5.05,1095.0,NORMAL,System Normal ✅,Stable,Normal
223.2,5.42,1210.0,NORMAL,System Normal ✅,Stable,Normal
225.0,5.56,1251.0,NORMAL,System Normal ✅,Stable,Normal
226.6,4.33,981.0,NORMAL,System Normal ✅,Stable,Normal
221.8,4.11,912.0,NORMAL,System Normal ✅,Stable,Normal
215.2,4.95,1065.0,NORMAL,System Normal ✅,Stable,Normal
229.3,4.16,954.0,NORMAL,System Normal ✅,System Load Increasing,Normal
236.0,4.72,1114.0,WARNING,High Voltage ⚠️,System Load Increasing,Normal
222.6,5.9,1313.0,NORMAL,System Normal ✅,Stable,Normal
223.0,4.25,948.0,NORMAL,System Normal ✅,Stable,Normal
226.9,5.38,1221.0,NORMAL,System Normal ✅,Stable,Normal
216.5,5.03,1089.0,NORMAL,System Normal ✅,Stable,Normal
214.5,5.97,1281.0,NORMAL,System Normal ✅,Stable,Normal
221.4,4.73,1047.0,NORMAL,System Normal ✅,Stable,Normal
225.7,5.88,1327.0,NORMAL,System Normal ✅,Stable,Normal
229.6,5.75,1320.0,NORMAL,System Normal ✅,System Load Increasing,Normal
214.0,4.36,933.0,NORMAL,System Normal ✅,Stable,Normal
221.7,4.76,1055.0,NORMAL,System Normal ✅,Stable,Normal
235.8,4.35,1026.0,WARNING,High Voltage ⚠️,System Load Increasing,Normal
222.3,5.03,1118.0,NORMAL,System Normal ✅,Stable,Normal
224.4,4.13,927.0,NORMAL,System Normal ✅,Stable,Normal
238.8,5.96,1423.0,CRITICAL,High Voltage ⚠️,Voltage Spike Risk,Anomaly 🚨
228.2,5.96,1360.0,NORMAL,System Normal ✅,Stable,Normal
216.4,4.32,935.0,NORMAL,System Normal ✅,Stable,Normal
238.5,4.47,1066.0,CRITICAL,High Voltage ⚠️,System Load Increasing,Normal
229.2,5.3,1215.0,NORMAL,System Normal ✅,Stable,Normal
228.7,4.41,1009.0,NORMAL,System Normal ✅,Stable,Normal
235.5,5.18,1220.0,WARNING,High Voltage ⚠️,System Load Increasing,Normal
226.4,5.86,1327.0,NORMAL,System Normal ✅,Stable,Normal
225.5,4.95,1116.0,NORMAL,System Normal ✅,Stable,Normal
222.2,5.62,1249.0,NORMAL,System Normal ✅,Stable,Normal
238.9,4.92,1175.0,CRITICAL,High Voltage ⚠️,System Load Increasing,Normal
226.0,4.31,974.0,NORMAL,System Normal ✅,Stable,Normal
214.3,5.25,1125.0,NORMAL,System Normal ✅,Stable,Normal
225.8,5.24,1183.0,NORMAL,System Normal ✅,Stable,Normal
236.2,5.1,1205.0,WARNING,High Voltage ⚠️,System Load Increasing,Normal
233.2,4.92,1147.0,NORMAL,System Normal ✅,Stable,Normal
234.5,5.63,1320.0,NORMAL,System Normal ✅,System Load Increasing,Normal
239.1,4.07,973.0,CRITICAL,High Voltage ⚠️,System Load Increasing,Normal
223.5,5.92,1323.0,NORMAL,System Normal ✅,Stable,Normal
231.8,4.37,1013.0,NORMAL,System Normal ✅,Stable,Normal
217.5,5.84,1270.0,NORMAL,System Normal ✅,Stable,Normal
227.3,5.26,1196.0,NORMAL,System Normal ✅,Stable,Normal
232.3,4.11,955.0,NORMAL,System Normal ✅,Stable,Normal
234.2,5.52,1293.0,NORMAL,System Normal ✅,System Load Increasing,Normal
227.1,5.56,1263.0,NORMAL,System Normal ✅,Stable,Normal
229.8,4.41,1013.0,NORMAL,System Normal ✅,Stable,Normal
232.4,4.67,1085.0,NORMAL,System Normal ✅,Stable,Normal
231.4,4.33,1002.0,NORMAL,System Normal ✅,Stable,Normal
210.6,4.92,1036.0,NORMAL,System Normal ✅,Voltage Spike Risk,Anomaly 🚨
212.3,4.77,1013.0,NORMAL,System Normal ✅,Stable,Normal
225.9,4.69,1059.0,NORMAL,System Normal ✅,Stable,Normal
239.8,5.18,1242.0,CRITICAL,High Voltage ⚠️,System Load Increasing,Normal
212.3,5.7,1210.0,NORMAL,System Normal ✅,Stable,Normal
228.1,4.88,1113.0,NORMAL,System Normal ✅,Stable,Normal
217.6,4.21,916.0,NORMAL,System Normal ✅,Stable,Normal
219.2,4.63,1015.0,NORMAL,System Normal ✅,Stable,Normal
228.6,5.45,1246.0,NORMAL,System Normal ✅,Stable,Normal
220.8,4.2,927.0,NORMAL,System Normal ✅,Stable,Normal
216.9,5.7,1236.0,NORMAL,System Normal ✅,Stable,Normal
216.8,5.37,1164.0,NORMAL,System Normal ✅,Stable,Normal
235.4,4.43,1043.0,WARNING,High Voltage ⚠️,System Load Increasing,Normal
220.2,5.53,1218.0,NORMAL,System Normal ✅,Stable,Normal
218.1,5.3,1156.0,NORMAL,System Normal ✅,Stable,Normal
217.4,5.26,1144.0,NORMAL,System Normal ✅,Stable,Normal
210.8,5.11,1077.0,NORMAL,System Normal ✅,Stable,Normal
227.2,5.99,1361.0,NORMAL,System Normal ✅,System Load Increasing,Normal
210.3,5.21,1096.0,NORMAL,System Normal ✅,Stable,Normal
236.3,4.71,1113.0,WARNING,High Voltage ⚠️,System Load Increasing,Normal
219.9,5.62,1236.0,NORMAL,System Normal ✅,Stable,Normal
235.5,5.51,1298.0,WARNING,High Voltage ⚠️,System Load Increasing,Normal
229.6,4.84,1111.0,NORMAL,System Normal ✅,System Load Increasing,Normal
212.6,5.14,1093.0,NORMAL,System Normal ✅,Stable,Normal
230.9,4.44,1025.0,NORMAL,System Normal ✅,System Load Increasing,Normal
221.6,4.95,1097.0,NORMAL,System Normal ✅,Stable,Normal
211.2,5.73,1210.0,NORMAL,System Normal ✅,Stable,Normal
226.8,5.37,1218.0,NORMAL,System Normal ✅,Stable,Normal
219.0,5.25,1150.0,NORMAL,System Normal ✅,Stable,Normal
223.4,4.26,952.0,NORMAL,System Normal ✅,Stable,Normal
232.4,5.06,1176.0,NORMAL,System Normal ✅,System Load Increasing,Normal
237.4,4.34,1030.0,WARNING,High Voltage ⚠️,System Load Increasing,Normal
216.7,4.26,923.0,NORMAL,System Normal ✅,Stable,Normal
218.7,4.15,908.0,NORMAL,System Normal ✅,Stable,Normal
236.3,4.8,1134.0,WARNING,High Voltage ⚠️,System Load Increasing,Normal
214.8,4.72,1014.0,NORMAL,System Normal ✅,Stable,Normal
228.3,5.8,1324.0,NORMAL,System Normal ✅,Stable,Normal
238.1,5.52,1314.0,CRITICAL,High Voltage ⚠️,System Load Increasing,Normal
227.0,4.53,1028.0,NORMAL,System Normal ✅,Stable,Normal
223.0,4.68,1044.0,NORMAL,System Normal ✅,Stable,Normal
230.7,5.83,1345.0,NORMAL,System Normal ✅,Stable,Normal
229.4,4.64,1064.0,NORMAL,System Normal ✅,Stable,Normal
219.4,5.41,1187.0,NORMAL,System Normal ✅,Stable,Normal
219.3,4.87,1068.0,NORMAL,System Normal ✅,Stable,Normal
225.4,5.08,1145.0,NORMAL,System Normal ✅,Stable,Normal
238.8,4.65,1110.0,CRITICAL,High Voltage ⚠️,System Load Increasing,Normal
219.6,5.7,1252.0,NORMAL,System Normal ✅,Stable,Normal
218.2,4.81,1050.0,NORMAL,System Normal ✅,Stable,Normal
224.5,4.45,999.0,NORMAL,System Normal ✅,Stable,Normal
230.3,4.35,1002.0,NORMAL,System Normal ✅,Stable,Normal
225.2,4.97,1119.0,NORMAL,System Normal ✅,Stable,Normal
210.6,4.34,914.0,NORMAL,System Normal ✅,Stable,Normal
212.3,4.97,1055.0,NORMAL,System Normal ✅,Stable,Normal
215.8,5.13,1107.0,NORMAL,System Normal ✅,Stable,Normal
232.9,5.63,1311.0,NORMAL,System Normal ✅,System Load Increasing,Normal
222.0,5.0,1110.0,NORMAL,System Normal ✅,Stable,Normal
213.7,5.62,1201.0,NORMAL,System Normal ✅,Stable,Normal
220.3,5.96,1313.0,NORMAL,System Normal ✅,Stable,Normal
213.5,5.57,1189.0,NORMAL,System Normal ✅,Stable,Normal
221.3,4.95,1095.0,NORMAL,System Normal ✅,Stable,Normal
236.3,5.1,1205.0,WARNING,High Voltage ⚠️,System Load Increasing,Normal
238.2,5.29,1260.0,CRITICAL,High Voltage ⚠️,System Load Increasing,Normal
232.1,4.87,1130.0,NORMAL,System Normal ✅,System Load Increasing,Normal
213.9,5.6,1198.0,NORMAL,System Normal ✅,Stable,Normal
233.0,5.29,1233.0,NORMAL,System Normal ✅,System Load Increasing,Normal
220.2,4.87,1072.0,NORMAL,System Normal ✅,Stable,Normal
237.1,5.97,1415.0,WARNING,High Voltage ⚠️,System Load Increasing,Normal
230.6,4.88,1125.0,NORMAL,System Normal ✅,System Load Increasing,Normal
222.8,5.7,1270.0,NORMAL,System Normal ✅,Stable,Normal
228.2,4.96,1132.0,NORMAL,System Normal ✅,Stable,Normal
215.3,5.42,1167.0,NORMAL,System Normal ✅,Stable,Normal
233.9,4.79,1120.0,NORMAL,System Normal ✅,System Load Increasing,Normal
226.8,4.54,1030.0,NORMAL,System Normal ✅,Stable,Normal
217.1,4.9,1064.0,NORMAL,System Normal ✅,Stable,Normal
218.5,5.99,1309.0,NORMAL,System Normal ✅,Stable,Normal
229.9,5.45,1253.0,NORMAL,System Normal ✅,Stable,Normal
211.0,4.22,890.0,NORMAL,System Normal ✅,Stable,Normal
221.2,5.06,1119.0,NORMAL,System Normal ✅,Stable,Normal
238.3,4.95,1180.0,CRITICAL,High Voltage ⚠️,System Load Increasing,Normal
224.6,4.92,1105.0,NORMAL,System Normal ✅,Stable,Normal
238.5,4.01,956.0,CRITICAL,High Voltage ⚠️,System Load Increasing,Normal
222.3,4.81,1069.0,NORMAL,System Normal ✅,Stable,Normal
228.8,4.09,936.0,NORMAL,System Normal ✅,Stable,Normal
220.8,5.49,1212.0,NORMAL,System Normal ✅,Stable,Normal
237.0,4.21,998.0,WARNING,High Voltage ⚠️,System Load Increasing,Normal
237.9,5.79,1377.0,WARNING,High Voltage ⚠️,System Load Increasing,Normal
226.4,4.06,919.0,NORMAL,System Normal ✅,Stable,Normal
232.0,4.14,960.0,NORMAL,System Normal ✅,System Load Increasing,Normal
212.8,4.11,875.0,NORMAL,System Normal ✅,Stable,Normal
228.3,4.95,1130.0,NORMAL,System Normal ✅,Stable,Normal
221.9,5.7,1265.0,NORMAL,System Normal ✅,Stable,Normal
235.0,5.58,1311.0,NORMAL,System Normal ✅,System Load Increasing,Normal
223.9,5.58,1249.0,NORMAL,System Normal ✅,Stable,Normal
236.2,4.87,1150.0,WARNING,High Voltage ⚠️,System Load Increasing,Normal
228.3,4.02,918.0,NORMAL,System Normal ✅,Stable,Normal
231.0,5.09,1176.0,NORMAL,System Normal ✅,Stable,Normal
216.2,4.58,990.0,NORMAL,System Normal ✅,Stable,Normal
223.2,4.87,1087.0,NORMAL,System Normal ✅,Stable,Normal
229.1,4.8,1100.0,NORMAL,System Normal ✅,Stable,Normal
213.2,4.36,930.0,NORMAL,System Normal ✅,Stable,Normal
226.8,4.14,939.0,NORMAL,System Normal ✅,Stable,Normal
217.0,5.96,1293.0,NORMAL,System Normal ✅,Stable,Normal
211.6,5.21,1102.0,NORMAL,System Normal ✅,Stable,Normal
216.1,5.63,1217.0,NORMAL,System Normal ✅,Stable,Normal
226.8,4.78,1084.0,NORMAL,System Normal ✅,Stable,Normal
220.9,4.52,998.0,NORMAL,System Normal ✅,Stable,Normal
213.9,4.2,898.0,NORMAL,System Normal ✅,Stable,Normal
238.6,5.65,1348.0,CRITICAL,High Voltage ⚠️,System Load Increasing,Normal
211.8,5.92,1254.0,NORMAL,System Normal ✅,Stable,Normal
226.5,5.65,1280.0,NORMAL,System Normal ✅,Stable,Normal
227.9,4.54,1035.0,NORMAL,System Normal ✅,Stable,Normal
233.7,4.57,1068.0,NORMAL,System Normal ✅,System Load Increasing,Normal
235.8,4.06,957.0,WARNING,High Voltage ⚠️,System Load Increasing,Normal
223.8,6.0,1343.0,NORMAL,System Normal ✅,Stable,Normal
226.0,4.01,906.0,NORMAL,System Normal ✅,Stable,Normal
238.4,4.69,1118.0,CRITICAL,High Voltage ⚠️,System Load Increasing,Normal
228.7,5.31,1214.0,NORMAL,System Normal ✅,Stable,Normal
237.3,5.36,1272.0,WARNING,High Voltage ⚠️,System Load Increasing,Normal
237.9,4.8,1142.0,WARNING,High Voltage ⚠️,System Load Increasing,Normal
219.8,5.3,1165.0,NORMAL,System Normal ✅,Stable,Normal
227.7,4.75,1082.0,NORMAL,System Normal ✅,Stable,Normal
238.9,5.43,1297.0,CRITICAL,High Voltage ⚠️,System Load Increasing,Normal
216.7,5.43,1177.0,NORMAL,System Normal ✅,Stable,Normal
233.5,5.63,1315.0,NORMAL,System Normal ✅,System Load Increasing,Normal
235.8,5.61,1323.0,WARNING,High Voltage ⚠️,System Load Increasing,Normal
224.1,5.92,1327.0,NORMAL,System Normal ✅,Stable,Normal
215.4,4.82,1038.0,NORMAL,System Normal ✅,Stable,Normal
238.2,5.41,1289.0,CRITICAL,High Voltage ⚠️,System Load Increasing,Normal
236.1,4.4,1039.0,WARNING,High Voltage ⚠️,System Load Increasing,Normal
223.0,4.08,910.0,NORMAL,System Normal ✅,Stable,Normal
222.6,5.08,1131.0,NORMAL,System Normal ✅,Stable,Normal
222.1,5.1,1133.0,NORMAL,System Normal ✅,Stable,Normal
212.8,4.31,917.0,NORMAL,System Normal ✅,Stable,Normal
231.0,5.23,1208.0,NORMAL,System Normal ✅,Stable,Normal
223.6,4.56,1020.0,NORMAL,System Normal ✅,Stable,Normal
220.3,4.47,985.0,NORMAL,System Normal ✅,Stable,Normal
224.0,5.12,1147.0,NORMAL,System Normal ✅,Stable,Normal
214.3,4.87,1044.0,NORMAL,System Normal ✅,Stable,Normal
214.8,4.7,1010.0,NORMAL,System Normal ✅,Stable,Normal
228.0,4.01,914.0,NORMAL,System Normal ✅,Stable,Normal
224.8,5.72,1286.0,NORMAL,System Normal ✅,Stable,Normal
213.6,5.84,1247.0,NORMAL,System Normal ✅,Stable,Normal
211.7,4.9,1037.0,NORMAL,System Normal ✅,Stable,Normal
229.7,5.01,1151.0,NORMAL,System Normal ✅,System Load Increasing,Normal
221.2,4.54,1004.0,NORMAL,System Normal ✅,Stable,Normal
235.2,5.55,1305.0,WARNING,High Voltage ⚠️,System Load Increasing,Normal
215.4,4.89,1053.0,NORMAL,System Normal ✅,Stable,Normal
237.0,5.25,1244.0,WARNING,High Voltage ⚠️,System Load Increasing,Normal
213.7,5.18,1107.0,NORMAL,System Normal ✅,Stable,Normal
218.9,5.79,1267.0,NORMAL,System Normal ✅,Stable,Normal
220.6,4.75,1048.0,NORMAL,System Normal ✅,Stable,Normal
227.4,5.53,1258.0,NORMAL,System Normal ✅,System Load Increasing,Normal
210.0,5.14,1079.0,NORMAL,System Normal ✅,Stable,Normal
236.4,5.81,1373.0,WARNING,High Voltage ⚠️,System Load Increasing,Normal
233.1,5.0,1166.0,NORMAL,System Normal ✅,System Load Increasing,Normal
218.4,4.81,1051.0,NORMAL,System Normal ✅,Stable,Normal
230.9,4.79,1106.0,NORMAL,System Normal ✅,System Load Increasing,Normal
228.0,5.17,1179.0,NORMAL,System Normal ✅,Stable,Normal
239.8,4.05,971.0,CRITICAL,High Voltage ⚠️,System Load Increasing,Normal
225.4,4.74,1068.0,NORMAL,System Normal ✅,Stable,Normal
228.8,4.51,1032.0,NORMAL,System Normal ✅,Stable,Normal
215.4,4.46,961.0,NORMAL,System Normal ✅,Stable,Normal
231.6,4.76,1102.0,NORMAL,System Normal ✅,System Load Increasing,Normal
233.3,4.94,1153.0,NORMAL,System Normal ✅,System Load Increasing,Normal
215.9,5.15,1112.0,NORMAL,System Normal ✅,Stable,Normal
233.0,5.7,1328.0,NORMAL,System Normal ✅,System Load Increasing,Normal
231.9,5.34,1238.0,NORMAL,System Normal ✅,System Load Increasing,Normal
228.7,5.11,1169.0,NORMAL,System Normal ✅,Stable,Normal
227.9,5.88,1340.0,NORMAL,System Normal ✅,Stable,Normal
226.3,5.98,1353.0,NORMAL,System Normal ✅,Stable,Normal
232.8,4.88,1136.0,NORMAL,System Normal ✅,System Load Increasing,Normal
238.2,4.17,993.0,CRITICAL,High Voltage ⚠️,System Load Increasing,Normal
224.3,5.97,1339.0,NORMAL,System Normal ✅,Stable,Normal
223.9,4.3,963.0,NORMAL,System Normal ✅,Stable,Normal
229.1,5.97,1368.0,NORMAL,System Normal ✅,Stable,Normal
231.9,5.88,1364.0,NORMAL,System Normal ✅,Stable,Normal
235.1,4.89,1150.0,WARNING,High Voltage ⚠️,System Load Increasing,Normal
212.1,4.39,931.0,NORMAL,System Normal ✅,Voltage Spike Risk,Anomaly 🚨
220.1,4.03,887.0,NORMAL,System Normal ✅,Stable,Normal
235.1,4.58,1077.0,WARNING,High Voltage ⚠️,System Load Increasing,Normal
224.8,5.85,1315.0,NORMAL,System Normal ✅,Stable,Normal
229.3,4.35,997.0,NORMAL,System Normal ✅,Stable,Normal
239.4,5.3,1269.0,CRITICAL,High Voltage ⚠️,System Load Increasing,Normal
227.6,5.33,1213.0,NORMAL,System Normal ✅,Stable,Normal
222.7,4.78,1065.0,NORMAL,System Normal ✅,Stable,Normal
234.1,4.72,1105.0,NORMAL,System Normal ✅,System Load Increasing,Normal
233.5,4.09,955.0,NORMAL,System Normal ✅,Stable,Normal
217.1,4.98,1081.0,NORMAL,System Normal ✅,Stable,Normal
227.8,5.92,1349.0,NORMAL,System Normal ✅,Stable,Normal
212.9,4.11,875.0,NORMAL,System Normal ✅,Stable,Normal
227.7,4.34,988.0,NORMAL,System Normal ✅,Collecting Data,Normal
225.8,4.14,935.0,NORMAL,System Normal ✅,Collecting Data,Normal
213.7,4.39,938.0,NORMAL,System Normal ✅,Collecting Data,Normal
216.9,4.51,978.0,NORMAL,System Normal ✅,Collecting Data,Normal
225.3,4.97,1120.0,NORMAL,System Normal ✅,Stable,Normal
227.0,4.11,933.0,NORMAL,System Normal ✅,Stable,Normal
221.8,4.32,958.0,NORMAL,System Normal ✅,Stable,Normal
233.0,5.85,1363.0,NORMAL,System Normal ✅,System Load Increasing,Normal
212.5,5.22,1109.0,NORMAL,System Normal ✅,Stable,Normal
218.8,4.06,888.0,NORMAL,System Normal ✅,Stable,Normal
230.9,5.44,1256.0,NORMAL,System Normal ✅,System Load Increasing,Normal
236.0,4.79,1130.0,WARNING,High Voltage ⚠️,System Load Increasing,Normal
230.0,5.92,1362.0,NORMAL,System Normal ✅,System Load Increasing,Normal
239.8,5.54,1328.0,CRITICAL,High Voltage ⚠️,System Load Increasing,Normal
223.7,4.71,1054.0,NORMAL,System Normal ✅,Stable,Normal
223.1,5.85,1305.0,NORMAL,System Normal ✅,Stable,Normal
233.7,5.66,1323.0,NORMAL,System Normal ✅,System Load Increasing,Normal
218.3,4.4,961.0,NORMAL,System Normal ✅,Stable,Normal
215.1,5.42,1166.0,NORMAL,System Normal ✅,Stable,Normal
220.2,4.13,909.0,NORMAL,System Normal ✅,Stable,Normal
238.3,4.07,970.0,CRITICAL,High Voltage ⚠️,System Load Increasing,Normal
212.9,5.82,1239.0,NORMAL,System Normal ✅,Stable,Normal
211.6,4.64,982.0,NORMAL,System Normal ✅,Stable,Normal
223.7,4.17,933.0,NORMAL,System Normal ✅,Stable,Normal
235.9,4.45,1050.0,WARNING,High Voltage ⚠️,System Load Increasing,Normal
219.5,5.89,1293.0,NORMAL,System Normal ✅,Stable,Normal
228.7,4.53,1036.0,NORMAL,System Normal ✅,Stable,Normal
236.4,5.36,1267.0,WARNING,High Voltage ⚠️,System Load Increasing,Normal
220.1,4.1,902.0,NORMAL,System Normal ✅,Stable,Normal
211.5,4.48,948.0,NORMAL,System Normal ✅,Stable,Normal
224.1,5.4,1210.0,NORMAL,System Normal ✅,Stable,Normal
213.3,4.47,953.0,NORMAL,System Normal ✅,Stable,Normal
228.8,5.18,1185.0,NORMAL,System Normal ✅,Stable,Normal
228.6,4.07,930.0,NORMAL,System Normal ✅,System Load Increasing,Normal
232.2,4.48,1040.0,NORMAL,System Normal ✅,System Load Increasing,Normal
210.9,5.1,1076.0,NORMAL,System Normal ✅,Stable,Normal
238.9,5.48,1309.0,CRITICAL,High Voltage ⚠️,System Load Increasing,Normal
211.2,5.97,1261.0,NORMAL,System Normal ✅,Stable,Normal
220.3,4.27,941.0,NORMAL,System Normal ✅,Stable,Normal
229.8,5.89,1354.0,NORMAL,System Normal ✅,System Load Increasing,Normal
235.2,4.86,1143.0,WARNING,High Voltage ⚠️,System Load Increasing,Normal
219.9,4.37,961.0,NORMAL,System Normal ✅,Stable,Normal
232.4,4.08,948.0,NORMAL,System Normal ✅,System Load Increasing,Normal
210.1,5.79,1216.0,NORMAL,System Normal ✅,Stable,Normal
211.8,5.91,1252.0,NORMAL,System Normal ✅,Stable,Normal
228.4,4.69,1071.0,NORMAL,System Normal ✅,Stable,Normal
228.8,5.55,1270.0,NORMAL,System Normal ✅,System Load Increasing,Normal
221.0,4.0,884.0,NORMAL,System Normal ✅,Stable,Normal
223.0,4.16,928.0,NORMAL,System Normal ✅,Stable,Normal
226.9,4.98,1130.0,NORMAL,System Normal ✅,Stable,Normal
226.0,5.99,1354.0,NORMAL,System Normal ✅,Stable,Normal
219.2,4.78,1048.0,NORMAL,System Normal ✅,Stable,Normal
218.3,4.56,995.0,NORMAL,System Normal ✅,Stable,Normal
238.7,5.7,1361.0,CRITICAL,High Voltage ⚠️,System Load Increasing,Normal
221.7,4.89,1084.0,NORMAL,System Normal ✅,Stable,Normal
211.5,5.38,1138.0,NORMAL,System Normal ✅,Stable,Normal
227.3,4.87,1107.0,NORMAL,System Normal ✅,Stable,Normal
221.5,4.82,1068.0,NORMAL,System Normal ✅,Stable,Normal
210.3,5.26,1106.0,NORMAL,System Normal ✅,Stable,Normal
227.0,5.13,1165.0,NORMAL,System Normal ✅,Stable,Normal
210.5,4.7,989.0,NORMAL,System Normal ✅,Stable,Normal
218.2,5.79,1263.0,NORMAL,System Normal ✅,Stable,Normal
234.7,4.35,1021.0,NORMAL,System Normal ✅,System Load Increasing,Normal
220.8,5.03,1111.0,NORMAL,System Normal ✅,Stable,Normal
213.4,4.17,890.0,NORMAL,System Normal ✅,Stable,Normal
235.2,5.71,1343.0,WARNING,High Voltage ⚠️,System Load Increasing,Normal
213.3,5.26,1122.0,NORMAL,System Normal ✅,Stable,Normal
233.9,4.99,1167.0,NORMAL,System Normal ✅,System Load Increasing,Normal
223.1,5.78,1290.0,NORMAL,System Normal ✅,Stable,Normal
230.6,5.32,1227.0,NORMAL,System Normal ✅,System Load Increasing,Normal
227.9,4.41,1005.0,NORMAL,System Normal ✅,Collecting Data,Normal
231.8,4.67,1083.0,NORMAL,System Normal ✅,Collecting Data,Normal
226.6,5.21,1181.0,NORMAL,System Normal ✅,Collecting Data,Normal
220.8,5.19,1146.0,NORMAL,System Normal ✅,Collecting Data,Normal
237.7,5.62,1336.0,WARNING,High Voltage ⚠️,System Load Increasing,Normal
237.6,4.87,1157.0,WARNING,High Voltage ⚠️,Collecting Data,Normal
228.4,4.66,1064.0,NORMAL,System Normal ✅,Collecting Data,Normal
235.3,5.31,1249.0,WARNING,High Voltage ⚠️,Collecting Data,Normal
238.4,5.4,1287.0,CRITICAL,High Voltage ⚠️,Collecting Data,Normal
234.1,4.88,1142.0,NORMAL,System Normal ✅,Collecting Data,Normal
230.7,4.22,974.0,NORMAL,System Normal ✅,Collecting Data,Normal
214.0,5.41,1158.0,NORMAL,System Normal ✅,Collecting Data,Normal
230.3,4.37,1006.0,NORMAL,System Normal ✅,Collecting Data,Normal
211.9,4.9,1038.0,NORMAL,System Normal ✅,Stable,Normal
216.9,4.49,974.0,NORMAL,System Normal ✅,Stable,Normal
232.0,5.15,1195.0,NORMAL,System Normal ✅,Collecting Data,Normal
233.4,4.9,1144.0,NORMAL,System Normal ✅,Collecting Data,Normal
225.2,4.4,991.0,NORMAL,System Normal ✅,Collecting Data,Normal
222.7,5.96,1327.0,NORMAL,System Normal ✅,Collecting Data,Normal
219.2,4.08,894.0,NORMAL,System Normal ✅,Collecting Data,Normal
220.0,5.27,1159.0,NORMAL,System Normal ✅,Collecting Data,Normal
222.8,4.93,1098.0,NORMAL,System Normal ✅,Stable,Normal
240.0,4.19,1006.0,CRITICAL,High Voltage ⚠️,System Load Increasing,Normal
235.0,4.63,1088.0,NORMAL,System Normal ✅,Collecting Data,Normal
222.1,4.79,1064.0,NORMAL,System Normal ✅,Collecting Data,Normal
239.7,4.59,1100.0,CRITICAL,High Voltage ⚠️,Collecting Data,Normal
210.8,5.56,1172.0,NORMAL,System Normal ✅,Collecting Data,Normal
220.1,4.54,999.0,NORMAL,System Normal ✅,Stable,Normal
221.1,4.17,922.0,NORMAL,System Normal ✅,Stable,Normal
237.9,4.69,1116.0,WARNING,High Voltage ⚠️,Collecting Data,Normal
238.1,5.38,1281.0,CRITICAL,High Voltage ⚠️,Collecting Data,Normal
227.0,4.52,1026.0,NORMAL,System Normal ✅,Collecting Data,Normal
212.6,4.19,891.0,NORMAL,System Normal ✅,Collecting Data,Normal
227.8,4.0,911.0,NORMAL,System Normal ✅,Collecting Data,Normal
216.9,4.02,872.0,NORMAL,System Normal ✅,Collecting Data,Normal
220.7,5.87,1296.0,NORMAL,System Normal ✅,Collecting Data,Normal
213.3,5.72,1220.0,NORMAL,System Normal ✅,Collecting Data,Normal
230.1,5.32,1224.0,NORMAL,System Normal ✅,Collecting Data,Normal
217.9,4.11,896.0,NORMAL,System Normal ✅,Collecting Data,Normal
233.5,4.17,974.0,NORMAL,System Normal ✅,Collecting Data,Normal
223.9,4.32,967.0,NORMAL,System Normal ✅,Stable,Normal
226.4,5.62,1272.0,NORMAL,System Normal ✅,Stable,Normal
229.0,5.57,1276.0,NORMAL,System Normal ✅,Stable,Normal
221.4,4.29,950.0,NORMAL,System Normal ✅,Collecting Data,Normal
222.2,4.06,902.0,NORMAL,System Normal ✅,Collecting Data,Normal
217.0,5.7,1237.0,NORMAL,System Normal ✅,Collecting Data,Normal
210.7,4.28,902.0,NORMAL,System Normal ✅,Collecting Data,Normal
225.9,5.91,1335.0,NORMAL,System Normal ✅,System Load Increasing,Normal
238.3,4.47,1065.0,CRITICAL,High Voltage ⚠️,System Load Increasing,Normal
216.4,5.33,1153.0,NORMAL,System Normal ✅,Collecting Data,Normal
228.6,5.85,1337.0,NORMAL,System Normal ✅,Collecting Data,Normal
225.1,4.29,966.0,NORMAL,System Normal ✅,Collecting Data,Normal
226.3,5.82,1317.0,NORMAL,System Normal ✅,Collecting Data,Normal
222.1,4.02,893.0,NORMAL,System Normal ✅,Stable,Normal
222.9,5.86,1306.0,NORMAL,System Normal ✅,Stable,Normal
228.6,5.53,1264.0,NORMAL,System Normal ✅,Collecting Data,Normal
211.6,4.89,1035.0,NORMAL,System Normal ✅,Collecting Data,Normal
234.0,5.95,1392.0,NORMAL,System Normal ✅,Collecting Data,Normal
228.8,5.02,1149.0,NORMAL,System Normal ✅,Collecting Data,Normal
214.9,4.45,956.0,NORMAL,System Normal ✅,Collecting Data,Normal
239.7,4.64,1112.0,CRITICAL,High Voltage ⚠️,Collecting Data,Normal
215.0,5.17,1112.0,NORMAL,System Normal ✅,Collecting Data,Normal
229.4,5.52,1266.0,NORMAL,System Normal ✅,Collecting Data,Normal
236.0,4.56,1076.0,WARNING,High Voltage ⚠️,System Load Increasing,Normal
237.2,4.23,1003.0,WARNING,High Voltage ⚠️,Collecting Data,Normal
233.2,4.14,965.0,NORMAL,System Normal ✅,Collecting Data,Normal
226.6,5.59,1267.0,NORMAL,System Normal ✅,Collecting Data,Normal
222.3,5.65,1256.0,NORMAL,System Normal ✅,Collecting Data,Normal
227.8,4.39,1000.0,NORMAL,System Normal ✅,Collecting Data,Normal
229.0,4.93,1129.0,NORMAL,System Normal ✅,Collecting Data,Normal
223.2,4.06,906.0,NORMAL,System Normal ✅,Stable,Normal
239.0,4.83,1154.0,CRITICAL,High Voltage ⚠️,Collecting Data,Normal
226.3,5.36,1213.0,NORMAL,System Normal ✅,Collecting Data,Normal
215.5,4.64,1000.0,NORMAL,System Normal ✅,Collecting Data,Normal
218.8,5.42,1186.0,NORMAL,System Normal ✅,Collecting Data,Normal
235.5,5.27,1241.0,WARNING,High Voltage ⚠️,Collecting Data,Normal
216.9,4.75,1030.0,NORMAL,System Normal ✅,Collecting Data,Normal
233.9,4.3,1006.0,NORMAL,System Normal ✅,Collecting Data,Normal
222.9,4.02,896.0,NORMAL,System Normal ✅,Collecting Data,Normal
235.9,4.79,1130.0,WARNING,High Voltage ⚠️,Collecting Data,Normal
232.7,5.29,1231.0,NORMAL,System Normal ✅,Collecting Data,Normal
225.4,4.93,1111.0,NORMAL,System Normal ✅,Collecting Data,Normal
217.9,4.11,896.0,NORMAL,System Normal ✅,Collecting Data,Normal
224.5,5.33,1197.0,NORMAL,System Normal ✅,Collecting Data,Normal
222.2,4.03,895.0,NORMAL,System Normal ✅,Collecting Data,Normal
216.5,5.6,1212.0,NORMAL,System Normal ✅,Collecting Data,Normal
221.0,5.65,1249.0,NORMAL,System Normal ✅,Collecting Data,Normal
234.7,5.12,1202.0,NORMAL,System Normal ✅,Collecting Data,Normal
239.2,4.61,1103.0,CRITICAL,High Voltage ⚠️,System Load Increasing,Normal
225.7,5.81,1311.0,NORMAL,System Normal ✅,Stable,Normal
217.9,5.58,1216.0,NORMAL,System Normal ✅,Stable,Normal
231.3,4.77,1103.0,NORMAL,System Normal ✅,System Load Increasing,Normal
224.2,4.74,1063.0,NORMAL,System Normal ✅,Stable,Normal
221.5,5.2,1152.0,NORMAL,System Normal ✅,Stable,Normal
215.9,4.25,918.0,NORMAL,System Normal ✅,Stable,Normal
211.8,5.72,1211.0,NORMAL,System Normal ✅,Stable,Normal
210.9,4.18,882.0,NORMAL,System Normal ✅,Stable,Normal
215.5,4.88,1052.0,NORMAL,System Normal ✅,Stable,Normal
223.3,5.2,1161.0,NORMAL,System Normal ✅,Collecting Data,Normal
237.7,4.4,1046.0,WARNING,High Voltage ⚠️,Collecting Data,Normal
211.6,4.58,969.0,NORMAL,System Normal ✅,Collecting Data,Normal
216.1,5.28,1141.0,NORMAL,System Normal ✅,Collecting Data,Normal
227.7,5.94,1353.0,NORMAL,System Normal ✅,Stable,Normal
214.8,5.13,1102.0,NORMAL,System Normal ✅,Stable,Normal
221.4,4.94,1094.0,NORMAL,System Normal ✅,Stable,Normal
233.0,5.3,1235.0,NORMAL,System Normal ✅,System Load Increasing,Normal
232.2,5.11,1187.0,NORMAL,System Normal ✅,System Load Increasing,Normal
231.1,4.09,945.0,NORMAL,System Normal ✅,System Load Increasing,Normal
227.7,4.68,1066.0,NORMAL,System Normal ✅,Stable,Normal
214.5,4.48,961.0,NORMAL,System Normal ✅,Stable,Normal
218.3,5.71,1246.0,NORMAL,System Normal ✅,Stable,Normal
217.4,4.28,930.0,NORMAL,System Normal ✅,Stable,Normal
237.6,5.57,1323.0,WARNING,High Voltage ⚠️,System Load Increasing,Normal
222.5,5.5,1224.0,NORMAL,System Normal ✅,Stable,Normal
236.8,4.81,1139.0,WARNING,High Voltage ⚠️,System Load Increasing,Normal
234.4,5.2,1219.0,NORMAL,System Normal ✅,System Load Increasing,Normal
213.3,5.32,1135.0,NORMAL,System Normal ✅,Stable,Normal
238.6,4.81,1148.0,CRITICAL,High Voltage ⚠️,System Load Increasing,Normal
215.1,5.05,1086.0,NORMAL,System Normal ✅,Stable,Normal
222.7,5.29,1178.0,NORMAL,System Normal ✅,Stable,Normal
236.1,4.82,1138.0,WARNING,High Voltage ⚠️,System Load Increasing,Normal
228.2,5.78,1319.0,NORMAL,System Normal ✅,Stable,Normal
225.9,5.17,1168.0,NORMAL,System Normal ✅,Stable,Normal
231.4,4.27,988.0,NORMAL,System Normal ✅,Stable,Normal
239.4,5.95,1424.0,CRITICAL,High Voltage ⚠️,System Load Increasing,Normal
237.2,5.36,1271.0,WARNING,High Voltage ⚠️,System Load Increasing,Normal
234.0,5.1,1193.0,NORMAL,System Normal ✅,System Load Increasing,Normal
233.6,4.17,974.0,NORMAL,System Normal ✅,System Load Increasing,Normal
213.4,5.41,1154.0,NORMAL,System Normal ✅,Stable,Normal
234.3,4.2,984.0,NORMAL,System Normal ✅,System Load Increasing,Normal
227.4,4.81,1094.0,NORMAL,System Normal ✅,Stable,Normal
229.0,4.4,1008.0,NORMAL,System Normal ✅,Stable,Normal
223.4,4.32,965.0,NORMAL,System Normal ✅,Stable,Normal
220.5,4.88,1076.0,NORMAL,System Normal ✅,Stable,Normal
223.9,5.5,1231.0,NORMAL,System Normal ✅,Stable,Normal
236.7,4.43,1049.0,WARNING,High Voltage ⚠️,System Load Increasing,Normal
230.0,5.65,1300.0,NORMAL,System Normal ✅,Stable,Normal
212.0,5.23,1109.0,NORMAL,System Normal ✅,Stable,Normal
223.2,4.41,984.0,NORMAL,System Normal ✅,Stable,Normal
220.8,5.76,1272.0,NORMAL,System Normal ✅,Stable,Normal
237.9,4.04,961.0,WARNING,High Voltage ⚠️,System Load Increasing,Normal
217.5,4.18,909.0,NORMAL,System Normal ✅,Stable,Normal
227.0,5.2,1180.0,NORMAL,System Normal ✅,Stable,Normal
227.8,4.38,998.0,NORMAL,System Normal ✅,Stable,Normal
222.0,4.13,917.0,NORMAL,System Normal ✅,Stable,Normal
225.4,5.75,1296.0,NORMAL,System Normal ✅,Stable,Normal
236.1,4.57,1079.0,WARNING,High Voltage ⚠️,System Load Increasing,Normal
229.9,4.21,968.0,NORMAL,System Normal ✅,Stable,Normal
210.0,5.3,1113.0,NORMAL,System Normal ✅,Voltage Spike Risk,Anomaly 🚨
233.7,4.88,1140.0,NORMAL,System Normal ✅,System Load Increasing,Normal
215.1,4.62,994.0,NORMAL,System Normal ✅,Stable,Normal
227.5,4.33,985.0,NORMAL,System Normal ✅,Stable,Normal
214.3,5.65,1211.0,NORMAL,System Normal ✅,Stable,Normal
231.3,5.62,1300.0,NORMAL,System Normal ✅,System Load Increasing,Normal
210.9,4.91,1036.0,NORMAL,System Normal ✅,Stable,Normal
224.6,5.54,1244.0,NORMAL,System Normal ✅,Stable,Normal
223.4,4.79,1070.0,NORMAL,System Normal ✅,Stable,Normal
234.6,4.61,1082.0,NORMAL,System Normal ✅,System Load Increasing,Normal
223.1,5.76,1285.0,NORMAL,System Normal ✅,Stable,Normal
220.2,5.55,1222.0,NORMAL,System Normal ✅,Stable,Normal
216.4,4.71,1019.0,NORMAL,System Normal ✅,Stable,Normal
235.8,5.48,1292.0,WARNING,High Voltage ⚠️,System Load Increasing,Normal
210.5,5.08,1069.0,NORMAL,System Normal ✅,Stable,Normal
217.9,5.46,1190.0,NORMAL,System Normal ✅,Stable,Normal
220.5,4.97,1096.0,NORMAL,System Normal ✅,Stable,Normal
214.8,5.27,1132.0,NORMAL,System Normal ✅,Stable,Normal
233.7,4.22,986.0,NORMAL,System Normal ✅,System Load Increasing,Normal
223.7,4.67,1045.0,NORMAL,System Normal ✅,Stable,Normal
219.3,4.46,978.0,NORMAL,System Normal ✅,Stable,Normal
219.8,5.32,1169.0,NORMAL,System Normal ✅,Stable,Normal
227.3,4.03,916.0,NORMAL,System Normal ✅,Stable,Normal
210.6,4.9,1032.0,NORMAL,System Normal ✅,Stable,Normal
222.6,4.66,1037.0,NORMAL,System Normal ✅,Stable,Normal
231.0,5.14,1187.0,NORMAL,System Normal ✅,System Load Increasing,Normal
231.2,5.27,1218.0,NORMAL,System Normal ✅,System Load Increasing,Normal
223.4,5.01,1119.0,NORMAL,System Normal ✅,Stable,Normal
211.0,5.42,1144.0,NORMAL,System Normal ✅,Stable,Normal
238.3,5.7,1358.0,CRITICAL,High Voltage ⚠️,System Load Increasing,Normal
231.8,4.44,1029.0,NORMAL,System Normal ✅,System Load Increasing,Normal
233.5,4.62,1079.0,NORMAL,System Normal ✅,System Load Increasing,Normal
228.0,4.9,1117.0,NORMAL,System Normal ✅,Stable,Normal
228.2,4.52,1031.0,NORMAL,System Normal ✅,Stable,Normal
223.3,5.18,1157.0,NORMAL,System Normal ✅,Stable,Normal
226.4,4.01,908.0,NORMAL,System Normal ✅,Stable,Normal
218.5,4.02,878.0,NORMAL,System Normal ✅,Stable,Normal
226.9,5.57,1264.0,NORMAL,System Normal ✅,Stable,Normal
212.8,4.69,998.0,NORMAL,System Normal ✅,Stable,Normal
210.6,5.81,1224.0,NORMAL,System Normal ✅,Stable,Normal
238.9,4.92,1175.0,CRITICAL,High Voltage ⚠️,System Load Increasing,Normal
211.6,5.06,1071.0,NORMAL,System Normal ✅,Stable,Normal
234.7,4.13,969.0,NORMAL,System Normal ✅,System Load Increasing,Normal
232.5,4.08,949.0,NORMAL,System Normal ✅,System Load Increasing,Normal
219.4,4.48,983.0,NORMAL,System Normal ✅,Stable,Normal
219.0,5.05,1106.0,NORMAL,System Normal ✅,Stable,Normal
216.8,5.73,1242.0,NORMAL,System Normal ✅,Stable,Normal
222.7,5.76,1283.0,NORMAL,System Normal ✅,Stable,Normal
222.2,5.63,1251.0,NORMAL,System Normal ✅,Stable,Normal
221.0,5.68,1255.0,NORMAL,System Normal ✅,Stable,Normal
217.5,5.32,1157.0,NORMAL,System Normal ✅,Stable,Normal
228.0,4.23,964.0,NORMAL,System Normal ✅,System Load Increasing,Normal
239.5,5.61,1344.0,CRITICAL,High Voltage ⚠️,System Load Increasing,Normal
211.5,4.04,854.0,NORMAL,System Normal ✅,Stable,Normal
231.2,4.95,1144.0,NORMAL,System Normal ✅,System Load Increasing,Normal
229.9,5.64,1297.0,NORMAL,System Normal ✅,System Load Increasing,Normal
234.2,5.28,1237.0,NORMAL,System Normal ✅,System Load Increasing,Normal
232.0,5.1,1183.0,NORMAL,System Normal ✅,System Load Increasing,Normal
239.7,4.52,1083.0,CRITICAL,High Voltage ⚠️,System Load Increasing,Normal
234.7,4.14,972.0,NORMAL,System Normal ✅,System Load Increasing,Normal
227.2,4.34,986.0,NORMAL,System Normal ✅,Stable,Normal
231.9,4.59,1064.0,NORMAL,System Normal ✅,Stable,Normal
225.3,5.12,1154.0,NORMAL,System Normal ✅,Stable,Normal
233.8,5.82,1361.0,NORMAL,System Normal ✅,System Load Increasing,Normal
236.4,5.48,1295.0,WARNING,High Voltage ⚠️,System Load Increasing,Normal
215.4,5.57,1200.0,NORMAL,System Normal ✅,Stable,Normal
215.3,4.92,1059.0,NORMAL,System Normal ✅,Stable,Normal
229.8,4.03,926.0,NORMAL,System Normal ✅,Stable,Normal
219.3,5.63,1235.0,NORMAL,System Normal ✅,Stable,Normal
214.5,5.44,1167.0,NORMAL,System Normal ✅,Stable,Normal
225.6,4.33,977.0,NORMAL,System Normal ✅,Stable,Normal
215.2,4.96,1067.0,NORMAL,System Normal ✅,Stable,Normal
231.8,4.58,1062.0,NORMAL,System Normal ✅,System Load Increasing,Normal
223.3,5.58,1246.0,NORMAL,System Normal ✅,Stable,Normal
221.5,4.6,1019.0,NORMAL,System Normal ✅,Stable,Normal
214.7,4.65,998.0,NORMAL,System Normal ✅,Stable,Normal
211.3,4.75,1004.0,NORMAL,System Normal ✅,Stable,Normal
232.9,4.74,1104.0,NORMAL,System Normal ✅,System Load Increasing,Normal
235.0,5.78,1358.0,NORMAL,System Normal ✅,System Load Increasing,Normal
218.3,4.24,926.0,NORMAL,System Normal ✅,Stable,Normal
236.4,4.59,1085.0,WARNING,High Voltage ⚠️,System Load Increasing,Normal
236.1,4.08,963.0,WARNING,High Voltage ⚠️,System Load Increasing,Normal
225.2,4.14,932.0,NORMAL,System Normal ✅,Stable,Normal
233.6,5.89,1376.0,NORMAL,System Normal ✅,System Load Increasing,Normal
220.6,5.98,1319.0,NORMAL,System Normal ✅,Stable,Normal
210.5,4.38,922.0,NORMAL,System Normal ✅,Stable,Normal
225.8,5.11,1154.0,NORMAL,System Normal ✅,Stable,Normal
215.8,4.43,956.0,NORMAL,System Normal ✅,Stable,Normal
232.6,5.77,1342.0,NORMAL,System Normal ✅,System Load Increasing,Normal
228.6,5.05,1154.0,NORMAL,System Normal ✅,Stable,Normal
237.7,4.8,1141.0,WARNING,High Voltage ⚠️,System Load Increasing,Normal
218.0,5.11,1114.0,NORMAL,System Normal ✅,Stable,Normal
218.9,4.61,1009.0,NORMAL,System Normal ✅,Stable,Normal
210.3,5.99,1260.0,NORMAL,System Normal ✅,Stable,Normal
211.8,5.7,1207.0,NORMAL,System Normal ✅,Stable,Normal
225.7,4.08,921.0,NORMAL,System Normal ✅,Stable,Normal
230.7,4.82,1112.0,NORMAL,System Normal ✅,System Load Increasing,Normal
221.3,5.97,1321.0,NORMAL,System Normal ✅,Stable,Normal
217.2,4.02,873.0,NORMAL,System Normal ✅,Stable,Normal
233.9,4.84,1132.0,NORMAL,System Normal ✅,System Load Increasing,Normal
230.9,5.54,1279.0,NORMAL,System Normal ✅,System Load Increasing,Normal
213.2,5.6,1194.0,NORMAL,System Normal ✅,Stable,Normal
213.4,5.24,1118.0,NORMAL,System Normal ✅,Stable,Normal
213.6,4.1,876.0,NORMAL,System Normal ✅,Stable,Normal
215.3,5.31,1143.0,NORMAL,System Normal ✅,Stable,Normal
214.1,5.77,1235.0,NORMAL,System Normal ✅,Stable,Normal
231.4,4.47,1034.0,NORMAL,System Normal ✅,System Load Increasing,Normal
210.8,4.91,1035.0,NORMAL,System Normal ✅,Stable,Normal
219.8,4.64,1020.0,NORMAL,System Normal ✅,Stable,Normal
228.2,5.26,1200.0,NORMAL,System Normal ✅,System Load Increasing,Normal
216.4,5.12,1108.0,NORMAL,System Normal ✅,Stable,Normal
218.6,4.25,929.0,NORMAL,System Normal ✅,Stable,Normal
224.7,4.69,1054.0,NORMAL,System Normal ✅,Stable,Normal
230.3,4.62,1064.0,NORMAL,System Normal ✅,System Load Increasing,Normal
232.5,5.31,1235.0,NORMAL,System Normal ✅,System Load Increasing,Normal
219.7,5.18,1138.0,NORMAL,System Normal ✅,Stable,Normal
212.8,5.03,1070.0,NORMAL,System Normal ✅,Stable,Normal
225.6,4.72,1065.0,NORMAL,System Normal ✅,Stable,Normal
227.0,4.27,969.0,NORMAL,System Normal ✅,System Load Increasing,Normal
224.7,4.39,986.0,NORMAL,System Normal ✅,Stable,Normal
233.4,4.16,971.0,NORMAL,System Normal ✅,System Load Increasing,Normal
218.5,5.89,1287.0,NORMAL,System Normal ✅,Stable,Normal
218.9,5.84,1278.0,NORMAL,System Normal ✅,Stable,Normal
218.0,5.78,1260.0,NORMAL,System Normal ✅,Stable,Normal
222.8,4.32,962.0,NORMAL,System Normal ✅,Stable,Normal
236.4,5.36,1267.0,WARNING,High Voltage ⚠️,System Load Increasing,Normal
237.3,5.95,1412.0,WARNING,High Voltage ⚠️,System Load Increasing,Normal
214.5,5.29,1135.0,NORMAL,System Normal ✅,Stable,Normal
215.3,5.25,1130.0,NORMAL,System Normal ✅,Stable,Normal
220.6,4.75,1048.0,NORMAL,System Normal ✅,Stable,Normal
214.7,5.69,1222.0,NORMAL,System Normal ✅,Stable,Normal
229.9,4.41,1014.0,NORMAL,System Normal ✅,System Load Increasing,Normal
226.0,5.33,1205.0,NORMAL,System Normal ✅,Stable,Normal
226.7,4.32,979.0,NORMAL,System Normal ✅,Stable,Normal
229.5,4.68,1074.0,NORMAL,System Normal ✅,System Load Increasing,Normal
230.5,4.59,1058.0,NORMAL,System Normal ✅,System Load Increasing,Normal
235.0,5.94,1396.0,NORMAL,System Normal ✅,System Load Increasing,Normal
215.3,4.64,999.0,NORMAL,System Normal ✅,Stable,Normal
229.8,4.69,1078.0,NORMAL,System Normal ✅,Stable,Normal
233.4,4.57,1067.0,NORMAL,System Normal ✅,System Load Increasing,Normal
227.2,4.68,1063.0,NORMAL,System Normal ✅,Stable,Normal
229.4,4.19,961.0,NORMAL,System Normal ✅,Stable,Normal
212.8,4.48,953.0,NORMAL,System Normal ✅,Stable,Normal
216.1,4.89,1057.0,NORMAL,System Normal ✅,Stable,Normal
236.6,5.62,1330.0,WARNING,High Voltage ⚠️,System Load Increasing,Normal
219.0,5.74,1257.0,NORMAL,System Normal ✅,Stable,Normal
216.5,4.51,976.0,NORMAL,System Normal ✅,Stable,Normal
212.2,5.98,1269.0,NORMAL,System Normal ✅,Stable,Normal
210.3,5.33,1121.0,NORMAL,System Normal ✅,Stable,Normal
238.5,4.5,1073.0,CRITICAL,High Voltage ⚠️,System Load Increasing,Normal
233.4,5.89,1375.0,NORMAL,System Normal ✅,System Load Increasing,Normal
219.4,5.25,1152.0,NORMAL,System Normal ✅,Stable,Normal
230.1,4.63,1065.0,NORMAL,System Normal ✅,System Load Increasing,Normal
233.1,5.69,1326.0,NORMAL,System Normal ✅,System Load Increasing,Normal
216.3,4.74,1025.0,NORMAL,System Normal ✅,Stable,Normal
217.9,5.46,1190.0,NORMAL,System Normal ✅,Stable,Normal
214.7,5.94,1275.0,NORMAL,System Normal ✅,Stable,Normal
237.9,5.43,1292.0,WARNING,High Voltage ⚠️,System Load Increasing,Normal
237.4,5.32,1263.0,WARNING,High Voltage ⚠️,System Load Increasing,Normal
236.3,5.25,1241.0,WARNING,High Voltage ⚠️,System Load Increasing,Normal
236.2,5.66,1337.0,WARNING,High Voltage ⚠️,System Load Increasing,Normal
226.2,4.33,979.0,NORMAL,System Normal ✅,Stable,Normal
230.1,4.6,1058.0,NORMAL,System Normal ✅,Stable,Normal
213.8,4.59,981.0,NORMAL,System Normal ✅,Stable,Normal
214.1,5.57,1193.0,NORMAL,System Normal ✅,Stable,Normal
231.5,5.11,1183.0,NORMAL,System Normal ✅,System Load Increasing,Normal
234.8,4.04,949.0,NORMAL,System Normal ✅,System Load Increasing,Normal
218.7,5.65,1236.0,NORMAL,System Normal ✅,Stable,Normal
218.2,4.05,884.0,NORMAL,System Normal ✅,Stable,Normal
210.4,5.62,1182.0,NORMAL,System Normal ✅,Stable,Normal
237.2,5.21,1236.0,WARNING,High Voltage ⚠️,System Load Increasing,Normal
238.9,4.87,1163.0,CRITICAL,High Voltage ⚠️,System Load Increasing,Normal
212.1,5.68,1205.0,NORMAL,System Normal ✅,Stable,Normal
211.0,4.25,897.0,NORMAL,System Normal ✅,Stable,Normal
235.6,5.19,1223.0,WARNING,High Voltage ⚠️,System Load Increasing,Normal
220.5,5.07,1118.0,NORMAL,System Normal ✅,Stable,Normal
213.6,4.83,1032.0,NORMAL,System Normal ✅,Stable,Normal
214.5,4.66,1000.0,NORMAL,System Normal ✅,Stable,Normal
211.0,4.2,886.0,NORMAL,System Normal ✅,Stable,Normal
224.8,4.87,1095.0,NORMAL,System Normal ✅,Stable,Normal
214.1,4.31,923.0,NORMAL,System Normal ✅,Stable,Normal
230.1,4.48,1031.0,NORMAL,System Normal ✅,System Load Increasing,Normal
223.4,5.35,1195.0,NORMAL,System Normal ✅,Stable,Normal
220.7,5.46,1205.0,NORMAL,System Normal ✅,Stable,Normal
211.6,5.11,1081.0,NORMAL,System Normal ✅,Stable,Normal
239.4,4.56,1092.0,CRITICAL,High Voltage ⚠️,System Load Increasing,Normal
232.3,4.62,1073.0,NORMAL,System Normal ✅,System Load Increasing,Normal
212.2,5.75,1220.0,NORMAL,System Normal ✅,Stable,Normal
239.8,4.13,990.0,CRITICAL,High Voltage ⚠️,System Load Increasing,Normal
215.2,5.58,1201.0,NORMAL,System Normal ✅,Stable,Normal
210.0,4.04,848.0,NORMAL,System Normal ✅,Stable,Normal
228.7,5.35,1224.0,NORMAL,System Normal ✅,System Load Increasing,Normal
236.4,5.94,1404.0,WARNING,High Voltage ⚠️,System Load Increasing,Normal
233.1,5.03,1172.0,NORMAL,System Normal ✅,System Load Increasing,Normal
212.9,4.58,975.0,NORMAL,System Normal ✅,Stable,Normal
226.5,4.96,1123.0,NORMAL,System Normal ✅,Stable,Normal
230.0,4.09,941.0,NORMAL,System Normal ✅,System Load Increasing,Normal
230.3,4.21,970.0,NORMAL,System Normal ✅,System Load Increasing,Normal
222.4,4.4,979.0,NORMAL,System Normal ✅,Stable,Normal
216.0,4.83,1043.0,NORMAL,System Normal ✅,Stable,Normal
238.2,4.04,962.0,CRITICAL,High Voltage ⚠️,System Load Increasing,Normal
214.3,5.75,1232.0,NORMAL,System Normal ✅,Stable,Normal
222.1,4.15,922.0,NORMAL,System Normal ✅,Stable,Normal
226.2,4.12,932.0,NORMAL,System Normal ✅,Stable,Normal
234.8,4.02,944.0,NORMAL,System Normal ✅,System Load Increasing,Normal
221.0,5.22,1154.0,NORMAL,System Normal ✅,Stable,Normal
236.7,5.71,1352.0,WARNING,High Voltage ⚠️,System Load Increasing,Normal
237.5,4.65,1104.0,WARNING,High Voltage ⚠️,System Load Increasing,Normal
210.4,5.05,1063.0,NORMAL,System Normal ✅,Stable,Normal
218.5,4.45,972.0,NORMAL,System Normal ✅,Stable,Normal
226.4,5.99,1356.0,NORMAL,System Normal ✅,Stable,Normal
229.5,5.7,1308.0,NORMAL,System Normal ✅,Stable,Normal
215.0,4.97,1069.0,NORMAL,System Normal ✅,Stable,Normal
214.4,4.81,1031.0,NORMAL,System Normal ✅,Stable,Normal
224.4,5.57,1250.0,NORMAL,System Normal ✅,Stable,Normal
233.8,4.79,1120.0,NORMAL,System Normal ✅,System Load Increasing,Normal
221.5,5.65,1251.0,NORMAL,System Normal ✅,Stable,Normal
224.0,5.82,1304.0,NORMAL,System Normal ✅,Stable,Normal
225.2,5.18,1167.0,NORMAL,System Normal ✅,Stable,Normal
238.0,4.46,1061.0,WARNING,High Voltage ⚠️,System Load Increasing,Normal
232.8,5.24,1220.0,NORMAL,System Normal ✅,System Load Increasing,Normal
237.5,4.09,971.0,WARNING,High Voltage ⚠️,System Load Increasing,Normal
225.0,5.34,1202.0,NORMAL,System Normal ✅,Stable,Normal
239.4,5.44,1302.0,CRITICAL,High Voltage ⚠️,System Load Increasing,Normal
217.6,4.4,957.0,NORMAL,System Normal ✅,Stable,Normal
223.6,4.44,993.0,NORMAL,System Normal ✅,Stable,Normal
215.6,4.78,1031.0,NORMAL,System Normal ✅,Stable,Normal
229.4,5.74,1317.0,NORMAL,System Normal ✅,Stable,Normal
225.5,5.96,1344.0,NORMAL,System Normal ✅,Stable,Normal
231.0,4.36,1007.0,NORMAL,System Normal ✅,Stable,Normal
230.7,5.94,1370.0,NORMAL,System Normal ✅,Stable,Normal
212.4,4.13,877.0,NORMAL,System Normal ✅,Stable,Normal
216.9,4.97,1078.0,NORMAL,System Normal ✅,Stable,Normal
224.7,4.78,1074.0,NORMAL,System Normal ✅,Stable,Normal
231.8,5.72,1326.0,NORMAL,System Normal ✅,Stable,Normal
231.8,4.43,1027.0,NORMAL,System Normal ✅,System Load Increasing,Normal
215.6,4.43,955.0,NORMAL,System Normal ✅,Stable,Normal
229.6,5.09,1169.0,NORMAL,System Normal ✅,Stable,Normal
214.5,5.14,1103.0,NORMAL,System Normal ✅,Stable,Normal
226.1,4.15,938.0,NORMAL,System Normal ✅,Stable,Normal
216.2,5.42,1172.0,NORMAL,System Normal ✅,Stable,Normal
218.7,5.96,1303.0,NORMAL,System Normal ✅,Stable,Normal
218.6,4.19,916.0,NORMAL,System Normal ✅,Stable,Normal
237.9,4.38,1042.0,WARNING,High Voltage ⚠️,System Load Increasing,Normal
218.9,5.43,1189.0,NORMAL,System Normal ✅,Stable,Normal
222.1,4.94,1097.0,NORMAL,System Normal ✅,Stable,Normal
218.7,5.45,1192.0,NORMAL,System Normal ✅,Stable,Normal
210.4,5.96,1254.0,NORMAL,System Normal ✅,Stable,Normal
225.8,5.62,1269.0,NORMAL,System Normal ✅,Stable,Normal
224.1,4.23,948.0,NORMAL,System Normal ✅,Stable,Normal
210.1,4.85,1019.0,NORMAL,System Normal ✅,Stable,Normal
228.7,5.28,1208.0,NORMAL,System Normal ✅,System Load Increasing,Normal
236.5,4.2,993.0,WARNING,High Voltage ⚠️,System Load Increasing,Normal
232.0,5.35,1241.0,NORMAL,System Normal ✅,System Load Increasing,Normal
227.0,5.84,1326.0,NORMAL,System Normal ✅,Stable,Normal
225.2,5.17,1164.0,NORMAL,System Normal ✅,Stable,Normal
211.3,4.44,938.0,NORMAL,System Normal ✅,Stable,Normal
221.1,4.37,966.0,NORMAL,System Normal ✅,Stable,Normal
228.9,5.34,1222.0,NORMAL,System Normal ✅,System Load Increasing,Normal
216.7,5.72,1240.0,NORMAL,System Normal ✅,Stable,Normal
220.5,5.44,1200.0,NORMAL,System Normal ✅,Stable,Normal
228.9,5.89,1348.0,NORMAL,System Normal ✅,System Load Increasing,Normal
231.3,4.88,1129.0,NORMAL,System Normal ✅,System Load Increasing,Normal
220.8,4.85,1071.0,NORMAL,System Normal ✅,Stable,Normal
225.2,5.7,1284.0,NORMAL,System Normal ✅,Stable,Normal
215.8,5.94,1282.0,NORMAL,System Normal ✅,Stable,Normal
237.3,5.89,1398.0,WARNING,High Voltage ⚠️,System Load Increasing,Normal
215.0,4.56,980.0,NORMAL,System Normal ✅,Stable,Normal
220.5,4.89,1078.0,NORMAL,System Normal ✅,Stable,Normal
216.7,5.37,1164.0,NORMAL,System Normal ✅,Stable,Normal
238.2,5.52,1315.0,CRITICAL,High Voltage ⚠️,System Load Increasing,Normal
235.0,5.14,1208.0,NORMAL,System Normal ✅,System Load Increasing,Normal
239.5,5.98,1432.0,CRITICAL,High Voltage ⚠️,System Load Increasing,Normal
225.6,5.01,1130.0,NORMAL,System Normal ✅,Stable,Normal
237.5,5.63,1337.0,WARNING,High Voltage ⚠️,System Load Increasing,Normal
224.1,4.26,955.0,NORMAL,System Normal ✅,Stable,Normal
230.2,4.24,976.0,NORMAL,System Normal ✅,Stable,Normal
220.2,4.1,903.0,NORMAL,System Normal ✅,Stable,Normal
219.9,5.76,1267.0,NORMAL,System Normal ✅,Stable,Normal
223.3,4.95,1105.0,NORMAL,System Normal ✅,Stable,Normal
216.4,5.76,1246.0,NORMAL,System Normal ✅,Stable,Normal
212.2,5.05,1072.0,NORMAL,System Normal ✅,Stable,Normal
234.3,4.68,1097.0,NORMAL,System Normal ✅,System Load Increasing,Normal
210.5,4.59,966.0,NORMAL,System Normal ✅,Stable,Normal
218.3,5.1,1113.0,NORMAL,System Normal ✅,Stable,Normal
237.8,4.82,1146.0,WARNING,High Voltage ⚠️,System Load Increasing,Normal
221.1,4.28,946.0,NORMAL,System Normal ✅,Stable,Normal
213.4,5.59,1193.0,NORMAL,System Normal ✅,Stable,Normal
227.1,5.23,1188.0,NORMAL,System Normal ✅,Stable,Normal
214.4,4.91,1053.0,NORMAL,System Normal ✅,Stable,Normal
218.0,5.03,1097.0,NORMAL,System Normal ✅,Stable,Normal
225.4,5.89,1328.0,NORMAL,System Normal ✅,Stable,Normal
219.0,4.28,937.0,NORMAL,System Normal ✅,Stable,Normal
215.0,4.21,905.0,NORMAL,System Normal ✅,Stable,Normal
221.3,4.63,1025.0,NORMAL,System Normal ✅,Stable,Normal
229.6,4.21,967.0,NORMAL,System Normal ✅,System Load Increasing,Normal
236.4,4.55,1076.0,WARNING,High Voltage ⚠️,System Load Increasing,Normal
218.1,5.14,1121.0,NORMAL,System Normal ✅,Stable,Normal
223.2,5.54,1237.0,NORMAL,System Normal ✅,Stable,Normal
211.4,5.44,1150.0,NORMAL,System Normal ✅,Stable,Normal
228.6,5.2,1189.0,NORMAL,System Normal ✅,System Load Increasing,Normal
213.1,5.9,1257.0,NORMAL,System Normal ✅,Stable,Normal
221.4,4.07,901.0,NORMAL,System Normal ✅,Stable,Normal
227.4,4.31,980.0,NORMAL,System Normal ✅,System Load Increasing,Normal
226.1,4.92,1112.0,NORMAL,System Normal ✅,Stable,Normal
227.9,5.16,1176.0,NORMAL,System Normal ✅,System Load Increasing,Normal
222.4,5.95,1323.0,NORMAL,System Normal ✅,Stable,Normal
213.1,5.82,1240.0,NORMAL,System Normal ✅,Stable,Normal
228.2,4.77,1089.0,NORMAL,System Normal ✅,System Load Increasing,Normal
226.9,5.48,1243.0,NORMAL,System Normal ✅,Stable,Normal
220.7,4.9,1081.0,NORMAL,System Normal ✅,Stable,Normal
232.9,5.97,1390.0,NORMAL,System Normal ✅,System Load Increasing,Normal
221.9,5.44,1207.0,NORMAL,System Normal ✅,Stable,Normal
236.9,5.62,1331.0,WARNING,High Voltage ⚠️,System Load Increasing,Normal
236.6,4.7,1112.0,WARNING,High Voltage ⚠️,System Load Increasing,Normal
231.8,4.09,948.0,NORMAL,System Normal ✅,System Load Increasing,Normal
214.2,4.22,904.0,NORMAL,System Normal ✅,Stable,Normal
221.4,5.88,1302.0,NORMAL,System Normal ✅,Stable,Normal
230.3,4.84,1115.0,NORMAL,System Normal ✅,System Load Increasing,Normal
213.4,5.22,1114.0,NORMAL,System Normal ✅,Stable,Normal
235.0,5.83,1370.0,NORMAL,System Normal ✅,System Load Increasing,Normal
227.7,4.26,970.0,NORMAL,System Normal ✅,Stable,Normal
231.3,5.68,1314.0,NORMAL,System Normal ✅,Stable,Normal
219.7,5.06,1112.0,NORMAL,System Normal ✅,Stable,Normal
223.0,5.7,1271.0,NORMAL,System Normal ✅,Stable,Normal
228.8,4.05,927.0,NORMAL,System Normal ✅,Stable,Normal
227.4,4.96,1128.0,NORMAL,System Normal ✅,Stable,Normal
229.9,4.1,943.0,NORMAL,System Normal ✅,Stable,Normal
227.2,4.24,963.0,NORMAL,System Normal ✅,Stable,Normal
220.5,5.17,1140.0,NORMAL,System Normal ✅,Stable,Normal
227.8,5.14,1171.0,NORMAL,System Normal ✅,Stable,Normal
219.1,4.12,903.0,NORMAL,System Normal ✅,Stable,Normal
238.7,5.3,1265.0,CRITICAL,High Voltage ⚠️,System Load Increasing,Normal
211.1,4.81,1015.0,NORMAL,System Normal ✅,Stable,Normal
232.8,4.36,1015.0,NORMAL,System Normal ✅,System Load Increasing,Normal
239.9,5.45,1307.0,CRITICAL,High Voltage ⚠️,System Load Increasing,Normal
211.7,5.53,1171.0,NORMAL,System Normal ✅,Stable,Normal
237.8,4.21,1001.0,WARNING,High Voltage ⚠️,System Load Increasing,Normal
226.3,4.51,1021.0,NORMAL,System Normal ✅,Stable,Normal
224.4,4.41,990.0,NORMAL,System Normal ✅,Stable,Normal
217.9,5.43,1183.0,NORMAL,System Normal ✅,Stable,Normal
232.5,5.09,1183.0,NORMAL,System Normal ✅,System Load Increasing,Normal
211.7,5.34,1130.0,NORMAL,System Normal ✅,Stable,Normal
228.1,4.77,1088.0,NORMAL,System Normal ✅,Stable,Normal
217.7,4.36,949.0,NORMAL,System Normal ✅,Stable,Normal
238.8,4.58,1094.0,CRITICAL,High Voltage ⚠️,System Load Increasing,Normal
228.4,4.75,1085.0,NORMAL,System Normal ✅,Stable,Normal
231.8,4.01,930.0,NORMAL,System Normal ✅,System Load Increasing,Normal
222.9,5.6,1248.0,NORMAL,System Normal ✅,Stable,Normal
236.6,4.36,1032.0,WARNING,High Voltage ⚠️,System Load Increasing,Normal
229.5,5.74,1317.0,NORMAL,System Normal ✅,Stable,Normal
219.0,4.28,937.0,NORMAL,System Normal ✅,Stable,Normal
223.5,4.02,898.0,NORMAL,System Normal ✅,Stable,Normal
228.5,5.72,1307.0,NORMAL,System Normal ✅,Stable,Normal
229.4,4.68,1074.0,NORMAL,System Normal ✅,Stable,Normal
236.4,4.71,1113.0,WARNING,High Voltage ⚠️,System Load Increasing,Normal
211.1,5.57,1176.0,NORMAL,System Normal ✅,Stable,Normal
213.4,5.04,1076.0,NORMAL,System Normal ✅,Stable,Normal
238.5,4.17,995.0,CRITICAL,High Voltage ⚠️,System Load Increasing,Normal
223.8,4.37,978.0,NORMAL,System Normal ✅,Stable,Normal
233.2,4.14,965.0,NORMAL,System Normal ✅,System Load Increasing,Normal
239.3,4.21,1007.0,CRITICAL,High Voltage ⚠️,System Load Increasing,Normal
232.2,6.0,1393.0,NORMAL,System Normal ✅,Stable,Normal
221.3,5.89,1303.0,NORMAL,System Normal ✅,Stable,Normal
235.5,4.9,1154.0,WARNING,High Voltage ⚠️,System Load Increasing,Normal
238.3,4.17,994.0,CRITICAL,High Voltage ⚠️,System Load Increasing,Normal
217.3,4.44,965.0,NORMAL,System Normal ✅,Stable,Normal
238.0,5.33,1269.0,WARNING,High Voltage ⚠️,System Load Increasing,Normal
216.9,4.88,1058.0,NORMAL,System Normal ✅,Stable,Normal
219.0,5.94,1301.0,NORMAL,System Normal ✅,Stable,Normal
225.6,5.63,1270.0,NORMAL,System Normal ✅,Stable,Normal
214.9,4.56,980.0,NORMAL,System Normal ✅,Stable,Normal
238.8,5.86,1399.0,CRITICAL,High Voltage ⚠️,System Load Increasing,Normal
237.4,5.41,1284.0,WARNING,High Voltage ⚠️,System Load Increasing,Normal
218.7,4.08,892.0,NORMAL,System Normal ✅,Stable,Normal
239.4,5.65,1353.0,CRITICAL,High Voltage ⚠️,System Load Increasing,Normal
234.5,5.04,1182.0,NORMAL,System Normal ✅,System Load Increasing,Normal
214.8,5.39,1158.0,NORMAL,System Normal ✅,Stable,Normal
233.4,4.52,1055.0,NORMAL,System Normal ✅,Stable,Normal
228.9,5.04,1154.0,NORMAL,System Normal ✅,Collecting Data,Normal
227.2,5.1,1159.0,NORMAL,System Normal ✅,Collecting Data,Normal
216.8,5.15,1117.0,NORMAL,System Normal ✅,Collecting Data,Normal
210.8,5.94,1252.0,NORMAL,System Normal ✅,Collecting Data,Normal
233.8,4.27,998.0,NORMAL,System Normal ✅,System Load Increasing,Normal
227.1,4.77,1083.0,NORMAL,System Normal ✅,Stable,Normal
233.2,5.32,1241.0,NORMAL,System Normal ✅,System Load Increasing,Normal
222.6,5.98,1331.0,NORMAL,System Normal ✅,Stable,Normal
239.6,4.71,1129.0,CRITICAL,High Voltage ⚠️,System Load Increasing,Normal
230.1,4.01,923.0,NORMAL,System Normal ✅,Collecting Data,Normal
239.5,5.65,1353.0,CRITICAL,High Voltage ⚠️,Collecting Data,Normal
231.5,4.12,954.0,NORMAL,System Normal ✅,Collecting Data,Normal
232.4,5.71,1327.0,NORMAL,System Normal ✅,Collecting Data,Normal
223.9,5.95,1332.0,NORMAL,System Normal ✅,Stable,Normal
210.2,5.88,1236.0,NORMAL,System Normal ✅,Stable,Normal
239.2,4.07,974.0,CRITICAL,High Voltage ⚠️,System Load Increasing,Normal
234.8,5.63,1322.0,NORMAL,System Normal ✅,Stable,Normal
219.9,5.06,1113.0,NORMAL,System Normal ✅,Stable,Normal
215.6,5.22,1125.0,NORMAL,System Normal ✅,Stable,Normal
216.0,4.11,888.0,NORMAL,System Normal ✅,Stable,Normal
221.0,5.16,1140.0,NORMAL,System Normal ✅,Stable,Normal
231.7,5.72,1325.0,NORMAL,System Normal ✅,System Load Increasing,Normal
221.0,4.15,917.0,NORMAL,System Normal ✅,Stable,Normal
232.7,4.86,1131.0,NORMAL,System Normal ✅,System Load Increasing,Normal
237.6,5.43,1290.0,WARNING,High Voltage ⚠️,System Load Increasing,Normal
237.0,5.6,1327.0,WARNING,High Voltage ⚠️,System Load Increasing,Normal
233.9,4.25,994.0,NORMAL,System Normal ✅,System Load Increasing,Normal
214.6,5.74,1232.0,NORMAL,System Normal ✅,Stable,Normal
234.9,5.15,1210.0,NORMAL,System Normal ✅,System Load Increasing,Normal
239.0,4.09,978.0,CRITICAL,High Voltage ⚠️,System Load Increasing,Normal
213.6,4.9,1047.0,NORMAL,System Normal ✅,Stable,Normal
225.6,5.11,1153.0,NORMAL,System Normal ✅,Stable,Normal
215.8,5.74,1239.0,NORMAL,System Normal ✅,Stable,Normal
231.8,4.18,969.0,NORMAL,System Normal ✅,System Load Increasing,Normal
235.6,5.67,1336.0,WARNING,High Voltage ⚠️,System Load Increasing,Normal
235.1,4.38,1030.0,WARNING,High Voltage ⚠️,System Load Increasing,Normal
224.4,4.33,972.0,NORMAL,System Normal ✅,Stable,Normal
229.2,4.3,986.0,NORMAL,System Normal ✅,Stable,Normal
234.0,4.9,1147.0,NORMAL,System Normal ✅,System Load Increasing,Normal
216.7,5.6,1214.0,NORMAL,System Normal ✅,Stable,Normal
220.9,4.27,943.0,NORMAL,System Normal ✅,Stable,Normal
217.6,5.82,1266.0,NORMAL,System Normal ✅,Stable,Normal
228.7,4.52,1034.0,NORMAL,System Normal ✅,Stable,Normal
229.0,5.13,1175.0,NORMAL,System Normal ✅,Stable,Normal
222.0,4.93,1094.0,NORMAL,System Normal ✅,Stable,Normal
217.8,5.76,1255.0,NORMAL,System Normal ✅,Stable,Normal
238.6,5.06,1207.0,CRITICAL,High Voltage ⚠️,System Load Increasing,Normal
239.4,4.86,1163.0,CRITICAL,High Voltage ⚠️,System Load Increasing,Normal
231.8,5.01,1161.0,NORMAL,System Normal ✅,Stable,Normal
216.1,4.68,1011.0,NORMAL,System Normal ✅,Stable,Normal
216.1,5.47,1182.0,NORMAL,System Normal ✅,Stable,Normal
227.4,4.64,1055.0,NORMAL,System Normal ✅,Stable,Normal
235.4,5.67,1335.0,WARNING,High Voltage ⚠️,System Load Increasing,Normal
234.9,5.65,1327.0,NORMAL,System Normal ✅,System Load Increasing,Normal
217.7,4.91,1069.0,NORMAL,System Normal ✅,Stable,Normal
215.7,5.23,1128.0,NORMAL,System Normal ✅,Stable,Normal
228.6,5.17,1182.0,NORMAL,System Normal ✅,Stable,Normal
227.6,5.2,1184.0,NORMAL,System Normal ✅,Stable,Normal
231.0,5.77,1333.0,NORMAL,System Normal ✅,System Load Increasing,Normal
216.9,5.42,1176.0,NORMAL,System Normal ✅,Stable,Normal
236.5,4.77,1128.0,WARNING,High Voltage ⚠️,System Load Increasing,Normal
235.2,5.01,1178.0,WARNING,High Voltage ⚠️,System Load Increasing,Normal
236.2,4.78,1129.0,WARNING,High Voltage ⚠️,System Load Increasing,Normal
238.4,5.84,1392.0,CRITICAL,High Voltage ⚠️,System Load Increasing,Normal
226.1,5.58,1262.0,NORMAL,System Normal ✅,Stable,Normal
218.8,5.69,1245.0,NORMAL,System Normal ✅,Stable,Normal
226.6,5.04,1142.0,NORMAL,System Normal ✅,Stable,Normal
222.4,5.32,1183.0,NORMAL,System Normal ✅,Stable,Normal
238.7,4.38,1046.0,CRITICAL,High Voltage ⚠️,System Load Increasing,Normal
233.3,4.92,1148.0,NORMAL,System Normal ✅,System Load Increasing,Normal
210.7,4.53,954.0,NORMAL,System Normal ✅,Voltage Spike Risk,Anomaly 🚨
223.8,4.5,1007.0,NORMAL,System Normal ✅,Stable,Normal
236.0,4.37,1031.0,WARNING,High Voltage ⚠️,System Load Increasing,Normal
219.8,4.87,1070.0,NORMAL,System Normal ✅,Stable,Normal
218.9,4.4,963.0,NORMAL,System Normal ✅,Stable,Normal
219.9,4.96,1091.0,NORMAL,System Normal ✅,Stable,Normal
212.6,4.88,1037.0,NORMAL,System Normal ✅,Stable,Normal
212.9,5.53,1177.0,NORMAL,System Normal ✅,Stable,Normal
225.2,5.26,1185.0,NORMAL,System Normal ✅,Stable,Normal
213.2,4.18,891.0,NORMAL,System Normal ✅,Stable,Normal
233.6,4.79,1119.0,NORMAL,System Normal ✅,System Load Increasing,Normal
234.7,4.88,1145.0,NORMAL,System Normal ✅,System Load Increasing,Normal
215.5,4.45,959.0,NORMAL,System Normal ✅,Stable,Normal
217.1,5.51,1196.0,NORMAL,System Normal ✅,Stable,Normal
224.2,5.61,1258.0,NORMAL,System Normal ✅,Stable,Normal
237.4,5.79,1375.0,WARNING,High Voltage ⚠️,System Load Increasing,Normal
239.2,5.74,1373.0,CRITICAL,High Voltage ⚠️,System Load Increasing,Normal
214.0,4.22,903.0,NORMAL,System Normal ✅,Stable,Normal
228.3,4.57,1043.0,NORMAL,System Normal ✅,Stable,Normal
229.1,5.14,1178.0,NORMAL,System Normal ✅,System Load Increasing,Normal
211.0,4.35,918.0,NORMAL,System Normal ✅,Stable,Normal
212.1,5.7,1209.0,NORMAL,System Normal ✅,Stable,Normal
217.8,5.66,1233.0,NORMAL,System Normal ✅,Stable,Normal
231.5,4.44,1028.0,NORMAL,System Normal ✅,System Load Increasing,Normal
231.4,4.77,1104.0,NORMAL,System Normal ✅,System Load Increasing,Normal
229.3,5.28,1211.0,NORMAL,System Normal ✅,System Load Increasing,Normal
222.9,5.37,1197.0,NORMAL,System Normal ✅,Stable,Normal
210.3,4.63,974.0,NORMAL,System Normal ✅,Stable,Normal
237.2,5.21,1236.0,WARNING,High Voltage ⚠️,System Load Increasing,Normal
214.9,4.25,913.0,NORMAL,System Normal ✅,Stable,Normal
227.2,4.01,911.0,NORMAL,System Normal ✅,Stable,Normal
215.0,4.39,944.0,NORMAL,System Normal ✅,Stable,Normal
212.5,5.23,1111.0,NORMAL,System Normal ✅,Stable,Normal
221.0,5.25,1160.0,NORMAL,System Normal ✅,Stable,Normal
217.7,4.15,903.0,NORMAL,System Normal ✅,Stable,Normal
237.5,5.53,1313.0,WARNING,High Voltage ⚠️,System Load Increasing,Normal
223.4,5.81,1298.0,NORMAL,System Normal ✅,Stable,Normal
217.8,4.93,1074.0,NORMAL,System Normal ✅,Stable,Normal
237.4,4.32,1026.0,WARNING,High Voltage ⚠️,System Load Increasing,Normal
234.9,4.34,1019.0,NORMAL,System Normal ✅,System Load Increasing,Normal
238.5,4.84,1154.0,CRITICAL,High Voltage ⚠️,System Load Increasing,Normal
230.2,5.47,1259.0,NORMAL,System Normal ✅,Stable,Normal
220.8,5.22,1153.0,NORMAL,System Normal ✅,Stable,Normal
229.7,4.53,1041.0,NORMAL,System Normal ✅,Stable,Normal
220.8,5.37,1186.0,NORMAL,System Normal ✅,Stable,Normal
231.8,5.62,1303.0,NORMAL,System Normal ✅,System Load Increasing,Normal
214.1,4.5,963.0,NORMAL,System Normal ✅,Stable,Normal
221.1,4.94,1092.0,NORMAL,System Normal ✅,Stable,Normal
238.7,5.9,1408.0,CRITICAL,High Voltage ⚠️,System Load Increasing,Normal
233.1,4.09,953.0,NORMAL,System Normal ✅,System Load Increasing,Normal
214.3,5.4,1157.0,NORMAL,System Normal ✅,Stable,Normal
221.0,5.19,1147.0,NORMAL,System Normal ✅,Stable,Normal
229.4,4.24,973.0,NORMAL,System Normal ✅,Stable,Normal
216.6,4.37,947.0,NORMAL,System Normal ✅,Stable,Normal
211.8,4.64,983.0,NORMAL,System Normal ✅,Stable,Normal
216.5,4.13,894.0,NORMAL,System Normal ✅,Stable,Normal
232.1,4.22,979.0,NORMAL,System Normal ✅,System Load Increasing,Normal
237.2,4.68,1110.0,WARNING,High Voltage ⚠️,System Load Increasing,Normal
215.0,4.35,935.0,NORMAL,System Normal ✅,Stable,Normal
231.5,5.59,1294.0,NORMAL,System Normal ✅,System Load Increasing,Normal
234.6,5.75,1349.0,NORMAL,System Normal ✅,System Load Increasing,Normal
229.6,5.85,1343.0,NORMAL,System Normal ✅,Stable,Normal
234.8,4.21,989.0,NORMAL,System Normal ✅,System Load Increasing,Normal
219.6,5.95,1307.0,NORMAL,System Normal ✅,Stable,Normal
236.9,5.72,1355.0,WARNING,High Voltage ⚠️,System Load Increasing,Normal
231.1,4.1,948.0,NORMAL,System Normal ✅,System Load Increasing,Normal
234.1,4.15,972.0,NORMAL,System Normal ✅,System Load Increasing,Normal
228.5,4.38,1001.0,NORMAL,System Normal ✅,Stable,Normal
225.6,4.57,1031.0,NORMAL,System Normal ✅,Stable,Normal
228.9,4.47,1023.0,NORMAL,System Normal ✅,Stable,Normal
227.5,5.1,1160.0,NORMAL,System Normal ✅,Stable,Normal
220.4,5.86,1292.0,NORMAL,System Normal ✅,Stable,Normal
216.2,4.89,1057.0,NORMAL,System Normal ✅,Stable,Normal
237.1,4.36,1034.0,WARNING,High Voltage ⚠️,System Load Increasing,Normal
228.0,4.26,971.0,NORMAL,System Normal ✅,Stable,Normal
234.1,5.38,1259.0,NORMAL,System Normal ✅,Stable,Normal
237.8,4.53,1077.0,WARNING,High Voltage ⚠️,System Load Increasing,Normal
239.5,4.82,1154.0,CRITICAL,High Voltage ⚠️,System Load Increasing,Normal
217.6,4.62,1005.0,NORMAL,System Normal ✅,Stable,Normal
231.5,4.17,965.0,NORMAL,System Normal ✅,Stable,Normal
236.3,5.85,1382.0,WARNING,High Voltage ⚠️,System Load Increasing,Normal
217.0,4.93,1070.0,NORMAL,System Normal ✅,Stable,Normal
211.6,4.11,870.0,NORMAL,System Normal ✅,Stable,Normal
220.8,5.63,1243.0,NORMAL,System Normal ✅,Stable,Normal
237.9,5.08,1209.0,WARNING,High Voltage ⚠️,System Load Increasing,Normal
214.1,4.53,970.0,NORMAL,System Normal ✅,Stable,Normal
217.8,5.69,1239.0,NORMAL,System Normal ✅,Stable,Normal
212.8,5.16,1098.0,NORMAL,System Normal ✅,Stable,Normal
218.0,4.77,1040.0,NORMAL,System Normal ✅,Stable,Normal
239.5,4.2,1006.0,CRITICAL,High Voltage ⚠️,System Load Increasing,Normal
231.3,4.64,1073.0,NORMAL,System Normal ✅,System Load Increasing,Normal
218.1,5.2,1134.0,NORMAL,System Normal ✅,Stable,Normal
224.0,4.57,1024.0,NORMAL,System Normal ✅,Stable,Normal
231.1,5.34,1234.0,NORMAL,System Normal ✅,System Load Increasing,Normal
236.3,4.15,981.0,WARNING,High Voltage ⚠️,System Load Increasing,Normal
233.9,5.25,1228.0,NORMAL,System Normal ✅,System Load Increasing,Normal
238.5,5.48,1307.0,CRITICAL,High Voltage ⚠️,System Load Increasing,Normal
211.4,5.46,1154.0,NORMAL,System Normal ✅,Stable,Normal
235.2,4.68,1101.0,WARNING,High Voltage ⚠️,System Load Increasing,Normal
212.9,5.98,1273.0,NORMAL,System Normal ✅,Stable,Normal
229.0,5.99,1372.0,NORMAL,System Normal ✅,Stable,Normal
233.5,4.45,1039.0,NORMAL,System Normal ✅,System Load Increasing,Normal
224.6,5.7,1280.0,NORMAL,System Normal ✅,Stable,Normal
217.3,4.88,1060.0,NORMAL,System Normal ✅,Stable,Normal
215.4,5.23,1127.0,NORMAL,System Normal ✅,Stable,Normal
211.3,4.05,856.0,NORMAL,System Normal ✅,Stable,Normal
218.3,4.32,943.0,NORMAL,System Normal ✅,Stable,Normal
224.9,5.27,1185.0,NORMAL,System Normal ✅,Stable,Normal
221.6,5.2,1152.0,NORMAL,System Normal ✅,Stable,Normal
225.9,4.12,931.0,NORMAL,System Normal ✅,Stable,Normal
219.0,4.74,1038.0,NORMAL,System Normal ✅,Stable,Normal
211.7,5.67,1200.0,NORMAL,System Normal ✅,Stable,Normal
226.2,5.69,1287.0,NORMAL,System Normal ✅,Stable,Normal
224.8,5.21,1171.0,NORMAL,System Normal ✅,Stable,Normal
231.5,4.58,1060.0,NORMAL,System Normal ✅,System Load Increasing,Normal
223.3,5.09,1137.0,NORMAL,System Normal ✅,Stable,Normal
238.7,5.2,1241.0,CRITICAL,High Voltage ⚠️,System Load Increasing,Normal
237.7,4.78,1136.0,WARNING,High Voltage ⚠️,System Load Increasing,Normal
217.7,4.36,949.0,NORMAL,System Normal ✅,Stable,Normal
231.7,4.24,982.0,NORMAL,System Normal ✅,System Load Increasing,Normal
234.8,5.46,1282.0,NORMAL,System Normal ✅,System Load Increasing,Normal
231.3,5.29,1224.0,NORMAL,System Normal ✅,System Load Increasing,Normal
223.9,4.68,1048.0,NORMAL,System Normal ✅,Stable,Normal
221.5,5.97,1322.0,NORMAL,System Normal ✅,Stable,Normal
234.4,4.61,1081.0,NORMAL,System Normal ✅,System Load Increasing,Normal
213.7,4.92,1051.0,NORMAL,System Normal ✅,Stable,Normal
218.6,5.28,1154.0,NORMAL,System Normal ✅,Stable,Normal
232.0,5.19,1204.0,NORMAL,System Normal ✅,System Load Increasing,Normal
224.8,5.06,1137.0,NORMAL,System Normal ✅,Stable,Normal
212.9,5.49,1169.0,NORMAL,System Normal ✅,Stable,Normal
223.3,5.09,1137.0,NORMAL,System Normal ✅,Stable,Normal
219.2,5.77,1265.0,NORMAL,System Normal ✅,Stable,Normal
222.6,4.93,1097.0,NORMAL,System Normal ✅,Stable,Normal
225.2,4.26,959.0,NORMAL,System Normal ✅,Stable,Normal
216.6,5.91,1280.0,NORMAL,System Normal ✅,Stable,Normal
228.1,5.51,1257.0,NORMAL,System Normal ✅,Stable,Normal
230.4,4.73,1090.0,NORMAL,System Normal ✅,System Load Increasing,Normal
223.1,5.07,1131.0,NORMAL,System Normal ✅,Stable,Normal
220.4,5.79,1276.0,NORMAL,System Normal ✅,Stable,Normal
221.3,5.48,1213.0,NORMAL,System Normal ✅,Stable,Normal
220.9,5.69,1257.0,NORMAL,System Normal ✅,Stable,Normal
230.5,5.94,1369.0,NORMAL,System Normal ✅,System Load Increasing,Normal
228.1,4.7,1072.0,NORMAL,System Normal ✅,Stable,Normal
238.5,5.23,1247.0,CRITICAL,High Voltage ⚠️,Voltage Spike Risk,Anomaly 🚨
226.9,4.99,1132.0,NORMAL,System Normal ✅,Stable,Normal
224.9,5.11,1149.0,NORMAL,System Normal ✅,Stable,Normal
227.5,5.95,1354.0,NORMAL,System Normal ✅,Stable,Normal
221.3,4.39,972.0,NORMAL,System Normal ✅,Stable,Normal
229.4,4.1,941.0,NORMAL,System Normal ✅,Stable,Normal
213.6,5.95,1271.0,NORMAL,System Normal ✅,Stable,Normal
228.0,4.6,1049.0,NORMAL,System Normal ✅,Stable,Normal
224.2,4.33,971.0,NORMAL,System Normal ✅,Stable,Normal
237.7,5.64,1341.0,WARNING,High Voltage ⚠️,System Load Increasing,Normal
226.9,5.83,1323.0,NORMAL,System Normal ✅,Stable,Normal
212.9,5.43,1156.0,NORMAL,System Normal ✅,Stable,Normal
230.5,5.15,1187.0,NORMAL,System Normal ✅,Stable,Normal
215.7,5.37,1158.0,NORMAL,System Normal ✅,Stable,Normal
211.0,4.29,905.0,NORMAL,System Normal ✅,Stable,Normal
218.5,5.95,1300.0,NORMAL,System Normal ✅,Stable,Normal
213.8,5.65,1208.0,NORMAL,System Normal ✅,Stable,Normal
234.3,4.14,970.0,NORMAL,System Normal ✅,System Load Increasing,Normal
226.3,4.8,1086.0,NORMAL,System Normal ✅,Stable,Normal
217.7,4.49,977.0,NORMAL,System Normal ✅,Stable,Normal
218.8,5.27,1153.0,NORMAL,System Normal ✅,Stable,Normal
220.8,5.59,1234.0,NORMAL,System Normal ✅,Stable,Normal
210.1,4.33,910.0,NORMAL,System Normal ✅,Stable,Normal
233.1,5.85,1364.0,NORMAL,System Normal ✅,System Load Increasing,Normal
220.4,5.08,1120.0,NORMAL,System Normal ✅,Stable,Normal
233.2,5.76,1343.0,NORMAL,System Normal ✅,System Load Increasing,Normal
236.1,5.78,1365.0,WARNING,High Voltage ⚠️,System Load Increasing,Normal
211.3,4.11,868.0,NORMAL,System Normal ✅,Stable,Normal
231.7,5.65,1309.0,NORMAL,System Normal ✅,System Load Increasing,Normal
237.0,5.36,1270.0,WARNING,High Voltage ⚠️,System Load Increasing,Normal
237.2,5.06,1200.0,WARNING,High Voltage ⚠️,System Load Increasing,Normal
228.1,4.83,1102.0,NORMAL,System Normal ✅,Stable,Normal
221.2,4.38,969.0,NORMAL,System Normal ✅,Stable,Normal
210.8,4.28,902.0,NORMAL,System Normal ✅,Stable,Normal
237.1,5.88,1394.0,WARNING,High Voltage ⚠️,System Load Increasing,Normal
229.9,4.76,1094.0,NORMAL,System Normal ✅,Stable,Normal
229.7,4.37,1004.0,NORMAL,System Normal ✅,Stable,Normal
227.6,5.42,1234.0,NORMAL,System Normal ✅,Stable,Normal
212.9,4.29,913.0,NORMAL,System Normal ✅,Stable,Normal
219.6,5.32,1168.0,NORMAL,System Normal ✅,Stable,Normal
221.8,4.11,912.0,NORMAL,System Normal ✅,Stable,Normal
235.8,5.73,1351.0,WARNING,High Voltage ⚠️,System Load Increasing,Normal
222.4,4.79,1065.0,NORMAL,System Normal ✅,Stable,Normal
227.7,5.72,1302.0,NORMAL,System Normal ✅,Stable,Normal
212.2,5.17,1097.0,NORMAL,System Normal ✅,Stable,Normal
221.3,5.34,1182.0,NORMAL,System Normal ✅,Stable,Normal
210.6,4.05,853.0,NORMAL,System Normal ✅,Stable,Normal
229.8,5.27,1211.0,NORMAL,System Normal ✅,Stable,Normal
239.1,5.18,1239.0,CRITICAL,High Voltage ⚠️,System Load Increasing,Normal
217.2,4.9,1064.0,NORMAL,System Normal ✅,Stable,Normal
237.7,5.66,1345.0,WARNING,High Voltage ⚠️,System Load Increasing,Normal
231.3,4.59,1062.0,NORMAL,System Normal ✅,System Load Increasing,Normal
236.9,4.04,957.0,WARNING,High Voltage ⚠️,System Load Increasing,Normal
235.5,5.16,1215.0,WARNING,High Voltage ⚠️,System Load Increasing,Normal
239.2,5.94,1421.0,CRITICAL,High Voltage ⚠️,System Load Increasing,Normal
238.7,5.41,1291.0,CRITICAL,High Voltage ⚠️,System Load Increasing,Normal
237.0,5.07,1202.0,WARNING,High Voltage ⚠️,System Load Increasing,Normal
213.6,4.47,955.0,NORMAL,System Normal ✅,Stable,Normal
214.1,5.92,1267.0,NORMAL,System Normal ✅,Stable,Normal
218.9,5.16,1130.0,NORMAL,System Normal ✅,Stable,Normal
236.7,5.61,1328.0,WARNING,High Voltage ⚠️,System Load Increasing,Normal
219.5,5.45,1196.0,NORMAL,System Normal ✅,Stable,Normal
227.0,5.32,1208.0,NORMAL,System Normal ✅,Stable,Normal
219.2,5.18,1135.0,NORMAL,System Normal ✅,Stable,Normal
221.6,5.78,1281.0,NORMAL,System Normal ✅,Stable,Normal
224.1,4.85,1087.0,NORMAL,System Normal ✅,Stable,Normal
217.2,5.45,1184.0,NORMAL,System Normal ✅,Stable,Normal
210.0,4.01,842.0,NORMAL,System Normal ✅,Stable,Normal
218.2,5.58,1218.0,NORMAL,System Normal ✅,Stable,Normal
224.4,5.72,1284.0,NORMAL,System Normal ✅,Stable,Normal
232.7,4.24,987.0,NORMAL,System Normal ✅,System Load Increasing,Normal
223.9,4.59,1028.0,NORMAL,System Normal ✅,Stable,Normal
215.0,5.49,1180.0,NORMAL,System Normal ✅,Stable,Normal
214.3,4.3,921.0,NORMAL,System Normal ✅,Stable,Normal
233.4,4.79,1118.0,NORMAL,System Normal ✅,System Load Increasing,Normal
232.3,5.75,1336.0,NORMAL,System Normal ✅,System Load Increasing,Normal
236.6,5.2,1230.0,WARNING,High Voltage ⚠️,System Load Increasing,Normal
214.5,5.11,1096.0,NORMAL,System Normal ✅,Stable,Normal
227.7,4.61,1050.0,NORMAL,System Normal ✅,Stable,Normal
216.9,5.44,1180.0,NORMAL,System Normal ✅,Stable,Normal
227.8,4.42,1007.0,NORMAL,System Normal ✅,Stable,Normal
215.9,5.44,1174.0,NORMAL,System Normal ✅,Stable,Normal
236.8,4.57,1082.0,WARNING,High Voltage ⚠️,System Load Increasing,Normal
216.8,4.51,978.0,NORMAL,System Normal ✅,Stable,Normal
217.1,5.97,1296.0,NORMAL,System Normal ✅,Stable,Normal
239.8,4.02,964.0,CRITICAL,High Voltage ⚠️,System Load Increasing,Normal
214.1,4.52,968.0,NORMAL,System Normal ✅,Stable,Normal
223.5,4.37,977.0,NORMAL,System Normal ✅,Stable,Normal
223.2,4.64,1036.0,NORMAL,System Normal ✅,Stable,Normal
231.2,5.1,1179.0,NORMAL,System Normal ✅,System Load Increasing,Normal
227.4,4.69,1067.0,NORMAL,System Normal ✅,Stable,Normal
220.9,5.34,1180.0,NORMAL,System Normal ✅,Stable,Normal
217.8,4.54,989.0,NORMAL,System Normal ✅,Stable,Normal
218.6,5.21,1139.0,NORMAL,System Normal ✅,Stable,Normal
230.7,5.26,1213.0,NORMAL,System Normal ✅,System Load Increasing,Normal
233.9,5.4,1263.0,NORMAL,System Normal ✅,System Load Increasing,Normal
213.1,5.36,1142.0,NORMAL,System Normal ✅,Stable,Normal
210.4,5.6,1178.0,NORMAL,System Normal ✅,Stable,Normal
220.9,4.65,1027.0,NORMAL,System Normal ✅,Stable,Normal
218.3,4.78,1043.0,NORMAL,System Normal ✅,Stable,Normal
237.2,4.76,1129.0,WARNING,High Voltage ⚠️,System Load Increasing,Normal
219.4,5.54,1215.0,NORMAL,System Normal ✅,Stable,Normal
235.4,4.07,958.0,WARNING,High Voltage ⚠️,System Load Increasing,Normal
229.9,4.42,1016.0,NORMAL,System Normal ✅,System Load Increasing,Normal
236.3,4.74,1120.0,WARNING,High Voltage ⚠️,System Load Increasing,Normal
211.8,4.98,1055.0,NORMAL,System Normal ✅,Stable,Normal
233.7,4.77,1115.0,NORMAL,System Normal ✅,System Load Increasing,Normal
225.7,5.22,1178.0,NORMAL,System Normal ✅,Stable,Normal
235.3,5.94,1398.0,WARNING,High Voltage ⚠️,System Load Increasing,Normal
233.0,4.91,1144.0,NORMAL,System Normal ✅,System Load Increasing,Normal
233.7,5.84,1365.0,NORMAL,System Normal ✅,System Load Increasing,Normal
229.8,5.64,1296.0,NORMAL,System Normal ✅,Stable,Normal
220.4,5.72,1261.0,NORMAL,System Normal ✅,Stable,Normal
231.4,4.82,1115.0,NORMAL,System Normal ✅,Stable,Normal
229.1,5.61,1285.0,NORMAL,System Normal ✅,Stable,Normal
219.6,4.79,1052.0,NORMAL,System Normal ✅,Stable,Normal
223.3,5.55,1239.0,NORMAL,System Normal ✅,Stable,Normal
221.8,5.19,1151.0,NORMAL,System Normal ✅,Stable,Normal
236.7,5.03,1191.0,WARNING,High Voltage ⚠️,System Load Increasing,Normal
210.7,5.79,1220.0,NORMAL,System Normal ✅,Voltage Spike Risk,Anomaly 🚨
213.3,4.53,966.0,NORMAL,System Normal ✅,Stable,Normal
235.1,4.49,1056.0,WARNING,High Voltage ⚠️,System Load Increasing,Normal
233.1,5.81,1354.0,NORMAL,System Normal ✅,System Load Increasing,Normal
226.5,5.08,1151.0,NORMAL,System Normal ✅,Stable,Normal
211.7,4.85,1027.0,NORMAL,System Normal ✅,Stable,Normal
219.4,5.52,1211.0,NORMAL,System Normal ✅,Stable,Normal
210.1,4.81,1011.0,NORMAL,System Normal ✅,Stable,Normal
219.2,4.7,1030.0,NORMAL,System Normal ✅,Stable,Normal
239.7,5.02,1203.0,CRITICAL,High Voltage ⚠️,System Load Increasing,Normal
214.5,5.52,1184.0,NORMAL,System Normal ✅,Stable,Normal
218.6,5.5,1202.0,NORMAL,System Normal ✅,Stable,Normal
215.6,5.71,1231.0,NORMAL,System Normal ✅,Stable,Normal
211.6,5.54,1172.0,NORMAL,System Normal ✅,Stable,Normal
235.9,4.43,1045.0,WARNING,High Voltage ⚠️,System Load Increasing,Normal
230.6,4.68,1079.0,NORMAL,System Normal ✅,System Load Increasing,Normal
224.2,5.39,1208.0,NORMAL,System Normal ✅,Stable,Normal
229.9,4.41,1014.0,NORMAL,System Normal ✅,System Load Increasing,Normal
236.8,4.42,1047.0,WARNING,High Voltage ⚠️,System Load Increasing,Normal
212.7,4.01,853.0,NORMAL,System Normal ✅,Stable,Normal
224.2,4.24,951.0,NORMAL,System Normal ✅,Stable,Normal
212.4,5.23,1111.0,NORMAL,System Normal ✅,Stable,Normal
230.1,5.71,1314.0,NORMAL,System Normal ✅,System Load Increasing,Normal
215.4,5.45,1174.0,NORMAL,System Normal ✅,Stable,Normal
217.0,4.09,888.0,NORMAL,System Normal ✅,Stable,Normal
236.5,5.34,1263.0,WARNING,High Voltage ⚠️,System Load Increasing,Normal
235.7,4.51,1063.0,WARNING,High Voltage ⚠️,System Load Increasing,Normal
219.0,4.15,909.0,NORMAL,System Normal ✅,Stable,Normal
227.5,5.21,1185.0,NORMAL,System Normal ✅,Stable,Normal
214.9,5.76,1238.0,NORMAL,System Normal ✅,Stable,Normal
230.9,4.28,988.0,NORMAL,System Normal ✅,System Load Increasing,Normal
223.3,4.45,994.0,NORMAL,System Normal ✅,Stable,Normal
219.5,5.54,1216.0,NORMAL,System Normal ✅,Stable,Normal
221.7,5.81,1288.0,NORMAL,System Normal ✅,Stable,Normal
238.3,4.63,1103.0,CRITICAL,High Voltage ⚠️,System Load Increasing,Normal
226.2,4.21,952.0,NORMAL,System Normal ✅,Stable,Normal
219.6,5.9,1296.0,NORMAL,System Normal ✅,Stable,Normal
220.5,4.85,1069.0,NORMAL,System Normal ✅,Stable,Normal
226.5,4.53,1026.0,NORMAL,System Normal ✅,Stable,Normal
214.8,5.44,1169.0,NORMAL,System Normal ✅,Stable,Normal
231.2,4.84,1119.0,NORMAL,System Normal ✅,System Load Increasing,Normal
225.0,5.84,1314.0,NORMAL,System Normal ✅,Stable,Normal
236.0,4.51,1064.0,WARNING,High Voltage ⚠️,System Load Increasing,Normal
210.6,5.53,1165.0,NORMAL,System Normal ✅,Stable,Normal
233.9,5.89,1378.0,NORMAL,System Normal ✅,System Load Increasing,Normal
238.2,4.93,1174.0,CRITICAL,High Voltage ⚠️,System Load Increasing,Normal
239.6,5.12,1227.0,CRITICAL,High Voltage ⚠️,System Load Increasing,Normal
232.0,5.11,1186.0,NORMAL,System Normal ✅,System Load Increasing,Normal
217.9,5.71,1244.0,NORMAL,System Normal ✅,Stable,Normal
236.6,4.52,1069.0,WARNING,High Voltage ⚠️,System Load Increasing,Normal
229.4,5.86,1344.0,NORMAL,System Normal ✅,Stable,Normal
233.0,5.52,1286.0,NORMAL,System Normal ✅,System Load Increasing,Normal
214.7,4.98,1069.0,NORMAL,System Normal ✅,Stable,Normal
214.5,5.36,1150.0,NORMAL,System Normal ✅,Stable,Normal
239.4,5.39,1290.0,CRITICAL,High Voltage ⚠️,System Load Increasing,Normal
237.7,5.94,1412.0,WARNING,High Voltage ⚠️,System Load Increasing,Normal
223.0,5.46,1218.0,NORMAL,System Normal ✅,Stable,Normal
239.4,5.82,1393.0,CRITICAL,High Voltage ⚠️,System Load Increasing,Normal
232.8,5.35,1245.0,NORMAL,System Normal ✅,Stable,Normal
212.5,5.59,1188.0,NORMAL,System Normal ✅,Stable,Normal
239.6,4.45,1066.0,CRITICAL,High Voltage ⚠️,System Load Increasing,Normal
215.8,5.64,1217.0,NORMAL,System Normal ✅,Stable,Normal
226.9,5.58,1266.0,NORMAL,System Normal ✅,Stable,Normal
232.4,4.07,946.0,NORMAL,System Normal ✅,Stable,Normal
236.0,4.11,970.0,WARNING,High Voltage ⚠️,System Load Increasing,Normal
218.6,4.24,927.0,NORMAL,System Normal ✅,Stable,Normal
224.9,4.52,1017.0,NORMAL,System Normal ✅,Stable,Normal
223.0,5.97,1331.0,NORMAL,System Normal ✅,Stable,Normal
225.9,5.59,1263.0,NORMAL,System Normal ✅,Stable,Normal
215.2,4.18,900.0,NORMAL,System Normal ✅,Stable,Normal
239.8,4.45,1067.0,CRITICAL,High Voltage ⚠️,System Load Increasing,Normal
238.9,4.86,1161.0,CRITICAL,High Voltage ⚠️,System Load Increasing,Normal
236.2,4.79,1131.0,WARNING,High Voltage ⚠️,System Load Increasing,Normal
236.0,5.67,1338.0,WARNING,High Voltage ⚠️,System Load Increasing,Normal
212.4,5.44,1155.0,NORMAL,System Normal ✅,Stable,Normal
236.8,4.33,1025.0,WARNING,High Voltage ⚠️,System Load Increasing,Normal
239.9,5.25,1259.0,CRITICAL,High Voltage ⚠️,System Load Increasing,Normal
211.7,4.25,900.0,NORMAL,System Normal ✅,Stable,Normal
226.1,5.68,1284.0,NORMAL,System Normal ✅,Stable,Normal
220.5,5.03,1109.0,NORMAL,System Normal ✅,Stable,Normal
213.3,4.58,977.0,NORMAL,System Normal ✅,Stable,Normal
228.3,5.87,1340.0,NORMAL,System Normal ✅,Stable,Normal
218.3,4.64,1013.0,NORMAL,System Normal ✅,Stable,Normal
212.6,4.59,976.0,NORMAL,System Normal ✅,Stable,Normal
238.1,4.56,1086.0,CRITICAL,High Voltage ⚠️,System Load Increasing,Normal
237.9,4.65,1106.0,WARNING,High Voltage ⚠️,System Load Increasing,Normal
226.1,4.63,1047.0,NORMAL,System Normal ✅,Stable,Normal
219.2,4.76,1043.0,NORMAL,System Normal ✅,Stable,Normal
224.0,4.98,1116.0,NORMAL,System Normal ✅,Stable,Normal
225.7,4.43,1000.0,NORMAL,System Normal ✅,Stable,Normal
215.9,5.37,1159.0,NORMAL,System Normal ✅,Stable,Normal
214.2,4.84,1037.0,NORMAL,System Normal ✅,Stable,Normal
211.5,5.01,1060.0,NORMAL,System Normal ✅,Stable,Normal
228.6,4.95,1132.0,NORMAL,System Normal ✅,System Load Increasing,Normal
218.3,5.67,1238.0,NORMAL,System Normal ✅,Stable,Normal
220.0,5.48,1206.0,NORMAL,System Normal ✅,Stable,Normal
224.2,4.35,975.0,NORMAL,System Normal ✅,Stable,Normal
220.9,4.34,959.0,NORMAL,System Normal ✅,Stable,Normal
210.5,5.21,1097.0,NORMAL,System Normal ✅,Stable,Normal
221.8,4.8,1065.0,NORMAL,System Normal ✅,Stable,Normal
238.3,4.02,958.0,CRITICAL,High Voltage ⚠️,System Load Increasing,Normal
240.0,4.03,967.0,CRITICAL,High Voltage ⚠️,System Load Increasing,Normal
222.1,4.98,1106.0,NORMAL,System Normal ✅,Stable,Normal
223.0,4.26,950.0,NORMAL,System Normal ✅,Stable,Normal
232.3,4.02,934.0,NORMAL,System Normal ✅,System Load Increasing,Normal
211.0,4.34,916.0,NORMAL,System Normal ✅,Stable,Normal
238.3,4.85,1156.0,CRITICAL,High Voltage ⚠️,System Load Increasing,Normal
228.1,4.43,1010.0,NORMAL,System Normal ✅,Stable,Normal
227.3,4.45,1011.0,NORMAL,System Normal ✅,Stable,Normal
235.9,5.06,1194.0,WARNING,High Voltage ⚠️,System Load Increasing,Normal
213.7,5.39,1152.0,NORMAL,System Normal ✅,Stable,Normal
217.9,4.1,893.0,NORMAL,System Normal ✅,Stable,Normal
234.8,5.83,1369.0,NORMAL,System Normal ✅,System Load Increasing,Normal
213.1,4.7,1002.0,NORMAL,System Normal ✅,Stable,Normal
220.5,5.68,1252.0,NORMAL,System Normal ✅,Stable,Normal
233.1,5.35,1247.0,NORMAL,System Normal ✅,System Load Increasing,Normal
228.8,5.94,1359.0,NORMAL,System Normal ✅,Stable,Normal
234.3,5.11,1197.0,NORMAL,System Normal ✅,System Load Increasing,Normal
235.2,5.98,1406.0,WARNING,High Voltage ⚠️,System Load Increasing,Normal
211.3,4.65,983.0,NORMAL,System Normal ✅,Stable,Normal
235.2,4.44,1044.0,WARNING,High Voltage ⚠️,System Load Increasing,Normal
221.8,5.9,1309.0,NORMAL,System Normal ✅,Stable,Normal
235.0,5.48,1288.0,NORMAL,System Normal ✅,System Load Increasing,Normal
229.4,5.92,1358.0,NORMAL,System Normal ✅,Stable,Normal
228.3,5.92,1352.0,NORMAL,System Normal ✅,Stable,Normal
218.1,5.54,1208.0,NORMAL,System Normal ✅,Stable,Normal
219.8,4.82,1059.0,NORMAL,System Normal ✅,Stable,Normal
223.7,5.22,1168.0,NORMAL,System Normal ✅,Stable,Normal
228.1,4.51,1029.0,NORMAL,System Normal ✅,Stable,Normal
225.4,5.65,1274.0,NORMAL,System Normal ✅,Stable,Normal
237.3,4.61,1094.0,WARNING,High Voltage ⚠️,System Load Increasing,Normal
213.5,5.58,1191.0,NORMAL,System Normal ✅,Stable,Normal
238.8,5.38,1285.0,CRITICAL,High Voltage ⚠️,System Load Increasing,Normal
217.6,5.37,1169.0,NORMAL,System Normal ✅,Stable,Normal
217.1,5.08,1103.0,NORMAL,System Normal ✅,Stable,Normal
232.7,5.89,1371.0,NORMAL,System Normal ✅,System Load Increasing,Normal
239.6,4.8,1150.0,CRITICAL,High Voltage ⚠️,System Load Increasing,Normal
214.8,4.35,934.0,NORMAL,System Normal ✅,Stable,Normal
211.4,4.01,848.0,NORMAL,System Normal ✅,Stable,Normal
220.3,5.28,1163.0,NORMAL,System Normal ✅,Stable,Normal
235.6,5.31,1251.0,WARNING,High Voltage ⚠️,System Load Increasing,Normal
233.3,4.42,1031.0,NORMAL,System Normal ✅,System Load Increasing,Normal
211.5,5.2,1100.0,NORMAL,System Normal ✅,Stable,Normal
212.8,5.45,1160.0,NORMAL,System Normal ✅,Stable,Normal
216.7,4.34,940.0,NORMAL,System Normal ✅,Stable,Normal
212.2,4.13,876.0,NORMAL,System Normal ✅,Stable,Normal
220.8,4.83,1066.0,NORMAL,System Normal ✅,Stable,Normal
219.8,6.0,1319.0,NORMAL,System Normal ✅,Stable,Normal
226.4,4.63,1048.0,NORMAL,System Normal ✅,Stable,Normal
225.1,4.23,952.0,NORMAL,System Normal ✅,Stable,Normal
219.6,4.47,982.0,NORMAL,System Normal ✅,Stable,Normal
211.1,4.56,963.0,NORMAL,System Normal ✅,Stable,Normal
216.5,4.94,1070.0,NORMAL,System Normal ✅,Stable,Normal
228.1,5.8,1323.0,NORMAL,System Normal ✅,System Load Increasing,Normal
239.2,5.59,1337.0,CRITICAL,High Voltage ⚠️,System Load Increasing,Normal
237.2,4.31,1022.0,WARNING,High Voltage ⚠️,System Load Increasing,Normal
230.0,4.09,941.0,NORMAL,System Normal ✅,System Load Increasing,Normal
231.9,5.75,1333.0,NORMAL,System Normal ✅,System Load Increasing,Normal
224.9,4.65,1046.0,NORMAL,System Normal ✅,Stable,Normal
210.0,5.35,1124.0,NORMAL,System Normal ✅,Stable,Normal
239.4,4.59,1099.0,CRITICAL,High Voltage ⚠️,System Load Increasing,Normal
214.4,5.41,1160.0,NORMAL,System Normal ✅,Stable,Normal
211.4,5.24,1108.0,NORMAL,System Normal ✅,Stable,Normal
237.6,4.17,991.0,WARNING,High Voltage ⚠️,System Load Increasing,Normal
231.4,5.12,1185.0,NORMAL,System Normal ✅,System Load Increasing,Normal
239.4,5.04,1207.0,CRITICAL,High Voltage ⚠️,System Load Increasing,Normal
226.3,5.56,1258.0,NORMAL,System Normal ✅,Stable,Normal
232.5,5.35,1244.0,NORMAL,System Normal ✅,System Load Increasing,Normal
223.7,4.89,1094.0,NORMAL,System Normal ✅,Stable,Normal
210.3,4.44,934.0,NORMAL,System Normal ✅,Stable,Normal
233.9,5.74,1343.0,NORMAL,System Normal ✅,System Load Increasing,Normal
214.6,4.6,987.0,NORMAL,System Normal ✅,Stable,Normal
236.1,4.11,970.0,WARNING,High Voltage ⚠️,System Load Increasing,Normal
217.8,4.92,1072.0,NORMAL,System Normal ✅,Stable,Normal
219.6,5.98,1313.0,NORMAL,System Normal ✅,Stable,Normal
217.6,5.79,1260.0,NORMAL,System Normal ✅,Stable,Normal
225.2,5.43,1223.0,NORMAL,System Normal ✅,Stable,Normal
226.0,5.65,1277.0,NORMAL,System Normal ✅,Stable,Normal
219.1,4.63,1014.0,NORMAL,System Normal ✅,Stable,Normal
229.2,4.31,988.0,NORMAL,System Normal ✅,Stable,Normal
214.4,4.26,913.0,NORMAL,System Normal ✅,Stable,Normal
214.5,4.4,944.0,NORMAL,System Normal ✅,Stable,Normal
239.6,5.49,1315.0,CRITICAL,High Voltage ⚠️,System Load Increasing,Normal
224.8,5.3,1191.0,NORMAL,System Normal ✅,Stable,Normal
227.4,5.0,1137.0,NORMAL,System Normal ✅,Stable,Normal
239.4,4.15,994.0,CRITICAL,High Voltage ⚠️,System Load Increasing,Normal
221.5,4.07,902.0,NORMAL,System Normal ✅,Stable,Normal
234.8,4.69,1101.0,NORMAL,System Normal ✅,System Load Increasing,Normal
233.2,4.03,940.0,NORMAL,System Normal ✅,System Load Increasing,Normal
229.1,4.3,985.0,NORMAL,System Normal ✅,Stable,Normal
233.7,5.35,1250.0,NORMAL,System Normal ✅,System Load Increasing,Normal
227.3,5.6,1273.0,NORMAL,System Normal ✅,Stable,Normal
236.1,4.41,1041.0,WARNING,High Voltage ⚠️,System Load Increasing,Normal
232.4,4.59,1067.0,NORMAL,System Normal ✅,System Load Increasing,Normal
211.2,4.71,995.0,NORMAL,System Normal ✅,Stable,Normal
210.4,5.76,1212.0,NORMAL,System Normal ✅,Stable,Normal
214.3,4.66,999.0,NORMAL,System Normal ✅,Stable,Normal
233.8,5.28,1234.0,NORMAL,System Normal ✅,System Load Increasing,Normal
217.1,5.91,1283.0,NORMAL,System Normal ✅,Stable,Normal
214.4,5.3,1136.0,NORMAL,System Normal ✅,Stable,Normal
228.9,4.72,1080.0,NORMAL,System Normal ✅,Stable,Normal
234.1,4.2,983.0,NORMAL,System Normal ✅,System Load Increasing,Normal
223.6,4.27,955.0,NORMAL,System Normal ✅,Stable,Normal
217.3,4.66,1013.0,NORMAL,System Normal ✅,Stable,Normal
218.6,5.88,1285.0,NORMAL,System Normal ✅,Stable,Normal
226.3,4.72,1068.0,NORMAL,System Normal ✅,Stable,Normal
224.4,4.62,1037.0,NORMAL,System Normal ✅,Stable,Normal
238.1,5.83,1388.0,CRITICAL,High Voltage ⚠️,System Load Increasing,Normal
234.6,5.48,1286.0,NORMAL,System Normal ✅,System Load Increasing,Normal
238.7,4.78,1141.0,CRITICAL,High Voltage ⚠️,System Load Increasing,Normal
231.7,4.5,1043.0,NORMAL,System Normal ✅,System Load Increasing,Normal
225.7,5.39,1217.0,NORMAL,System Normal ✅,Stable,Normal
230.1,5.71,1314.0,NORMAL,System Normal ✅,Stable,Normal
238.6,4.52,1078.0,CRITICAL,High Voltage ⚠️,System Load Increasing,Normal
215.6,5.4,1164.0,NORMAL,System Normal ✅,Stable,Normal
233.3,4.02,938.0,NORMAL,System Normal ✅,System Load Increasing,Normal
222.9,4.77,1063.0,NORMAL,System Normal ✅,Stable,Normal
229.9,5.83,1340.0,NORMAL,System Normal ✅,Stable,Normal
231.0,4.44,1026.0,NORMAL,System Normal ✅,Stable,Normal
238.6,4.23,1009.0,CRITICAL,High Voltage ⚠️,System Load Increasing,Normal
236.0,4.19,989.0,WARNING,High Voltage ⚠️,System Load Increasing,Normal
234.4,4.17,977.0,NORMAL,System Normal ✅,Stable,Normal
225.8,4.58,1034.0,NORMAL,System Normal ✅,Stable,Normal
237.2,4.72,1120.0,WARNING,High Voltage ⚠️,System Load Increasing,Normal
234.4,5.67,1329.0,NORMAL,System Normal ✅,Stable,Normal
217.8,4.67,1017.0,NORMAL,System Normal ✅,Stable,Normal
211.9,4.1,869.0,NORMAL,System Normal ✅,Voltage Spike Risk,Anomaly 🚨
228.8,5.3,1213.0,NORMAL,System Normal ✅,Stable,Normal
227.3,4.18,950.0,NORMAL,System Normal ✅,Stable,Normal
229.7,5.99,1376.0,NORMAL,System Normal ✅,Stable,Normal
222.8,4.52,1007.0,NORMAL,System Normal ✅,Stable,Normal
223.9,5.46,1222.0,NORMAL,System Normal ✅,Stable,Normal
230.6,5.02,1158.0,NORMAL,System Normal ✅,Stable,Normal
219.9,5.65,1242.0,NORMAL,System Normal ✅,Stable,Normal
216.8,5.52,1197.0,NORMAL,System Normal ✅,Stable,Normal
212.5,4.78,1016.0,NORMAL,System Normal ✅,Stable,Normal
230.1,4.17,960.0,NORMAL,System Normal ✅,Stable,Normal
237.0,4.29,1017.0,WARNING,High Voltage ⚠️,System Load Increasing,Normal
231.6,5.35,1239.0,NORMAL,System Normal ✅,Stable,Normal
212.2,4.75,1008.0,NORMAL,System Normal ✅,Stable,Normal
226.4,4.8,1087.0,NORMAL,System Normal ✅,Stable,Normal
227.1,4.8,1090.0,NORMAL,System Normal ✅,Stable,Normal
225.7,5.77,1302.0,NORMAL,System Normal ✅,Stable,Normal
222.7,4.54,1011.0,NORMAL,System Normal ✅,Stable,Normal
224.6,4.3,966.0,NORMAL,System Normal ✅,Stable,Normal
236.9,4.91,1163.0,WARNING,High Voltage ⚠️,System Load Increasing,Normal
234.6,5.05,1185.0,NORMAL,System Normal ✅,System Load Increasing,Normal
228.2,5.42,1237.0,NORMAL,System Normal ✅,Stable,Normal
230.2,5.94,1367.0,NORMAL,System Normal ✅,Stable,Normal
214.4,4.49,963.0,NORMAL,System Normal ✅,Stable,Normal
210.2,4.8,1009.0,NORMAL,System Normal ✅,Stable,Normal
226.2,5.49,1242.0,NORMAL,System Normal ✅,Stable,Normal
237.0,4.38,1038.0,WARNING,High Voltage ⚠️,System Load Increasing,Normal
235.1,4.35,1023.0,WARNING,High Voltage ⚠️,System Load Increasing,Normal
219.6,5.19,1140.0,NORMAL,System Normal ✅,Stable,Normal
238.9,4.24,1013.0,CRITICAL,High Voltage ⚠️,System Load Increasing,Normal
232.5,5.68,1321.0,NORMAL,System Normal ✅,Stable,Normal
229.7,4.01,921.0,NORMAL,System Normal ✅,Stable,Normal
230.3,5.83,1343.0,NORMAL,System Normal ✅,Stable,Normal
224.4,5.84,1310.0,NORMAL,System Normal ✅,Stable,Normal
238.0,5.1,1214.0,WARNING,High Voltage ⚠️,System Load Increasing,Normal
229.7,5.44,1250.0,NORMAL,System Normal ✅,Stable,Normal
237.8,5.09,1210.0,WARNING,High Voltage ⚠️,System Load Increasing,Normal
238.5,4.08,973.0,CRITICAL,High Voltage ⚠️,System Load Increasing,Normal
224.5,5.92,1329.0,NORMAL,System Normal ✅,Stable,Normal
239.0,5.48,1310.0,CRITICAL,High Voltage ⚠️,System Load Increasing,Normal
220.6,5.19,1145.0,NORMAL,System Normal ✅,Stable,Normal
224.6,4.99,1121.0,NORMAL,System Normal ✅,Stable,Normal
217.0,4.35,944.0,NORMAL,System Normal ✅,Stable,Normal
218.6,5.94,1298.0,NORMAL,System Normal ✅,Stable,Normal
228.1,4.73,1079.0,NORMAL,System Normal ✅,Stable,Normal
238.7,4.97,1186.0,CRITICAL,High Voltage ⚠️,System Load Increasing,Normal
212.5,4.71,1001.0,NORMAL,System Normal ✅,Stable,Normal
218.6,5.72,1250.0,NORMAL,System Normal ✅,Stable,Normal
210.2,5.13,1078.0,NORMAL,System Normal ✅,Stable,Normal
238.6,4.05,966.0,CRITICAL,High Voltage ⚠️,System Load Increasing,Normal
218.5,5.3,1158.0,NORMAL,System Normal ✅,Stable,Normal
221.3,4.06,898.0,NORMAL,System Normal ✅,Stable,Normal
220.1,5.31,1169.0,NORMAL,System Normal ✅,Stable,Normal
225.2,4.67,1052.0,NORMAL,System Normal ✅,Stable,Normal
212.6,4.77,1014.0,NORMAL,System Normal ✅,Stable,Normal
215.8,5.89,1271.0,NORMAL,System Normal ✅,Stable,Normal
218.5,5.89,1287.0,NORMAL,System Normal ✅,Stable,Normal
236.3,4.25,1004.0,WARNING,High Voltage ⚠️,System Load Increasing,Normal
227.4,4.76,1082.0,NORMAL,System Normal ✅,Stable,Normal
220.7,5.76,1271.0,NORMAL,System Normal ✅,Stable,Normal
212.2,5.59,1186.0,NORMAL,System Normal ✅,Stable,Normal
231.3,4.09,946.0,NORMAL,System Normal ✅,System Load Increasing,Normal
222.8,4.75,1058.0,NORMAL,System Normal ✅,Stable,Normal
237.9,5.76,1370.0,WARNING,High Voltage ⚠️,System Load Increasing,Normal
218.4,4.85,1059.0,NORMAL,System Normal ✅,Stable,Normal
228.8,5.89,1348.0,NORMAL,System Normal ✅,System Load Increasing,Normal
224.0,4.88,1093.0,NORMAL,System Normal ✅,Stable,Normal
230.5,4.54,1046.0,NORMAL,System Normal ✅,System Load Increasing,Normal
223.8,5.71,1278.0,NORMAL,System Normal ✅,Stable,Normal
227.6,5.81,1322.0,NORMAL,System Normal ✅,Stable,Normal
216.5,5.38,1165.0,NORMAL,System Normal ✅,Stable,Normal
227.3,4.91,1116.0,NORMAL,System Normal ✅,Stable,Normal
235.1,5.67,1333.0,WARNING,High Voltage ⚠️,System Load Increasing,Normal
216.0,5.1,1102.0,NORMAL,System Normal ✅,Stable,Normal
214.9,5.58,1199.0,NORMAL,System Normal ✅,Stable,Normal
215.8,4.04,872.0,NORMAL,System Normal ✅,Stable,Normal
223.1,5.47,1220.0,NORMAL,System Normal ✅,Stable,Normal
237.1,4.95,1174.0,WARNING,High Voltage ⚠️,System Load Increasing,Normal
238.7,5.36,1279.0,CRITICAL,High Voltage ⚠️,System Load Increasing,Normal
226.2,5.99,1355.0,NORMAL,System Normal ✅,Stable,Normal
211.0,5.84,1232.0,NORMAL,System Normal ✅,Stable,Normal
222.7,5.78,1287.0,NORMAL,System Normal ✅,Stable,Normal
222.0,5.92,1314.0,NORMAL,System Normal ✅,Stable,Normal
223.8,5.37,1202.0,NORMAL,System Normal ✅,Stable,Normal
236.1,4.11,970.0,WARNING,High Voltage ⚠️,System Load Increasing,Normal
221.1,5.21,1152.0,NORMAL,System Normal ✅,Stable,Normal
224.7,5.05,1135.0,NORMAL,System Normal ✅,Stable,Normal
225.8,5.09,1149.0,NORMAL,System Normal ✅,Stable,Normal
210.8,4.53,955.0,NORMAL,System Normal ✅,Stable,Normal
215.1,5.29,1138.0,NORMAL,System Normal ✅,Stable,Normal
216.2,4.16,899.0,NORMAL,System Normal ✅,Stable,Normal
229.0,4.87,1115.0,NORMAL,System Normal ✅,System Load Increasing,Normal
227.8,5.95,1355.0,NORMAL,System Normal ✅,Stable,Normal
222.8,4.23,942.0,NORMAL,System Normal ✅,Stable,Normal
236.0,5.03,1187.0,WARNING,High Voltage ⚠️,System Load Increasing,Normal
210.0,4.31,905.0,NORMAL,System Normal ✅,Stable,Normal
215.0,5.78,1243.0,NORMAL,System Normal ✅,Stable,Normal
214.2,5.82,1247.0,NORMAL,System Normal ✅,Stable,Normal
227.2,5.81,1320.0,NORMAL,System Normal ✅,System Load Increasing,Normal
232.1,5.46,1267.0,NORMAL,System Normal ✅,System Load Increasing,Normal
227.7,5.82,1325.0,NORMAL,System Normal ✅,Stable,Normal
226.2,4.86,1099.0,NORMAL,System Normal ✅,Stable,Normal
232.8,4.09,952.0,NORMAL,System Normal ✅,System Load Increasing,Normal
233.0,4.82,1123.0,NORMAL,System Normal ✅,System Load Increasing,Normal
217.8,5.18,1128.0,NORMAL,System Normal ✅,Stable,Normal
215.7,5.38,1160.0,NORMAL,System Normal ✅,Stable,Normal
234.7,4.04,948.0,NORMAL,System Normal ✅,System Load Increasing,Normal
211.1,5.68,1199.0,NORMAL,System Normal ✅,Stable,Normal
234.5,5.93,1391.0,NORMAL,System Normal ✅,System Load Increasing,Normal
225.1,5.52,1243.0,NORMAL,System Normal ✅,Stable,Normal
233.1,5.11,1191.0,NORMAL,System Normal ✅,System Load Increasing,Normal
213.7,5.67,1212.0,NORMAL,System Normal ✅,Stable,Normal
233.1,4.6,1072.0,NORMAL,System Normal ✅,System Load Increasing,Normal
216.5,5.18,1121.0,NORMAL,System Normal ✅,Stable,Normal
236.4,4.42,1045.0,WARNING,High Voltage ⚠️,System Load Increasing,Normal
217.5,5.14,1118.0,NORMAL,System Normal ✅,Stable,Normal
214.6,5.98,1283.0,NORMAL,System Normal ✅,Stable,Normal
219.1,5.69,1247.0,NORMAL,System Normal ✅,Stable,Normal
217.3,5.96,1295.0,NORMAL,System Normal ✅,Stable,Normal
233.9,4.37,1022.0,NORMAL,System Normal ✅,System Load Increasing,Normal
225.3,5.9,1329.0,NORMAL,System Normal ✅,Stable,Normal
212.1,5.32,1128.0,NORMAL,System Normal ✅,Stable,Normal
220.7,5.29,1168.0,NORMAL,System Normal ✅,Stable,Normal
211.6,4.6,973.0,NORMAL,System Normal ✅,Stable,Normal
219.2,4.92,1078.0,NORMAL,System Normal ✅,Stable,Normal
236.0,5.52,1303.0,WARNING,High Voltage ⚠️,System Load Increasing,Normal
232.0,5.22,1211.0,NORMAL,System Normal ✅,System Load Increasing,Normal
232.1,4.71,1093.0,NORMAL,System Normal ✅,System Load Increasing,Normal
230.0,4.44,1021.0,NORMAL,System Normal ✅,System Load Increasing,Normal
213.2,5.52,1177.0,NORMAL,System Normal ✅,Stable,Normal
231.6,4.92,1139.0,NORMAL,System Normal ✅,System Load Increasing,Normal
222.4,4.62,1027.0,NORMAL,System Normal ✅,Stable,Normal
233.1,5.58,1301.0,NORMAL,System Normal ✅,System Load Increasing,Normal
229.6,4.47,1026.0,NORMAL,System Normal ✅,System Load Increasing,Normal
216.7,5.59,1211.0,NORMAL,System Normal ✅,Stable,Normal
210.7,4.85,1022.0,NORMAL,System Normal ✅,Stable,Normal
213.8,5.28,1129.0,NORMAL,System Normal ✅,Stable,Normal
214.8,5.82,1250.0,NORMAL,System Normal ✅,Stable,Normal
229.7,5.46,1254.0,NORMAL,System Normal ✅,System Load Increasing,Normal
214.6,4.82,1034.0,NORMAL,System Normal ✅,Stable,Normal
236.8,4.86,1151.0,WARNING,High Voltage ⚠️,System Load Increasing,Normal
224.7,5.18,1164.0,NORMAL,System Normal ✅,Stable,Normal
218.4,4.66,1018.0,NORMAL,System Normal ✅,Stable,Normal
221.0,4.1,906.0,NORMAL,System Normal ✅,Stable,Normal
215.0,5.28,1135.0,NORMAL,System Normal ✅,Stable,Normal
230.2,5.04,1160.0,NORMAL,System Normal ✅,System Load Increasing,Normal
225.3,5.37,1210.0,NORMAL,System Normal ✅,Stable,Normal
231.6,4.58,1061.0,NORMAL,System Normal ✅,System Load Increasing,Normal
226.6,4.83,1094.0,NORMAL,System Normal ✅,Stable,Normal
222.4,4.79,1065.0,NORMAL,System Normal ✅,Stable,Normal
237.2,4.34,1029.0,WARNING,High Voltage ⚠️,System Load Increasing,Normal
220.4,4.35,959.0,NORMAL,System Normal ✅,Stable,Normal
220.1,5.09,1120.0,NORMAL,System Normal ✅,Stable,Normal
214.7,5.52,1185.0,NORMAL,System Normal ✅,Stable,Normal
235.5,4.9,1154.0,WARNING,High Voltage ⚠️,System Load Increasing,Normal
220.1,5.33,1173.0,NORMAL,System Normal ✅,Stable,Normal
213.9,5.05,1080.0,NORMAL,System Normal ✅,Stable,Normal
210.8,5.98,1261.0,NORMAL,System Normal ✅,Stable,Normal
219.8,5.3,1165.0,NORMAL,System Normal ✅,Stable,Normal
231.2,4.28,990.0,NORMAL,System Normal ✅,System Load Increasing,Normal
228.3,4.07,929.0,NORMAL,System Normal ✅,Stable,Normal
225.1,4.57,1029.0,NORMAL,System Normal ✅,Stable,Normal
234.7,5.3,1244.0,NORMAL,System Normal ✅,System Load Increasing,Normal
216.5,5.12,1108.0,NORMAL,System Normal ✅,Stable,Normal
234.1,4.78,1119.0,NORMAL,System Normal ✅,System Load Increasing,Normal
234.8,5.57,1308.0,NORMAL,System Normal ✅,System Load Increasing,Normal
211.5,4.27,903.0,NORMAL,System Normal ✅,Stable,Normal
231.8,4.43,1027.0,NORMAL,System Normal ✅,System Load Increasing,Normal
219.6,5.08,1116.0,NORMAL,System Normal ✅,Stable,Normal
210.9,5.12,1080.0,NORMAL,System Normal ✅,Stable,Normal
235.5,5.83,1373.0,WARNING,High Voltage ⚠️,System Load Increasing,Normal
221.5,5.01,1110.0,NORMAL,System Normal ✅,Stable,Normal
228.8,5.76,1318.0,NORMAL,System Normal ✅,Stable,Normal
229.6,4.52,1038.0,NORMAL,System Normal ✅,Stable,Normal
237.6,4.41,1048.0,WARNING,High Voltage ⚠️,System Load Increasing,Normal
236.9,5.02,1189.0,WARNING,High Voltage ⚠️,System Load Increasing,Normal
224.1,5.81,1302.0,NORMAL,System Normal ✅,Stable,Normal
214.7,5.19,1114.0,NORMAL,System Normal ✅,Stable,Normal
234.3,5.75,1347.0,NORMAL,System Normal ✅,System Load Increasing,Normal
230.1,5.8,1335.0,NORMAL,System Normal ✅,Stable,Normal
237.7,4.94,1174.0,WARNING,High Voltage ⚠️,System Load Increasing,Normal
222.4,5.37,1194.0,NORMAL,System Normal ✅,Stable,Normal
222.6,4.36,971.0,NORMAL,System Normal ✅,Stable,Normal
218.2,4.57,997.0,NORMAL,System Normal ✅,Stable,Normal
230.1,5.68,1307.0,NORMAL,System Normal ✅,Stable,Normal
236.4,5.82,1376.0,WARNING,High Voltage ⚠️,System Load Increasing,Normal
212.7,5.6,1191.0,NORMAL,System Normal ✅,Stable,Normal
227.7,5.07,1154.0,NORMAL,System Normal ✅,Stable,Normal
233.9,5.98,1399.0,NORMAL,System Normal ✅,System Load Increasing,Normal
229.4,4.22,968.0,NORMAL,System Normal ✅,Stable,Normal
237.3,4.04,959.0,WARNING,High Voltage ⚠️,System Load Increasing,Normal
231.5,4.02,931.0,NORMAL,System Normal ✅,Stable,Normal
232.8,5.98,1392.0,NORMAL,System Normal ✅,Stable,Normal
225.8,4.21,951.0,NORMAL,System Normal ✅,Stable,Normal
214.0,5.4,1156.0,NORMAL,System Normal ✅,Stable,Normal
231.3,4.31,997.0,NORMAL,System Normal ✅,Stable,Normal
236.0,5.16,1218.0,WARNING,High Voltage ⚠️,System Load Increasing,Normal
214.9,4.28,920.0,NORMAL,System Normal ✅,Stable,Normal
226.2,5.9,1335.0,NORMAL,System Normal ✅,Stable,Normal
229.5,4.81,1104.0,NORMAL,System Normal ✅,Stable,Normal
230.8,5.43,1253.0,NORMAL,System Normal ✅,Stable,Normal
230.4,4.03,929.0,NORMAL,System Normal ✅,Stable,Normal
223.0,4.89,1090.0,NORMAL,System Normal ✅,Stable,Normal
215.5,4.83,1041.0,NORMAL,System Normal ✅,Stable,Normal
228.2,4.58,1045.0,NORMAL,System Normal ✅,Stable,Normal
238.5,5.34,1274.0,CRITICAL,High Voltage ⚠️,System Load Increasing,Normal
221.9,4.99,1107.0,NORMAL,System Normal ✅,Stable,Normal
235.5,5.08,1196.0,WARNING,High Voltage ⚠️,System Load Increasing,Normal
216.7,5.77,1250.0,NORMAL,System Normal ✅,Stable,Normal
216.7,5.51,1194.0,NORMAL,System Normal ✅,Stable,Normal
234.6,5.47,1283.0,NORMAL,System Normal ✅,System Load Increasing,Normal
212.8,5.75,1224.0,NORMAL,System Normal ✅,Stable,Normal
221.9,4.96,1101.0,NORMAL,System Normal ✅,Stable,Normal
225.0,4.11,925.0,NORMAL,System Normal ✅,Stable,Normal
231.4,5.36,1240.0,NORMAL,System Normal ✅,System Load Increasing,Normal
230.2,4.37,1006.0,NORMAL,System Normal ✅,Stable,Normal
237.1,4.39,1041.0,WARNING,High Voltage ⚠️,System Load Increasing,Normal
237.7,4.0,951.0,WARNING,High Voltage ⚠️,System Load Increasing,Normal
226.6,5.63,1276.0,NORMAL,System Normal ✅,Stable,Normal
214.1,5.32,1139.0,NORMAL,System Normal ✅,Stable,Normal
226.8,5.06,1148.0,NORMAL,System Normal ✅,Stable,Normal
222.7,4.51,1004.0,NORMAL,System Normal ✅,Stable,Normal
222.7,5.27,1174.0,NORMAL,System Normal ✅,Stable,Normal
217.7,4.39,956.0,NORMAL,System Normal ✅,Stable,Normal
229.0,5.8,1328.0,NORMAL,System Normal ✅,Stable,Normal
226.7,5.63,1276.0,NORMAL,System Normal ✅,Stable,Normal
216.8,5.02,1088.0,NORMAL,System Normal ✅,Stable,Normal
233.3,4.18,975.0,NORMAL,System Normal ✅,System Load Increasing,Normal
236.7,4.74,1122.0,WARNING,High Voltage ⚠️,System Load Increasing,Normal
233.4,5.0,1167.0,NORMAL,System Normal ✅,System Load Increasing,Normal
222.3,5.87,1305.0,NORMAL,System Normal ✅,Stable,Normal
238.6,4.94,1179.0,CRITICAL,High Voltage ⚠️,System Load Increasing,Normal
214.6,5.12,1099.0,NORMAL,System Normal ✅,Stable,Normal
219.8,5.16,1134.0,NORMAL,System Normal ✅,Stable,Normal
229.8,5.17,1188.0,NORMAL,System Normal ✅,Stable,Normal
238.9,4.93,1178.0,CRITICAL,High Voltage ⚠️,System Load Increasing,Normal
239.8,4.53,1086.0,CRITICAL,High Voltage ⚠️,System Load Increasing,Normal
234.9,4.68,1099.0,NORMAL,System Normal ✅,System Load Increasing,Normal
237.2,4.21,999.0,WARNING,High Voltage ⚠️,System Load Increasing,Normal
215.3,5.88,1266.0,NORMAL,System Normal ✅,Stable,Normal
235.2,4.87,1145.0,WARNING,High Voltage ⚠️,System Load Increasing,Normal
229.2,4.03,924.0,NORMAL,System Normal ✅,Stable,Normal
225.9,4.72,1066.0,NORMAL,System Normal ✅,Stable,Normal
229.3,4.64,1064.0,NORMAL,System Normal ✅,Stable,Normal
219.9,4.88,1073.0,NORMAL,System Normal ✅,Stable,Normal
234.4,4.06,952.0,NORMAL,System Normal ✅,System Load Increasing,Normal
212.1,5.25,1114.0,NORMAL,System Normal ✅,Stable,Normal
225.5,4.66,1051.0,NORMAL,System Normal ✅,Stable,Normal
226.1,4.29,970.0,NORMAL,System Normal ✅,Stable,Normal
217.6,4.32,940.0,NORMAL,System Normal ✅,Stable,Normal
227.5,4.19,953.0,NORMAL,System Normal ✅,Stable,Normal
211.9,5.55,1176.0,NORMAL,System Normal ✅,Stable,Normal
220.6,4.57,1008.0,NORMAL,System Normal ✅,Stable,Normal
215.9,5.05,1090.0,NORMAL,System Normal ✅,Stable,Normal
232.8,4.13,961.0,NORMAL,System Normal ✅,System Load Increasing,Normal
217.1,4.48,973.0,NORMAL,System Normal ✅,Stable,Normal
222.7,4.23,942.0,NORMAL,System Normal ✅,Stable,Normal
239.9,5.59,1341.0,CRITICAL,High Voltage ⚠️,System Load Increasing,Normal
213.5,5.35,1142.0,NORMAL,System Normal ✅,Stable,Normal
210.3,5.57,1171.0,NORMAL,System Normal ✅,Stable,Normal
215.5,4.89,1054.0,NORMAL,System Normal ✅,Stable,Normal
235.4,5.13,1208.0,WARNING,High Voltage ⚠️,System Load Increasing,Normal
238.9,5.2,1242.0,CRITICAL,High Voltage ⚠️,System Load Increasing,Normal
236.3,4.35,1028.0,WARNING,High Voltage ⚠️,System Load Increasing,Normal
233.1,5.98,1394.0,NORMAL,System Normal ✅,System Load Increasing,Normal
234.5,4.84,1135.0,NORMAL,System Normal ✅,System Load Increasing,Normal
221.6,5.6,1241.0,NORMAL,System Normal ✅,Stable,Normal
212.9,4.88,1039.0,NORMAL,System Normal ✅,Stable,Normal
218.4,4.96,1083.0,NORMAL,System Normal ✅,Stable,Normal
231.4,5.6,1296.0,NORMAL,System Normal ✅,System Load Increasing,Normal
223.3,5.62,1255.0,NORMAL,System Normal ✅,Stable,Normal
220.4,4.43,976.0,NORMAL,System Normal ✅,Stable,Normal
211.7,4.77,1010.0,NORMAL,System Normal ✅,Stable,Normal
222.1,4.01,891.0,NORMAL,System Normal ✅,Stable,Normal
225.6,5.84,1318.0,NORMAL,System Normal ✅,Stable,Normal
226.0,5.57,1259.0,NORMAL,System Normal ✅,Stable,Normal
223.7,6.0,1342.0,NORMAL,System Normal ✅,Stable,Normal
210.2,4.42,929.0,NORMAL,System Normal ✅,Stable,Normal
213.7,5.35,1143.0,NORMAL,System Normal ✅,Stable,Normal
224.5,5.29,1188.0,NORMAL,System Normal ✅,Stable,Normal
235.5,5.85,1378.0,WARNING,High Voltage ⚠️,System Load Increasing,Normal
230.9,5.0,1154.0,NORMAL,System Normal ✅,System Load Increasing,Normal
211.5,5.06,1070.0,NORMAL,System Normal ✅,Stable,Normal
227.1,5.0,1136.0,NORMAL,System Normal ✅,Stable,Normal
228.2,5.56,1269.0,NORMAL,System Normal ✅,System Load Increasing,Normal
217.3,4.99,1084.0,NORMAL,System Normal ✅,Stable,Normal
219.3,4.47,980.0,NORMAL,System Normal ✅,Stable,Normal
229.0,4.52,1035.0,NORMAL,System Normal ✅,System Load Increasing,Normal
218.1,5.06,1104.0,NORMAL,System Normal ✅,Stable,Normal
233.3,5.39,1257.0,NORMAL,System Normal ✅,System Load Increasing,Normal
221.5,4.08,904.0,NORMAL,System Normal ✅,Stable,Normal
220.5,5.51,1215.0,NORMAL,System Normal ✅,Stable,Normal
234.4,5.33,1249.0,NORMAL,System Normal ✅,System Load Increasing,Normal
231.9,4.66,1081.0,NORMAL,System Normal ✅,System Load Increasing,Normal
215.7,4.81,1038.0,NORMAL,System Normal ✅,Stable,Normal
214.7,4.4,945.0,NORMAL,System Normal ✅,Stable,Normal
222.4,4.54,1010.0,NORMAL,System Normal ✅,Stable,Normal
224.0,4.57,1024.0,NORMAL,System Normal ✅,Stable,Normal
211.9,4.06,860.0,NORMAL,System Normal ✅,Stable,Normal
217.8,5.86,1276.0,NORMAL,System Normal ✅,Stable,Normal
224.0,4.13,925.0,NORMAL,System Normal ✅,Stable,Normal
236.7,5.47,1295.0,WARNING,High Voltage ⚠️,System Load Increasing,Normal
234.8,5.86,1376.0,NORMAL,System Normal ✅,System Load Increasing,Normal
212.8,4.96,1055.0,NORMAL,System Normal ✅,Stable,Normal
238.4,4.13,985.0,CRITICAL,High Voltage ⚠️,System Load Increasing,Normal
225.9,4.71,1064.0,NORMAL,System Normal ✅,Stable,Normal
229.4,5.42,1243.0,NORMAL,System Normal ✅,Stable,Normal
238.5,5.35,1276.0,CRITICAL,High Voltage ⚠️,System Load Increasing,Normal
234.9,5.36,1259.0,NORMAL,System Normal ✅,System Load Increasing,Normal
221.1,5.29,1170.0,NORMAL,System Normal ✅,Stable,Normal
239.1,4.23,1011.0,CRITICAL,High Voltage ⚠️,System Load Increasing,Normal
224.8,5.45,1225.0,NORMAL,System Normal ✅,Stable,Normal
210.6,4.51,950.0,NORMAL,System Normal ✅,Stable,Normal
239.4,4.37,1046.0,CRITICAL,High Voltage ⚠️,System Load Increasing,Normal
225.3,4.02,906.0,NORMAL,System Normal ✅,Stable,Normal
234.7,4.16,976.0,NORMAL,System Normal ✅,System Load Increasing,Normal
232.8,4.22,982.0,NORMAL,System Normal ✅,Stable,Normal
226.4,4.53,1026.0,NORMAL,System Normal ✅,Stable,Normal
220.4,5.57,1228.0,NORMAL,System Normal ✅,Stable,Normal
235.1,4.35,1023.0,WARNING,High Voltage ⚠️,System Load Increasing,Normal
231.4,4.28,990.0,NORMAL,System Normal ✅,Stable,Normal
214.9,4.5,967.0,NORMAL,System Normal ✅,Stable,Normal
223.3,5.95,1329.0,NORMAL,System Normal ✅,Stable,Normal
219.2,5.05,1107.0,NORMAL,System Normal ✅,Stable,Normal
228.0,5.74,1309.0,NORMAL,System Normal ✅,Stable,Normal
237.2,4.43,1051.0,WARNING,High Voltage ⚠️,System Load Increasing,Normal
224.8,5.95,1338.0,NORMAL,System Normal ✅,Stable,Normal
210.2,5.52,1160.0,NORMAL,System Normal ✅,Stable,Normal
236.6,5.49,1299.0,WARNING,High Voltage ⚠️,System Load Increasing,Normal
238.6,4.5,1074.0,CRITICAL,High Voltage ⚠️,System Load Increasing,Normal
217.4,4.91,1067.0,NORMAL,System Normal ✅,Stable,Normal
229.6,4.21,967.0,NORMAL,System Normal ✅,Stable,Normal
217.2,4.26,925.0,NORMAL,System Normal ✅,Stable,Normal
219.6,5.31,1166.0,NORMAL,System Normal ✅,Stable,Normal
212.0,5.34,1132.0,NORMAL,System Normal ✅,Stable,Normal
228.2,4.29,979.0,NORMAL,System Normal ✅,Stable,Normal
222.5,5.56,1237.0,NORMAL,System Normal ✅,Stable,Normal
211.3,5.24,1107.0,NORMAL,System Normal ✅,Stable,Normal
211.8,5.06,1072.0,NORMAL,System Normal ✅,Stable,Normal
224.0,5.45,1221.0,NORMAL,System Normal ✅,Stable,Normal
210.6,4.75,1000.0,NORMAL,System Normal ✅,Stable,Normal
215.8,5.9,1273.0,NORMAL,System Normal ✅,Stable,Normal
213.6,4.16,889.0,NORMAL,System Normal ✅,Stable,Normal
236.5,5.6,1324.0,WARNING,High Voltage ⚠️,System Load Increasing,Normal
225.6,5.55,1252.0,NORMAL,System Normal ✅,Stable,Normal
230.9,5.83,1346.0,NORMAL,System Normal ✅,System Load Increasing,Normal
226.8,5.96,1352.0,NORMAL,System Normal ✅,Stable,Normal
211.4,4.49,949.0,NORMAL,System Normal ✅,Stable,Normal
231.7,4.43,1026.0,NORMAL,System Normal ✅,System Load Increasing,Normal
237.5,5.11,1214.0,WARNING,High Voltage ⚠️,System Load Increasing,Normal
235.1,4.62,1086.0,WARNING,High Voltage ⚠️,System Load Increasing,Normal
223.6,4.72,1055.0,NORMAL,System Normal ✅,Stable,Normal
236.6,5.78,1368.0,WARNING,High Voltage ⚠️,System Load Increasing,Normal
210.7,4.42,931.0,NORMAL,System Normal ✅,Stable,Normal
233.6,5.46,1275.0,NORMAL,System Normal ✅,System Load Increasing,Normal
212.8,4.71,1002.0,NORMAL,System Normal ✅,Stable,Normal
230.8,5.07,1170.0,NORMAL,System Normal ✅,System Load Increasing,Normal
234.4,4.59,1076.0,NORMAL,System Normal ✅,System Load Increasing,Normal
236.1,5.2,1228.0,WARNING,High Voltage ⚠️,System Load Increasing,Normal
211.7,4.45,942.0,NORMAL,System Normal ✅,Stable,Normal
226.0,5.94,1342.0,NORMAL,System Normal ✅,Stable,Normal
213.1,5.69,1213.0,NORMAL,System Normal ✅,Stable,Normal
227.8,4.26,970.0,NORMAL,System Normal ✅,Stable,Normal
237.7,5.22,1241.0,WARNING,High Voltage ⚠️,System Load Increasing,Normal
234.3,5.69,1333.0,NORMAL,System Normal ✅,System Load Increasing,Normal
226.5,4.13,935.0,NORMAL,System Normal ✅,Stable,Normal
223.0,4.99,1113.0,NORMAL,System Normal ✅,Stable,Normal
223.5,4.0,894.0,NORMAL,System Normal ✅,Stable,Normal
229.4,4.69,1076.0,NORMAL,System Normal ✅,Stable,Normal
239.7,4.63,1110.0,CRITICAL,High Voltage ⚠️,System Load Increasing,Normal
239.0,4.28,1023.0,CRITICAL,High Voltage ⚠️,System Load Increasing,Normal
219.2,5.47,1199.0,NORMAL,System Normal ✅,Stable,Normal
232.4,5.21,1211.0,NORMAL,System Normal ✅,System Load Increasing,Normal
239.5,5.21,1248.0,CRITICAL,High Voltage ⚠️,System Load Increasing,Normal
225.6,5.0,1128.0,NORMAL,System Normal ✅,Stable,Normal
230.2,4.5,1036.0,NORMAL,System Normal ✅,Stable,Normal
224.8,5.19,1167.0,NORMAL,System Normal ✅,Stable,Normal
215.4,5.8,1249.0,NORMAL,System Normal ✅,Stable,Normal
235.5,5.75,1354.0,WARNING,High Voltage ⚠️,System Load Increasing,Normal
220.7,5.7,1258.0,NORMAL,System Normal ✅,Stable,Normal
235.0,5.54,1302.0,NORMAL,System Normal ✅,System Load Increasing,Normal
235.4,4.59,1080.0,WARNING,High Voltage ⚠️,System Load Increasing,Normal
211.1,4.72,996.0,NORMAL,System Normal ✅,Voltage Spike Risk,Anomaly 🚨
215.9,4.12,890.0,NORMAL,System Normal ✅,Stable,Normal
213.8,5.61,1199.0,NORMAL,System Normal ✅,Stable,Normal
220.2,4.24,934.0,NORMAL,System Normal ✅,Stable,Normal
226.3,4.82,1091.0,NORMAL,System Normal ✅,Stable,Normal
223.8,4.47,1000.0,NORMAL,System Normal ✅,Stable,Normal
232.1,5.51,1279.0,NORMAL,System Normal ✅,System Load Increasing,Normal
232.6,4.71,1096.0,NORMAL,System Normal ✅,System Load Increasing,Normal
222.5,4.47,995.0,NORMAL,System Normal ✅,Stable,Normal
223.8,5.99,1341.0,NORMAL,System Normal ✅,Stable,Normal
222.5,4.87,1084.0,NORMAL,System Normal ✅,Stable,Normal
232.9,5.86,1365.0,NORMAL,System Normal ✅,System Load Increasing,Normal
212.2,4.66,989.0,NORMAL,System Normal ✅,Stable,Normal
234.5,4.69,1100.0,NORMAL,System Normal ✅,System Load Increasing,Normal
232.1,4.11,954.0,NORMAL,System Normal ✅,System Load Increasing,Normal
210.2,5.47,1150.0,NORMAL,System Normal ✅,Stable,Normal
238.5,4.85,1157.0,CRITICAL,High Voltage ⚠️,System Load Increasing,Normal
227.8,4.86,1107.0,NORMAL,System Normal ✅,Stable,Normal
231.1,5.09,1176.0,NORMAL,System Normal ✅,System Load Increasing,Normal
226.8,4.02,912.0,NORMAL,System Normal ✅,Stable,Normal
234.0,5.47,1280.0,NORMAL,System Normal ✅,System Load Increasing,Normal
236.0,5.02,1185.0,WARNING,High Voltage ⚠️,System Load Increasing,Normal
223.7,4.97,1112.0,NORMAL,System Normal ✅,Stable,Normal
229.7,4.66,1070.0,NORMAL,System Normal ✅,Stable,Normal
228.4,4.14,946.0,NORMAL,System Normal ✅,Stable,Normal
225.7,4.36,984.0,NORMAL,System Normal ✅,Stable,Normal
228.9,5.05,1156.0,NORMAL,System Normal ✅,Stable,Normal
221.6,5.85,1296.0,NORMAL,System Normal ✅,Stable,Normal
238.7,5.72,1365.0,CRITICAL,High Voltage ⚠️,System Load Increasing,Normal
210.5,4.9,1031.0,NORMAL,System Normal ✅,Stable,Normal
213.4,4.74,1012.0,NORMAL,System Normal ✅,Stable,Normal
238.0,5.31,1264.0,WARNING,High Voltage ⚠️,System Load Increasing,Normal
217.4,4.72,1026.0,NORMAL,System Normal ✅,Stable,Normal
214.4,4.24,909.0,NORMAL,System Normal ✅,Stable,Normal
214.8,5.59,1201.0,NORMAL,System Normal ✅,Stable,Normal
229.4,4.12,945.0,NORMAL,System Normal ✅,Stable,Normal
225.4,4.4,992.0,NORMAL,System Normal ✅,Stable,Normal
213.0,4.41,939.0,NORMAL,System Normal ✅,Stable,Normal
236.5,5.5,1301.0,WARNING,High Voltage ⚠️,System Load Increasing,Normal
214.3,4.53,971.0,NORMAL,System Normal ✅,Stable,Normal
217.7,5.36,1167.0,NORMAL,System Normal ✅,Stable,Normal
230.6,5.47,1261.0,NORMAL,System Normal ✅,System Load Increasing,Normal
212.8,5.02,1068.0,NORMAL,System Normal ✅,Stable,Normal
225.0,5.69,1280.0,NORMAL,System Normal ✅,Stable,Normal
210.0,4.49,943.0,NORMAL,System Normal ✅,Stable,Normal
211.8,4.43,938.0,NORMAL,System Normal ✅,Stable,Normal
222.7,4.68,1042.0,NORMAL,System Normal ✅,Stable,Normal
218.3,4.84,1057.0,NORMAL,System Normal ✅,Stable,Normal
224.4,4.3,965.0,NORMAL,System Normal ✅,Stable,Normal
231.1,5.33,1232.0,NORMAL,System Normal ✅,System Load Increasing,Normal
212.8,4.96,1055.0,NORMAL,System Normal ✅,Stable,Normal
211.0,5.21,1099.0,NORMAL,System Normal ✅,Stable,Normal
218.4,5.91,1291.0,NORMAL,System Normal ✅,Stable,Normal
216.4,5.87,1270.0,NORMAL,System Normal ✅,Stable,Normal
230.9,4.75,1097.0,NORMAL,System Normal ✅,System Load Increasing,Normal
236.8,5.09,1205.0,WARNING,High Voltage ⚠️,System Load Increasing,Normal
224.7,5.59,1256.0,NORMAL,System Normal ✅,Stable,Normal
231.1,4.73,1093.0,NORMAL,System Normal ✅,System Load Increasing,Normal
214.0,5.84,1250.0,NORMAL,System Normal ✅,Stable,Normal
238.0,5.71,1359.0,WARNING,High Voltage ⚠️,System Load Increasing,Normal
237.8,5.56,1322.0,WARNING,High Voltage ⚠️,System Load Increasing,Normal
212.2,4.96,1053.0,NORMAL,System Normal ✅,Stable,Normal
234.5,4.48,1051.0,NORMAL,System Normal ✅,System Load Increasing,Normal
231.1,4.66,1077.0,NORMAL,System Normal ✅,System Load Increasing,Normal
225.8,5.15,1163.0,NORMAL,System Normal ✅,Stable,Normal
214.7,5.38,1155.0,NORMAL,System Normal ✅,Stable,Normal
227.0,4.71,1069.0,NORMAL,System Normal ✅,Stable,Normal
225.4,4.9,1104.0,NORMAL,System Normal ✅,Stable,Normal
223.8,5.38,1204.0,NORMAL,System Normal ✅,Stable,Normal
238.1,4.66,1110.0,CRITICAL,High Voltage ⚠️,System Load Increasing,Normal
223.8,4.38,980.0,NORMAL,System Normal ✅,Stable,Normal
232.1,5.11,1186.0,NORMAL,System Normal ✅,System Load Increasing,Normal
229.1,5.67,1299.0,NORMAL,System Normal ✅,Stable,Normal
230.1,5.81,1337.0,NORMAL,System Normal ✅,Stable,Normal
228.9,4.47,1023.0,NORMAL,System Normal ✅,Stable,Normal
225.8,5.16,1165.0,NORMAL,System Normal ✅,Stable,Normal
227.5,4.62,1051.0,NORMAL,System Normal ✅,Stable,Normal
227.8,5.83,1328.0,NORMAL,System Normal ✅,Stable,Normal
228.4,5.51,1258.0,NORMAL,System Normal ✅,Stable,Normal
239.4,5.35,1281.0,CRITICAL,High Voltage ⚠️,System Load Increasing,Normal
216.7,4.24,919.0,NORMAL,System Normal ✅,Stable,Normal
210.9,5.27,1111.0,NORMAL,System Normal ✅,Voltage Spike Risk,Anomaly 🚨
216.1,4.65,1005.0,NORMAL,System Normal ✅,Stable,Normal
215.4,4.8,1034.0,NORMAL,System Normal ✅,Stable,Normal
240.0,4.3,1032.0,CRITICAL,High Voltage ⚠️,System Load Increasing,Normal
220.9,4.35,961.0,NORMAL,System Normal ✅,Stable,Normal
229.2,4.44,1018.0,NORMAL,System Normal ✅,Stable,Normal
211.5,4.79,1013.0,NORMAL,System Normal ✅,Stable,Normal
220.2,5.17,1138.0,NORMAL,System Normal ✅,Stable,Normal
227.4,5.81,1321.0,NORMAL,System Normal ✅,Stable,Normal
214.0,4.55,974.0,NORMAL,System Normal ✅,Stable,Normal
239.6,4.59,1100.0,CRITICAL,High Voltage ⚠️,System Load Increasing,Normal
231.0,4.53,1046.0,NORMAL,System Normal ✅,System Load Increasing,Normal
237.2,5.93,1407.0,WARNING,High Voltage ⚠️,System Load Increasing,Normal
220.4,5.14,1133.0,NORMAL,System Normal ✅,Stable,Normal
218.9,5.48,1200.0,NORMAL,System Normal ✅,Stable,Normal
213.0,4.43,944.0,NORMAL,System Normal ✅,Stable,Normal
236.2,4.62,1091.0,WARNING,High Voltage ⚠️,System Load Increasing,Normal
238.0,5.18,1233.0,WARNING,High Voltage ⚠️,System Load Increasing,Normal
211.0,4.39,926.0,NORMAL,System Normal ✅,Stable,Normal
214.5,5.31,1139.0,NORMAL,System Normal ✅,Stable,Normal
220.5,4.46,983.0,NORMAL,System Normal ✅,Stable,Normal
221.4,5.4,1196.0,NORMAL,System Normal ✅,Stable,Normal
229.2,4.2,963.0,NORMAL,System Normal ✅,Stable,Normal
225.2,5.06,1140.0,NORMAL,System Normal ✅,Stable,Normal
216.4,4.21,911.0,NORMAL,System Normal ✅,Stable,Normal
229.2,4.75,1089.0,NORMAL,System Normal ✅,System Load Increasing,Normal
226.6,5.28,1196.0,NORMAL,System Normal ✅,Stable,Normal
221.3,5.52,1222.0,NORMAL,System Normal ✅,Stable,Normal
235.5,4.75,1119.0,WARNING,High Voltage ⚠️,System Load Increasing,Normal
216.4,4.11,889.0,NORMAL,System Normal ✅,Stable,Normal
225.7,5.01,1131.0,NORMAL,System Normal ✅,Stable,Normal
224.6,5.21,1170.0,NORMAL,System Normal ✅,Stable,Normal
239.2,4.97,1189.0,CRITICAL,High Voltage ⚠️,System Load Increasing,Normal
236.8,4.35,1030.0,WARNING,High Voltage ⚠️,System Load Increasing,Normal
236.6,4.21,996.0,WARNING,High Voltage ⚠️,System Load Increasing,Normal
238.5,5.29,1262.0,CRITICAL,High Voltage ⚠️,System Load Increasing,Normal
232.3,4.38,1017.0,NORMAL,System Normal ✅,System Load Increasing,Normal
217.8,4.23,921.0,NORMAL,System Normal ✅,Stable,Normal
216.9,5.64,1223.0,NORMAL,System Normal ✅,Stable,Normal
235.8,5.36,1264.0,WARNING,High Voltage ⚠️,System Load Increasing,Normal
214.7,4.23,908.0,NORMAL,System Normal ✅,Stable,Normal
217.2,4.57,993.0,NORMAL,System Normal ✅,Stable,Normal
214.2,4.77,1022.0,NORMAL,System Normal ✅,Stable,Normal
237.2,4.71,1117.0,WARNING,High Voltage ⚠️,System Load Increasing,Normal
223.4,5.14,1148.0,NORMAL,System Normal ✅,Stable,Normal
215.5,5.44,1172.0,NORMAL,System Normal ✅,Stable,Normal
225.1,4.08,918.0,NORMAL,System Normal ✅,Stable,Normal
231.3,4.97,1150.0,NORMAL,System Normal ✅,Stable,Normal
225.1,5.49,1236.0,NORMAL,System Normal ✅,Stable,Normal
219.1,4.6,1008.0,NORMAL,System Normal ✅,Stable,Normal
228.4,5.48,1252.0,NORMAL,System Normal ✅,Stable,Normal
214.2,4.91,1052.0,NORMAL,System Normal ✅,Stable,Normal
218.0,4.36,950.0,NORMAL,System Normal ✅,Stable,Normal
216.2,4.17,902.0,NORMAL,System Normal ✅,Stable,Normal
228.1,4.84,1104.0,NORMAL,System Normal ✅,Stable,Normal
232.4,5.34,1241.0,NORMAL,System Normal ✅,System Load Increasing,Normal
217.9,4.06,885.0,NORMAL,System Normal ✅,Stable,Normal
222.8,5.69,1268.0,NORMAL,System Normal ✅,Stable,Normal
213.9,5.96,1275.0,NORMAL,System Normal ✅,Stable,Normal
236.3,4.86,1148.0,WARNING,High Voltage ⚠️,System Load Increasing,Normal
237.2,5.76,1366.0,WARNING,High Voltage ⚠️,System Load Increasing,Normal
213.7,5.02,1073.0,NORMAL,System Normal ✅,Stable,Normal
216.7,4.78,1036.0,NORMAL,System Normal ✅,Stable,Normal
223.2,4.37,975.0,NORMAL,System Normal ✅,Stable,Normal
227.8,5.65,1287.0,NORMAL,System Normal ✅,Stable,Normal
214.3,5.75,1232.0,NORMAL,System Normal ✅,Stable,Normal
219.0,4.51,988.0,NORMAL,System Normal ✅,Stable,Normal
221.2,4.11,909.0,NORMAL,System Normal ✅,Stable,Normal
238.6,4.45,1062.0,CRITICAL,High Voltage ⚠️,System Load Increasing,Normal
234.4,5.34,1252.0,NORMAL,System Normal ✅,System Load Increasing,Normal
212.3,5.82,1236.0,NORMAL,System Normal ✅,Stable,Normal
238.6,5.12,1222.0,CRITICAL,High Voltage ⚠️,System Load Increasing,Normal
215.5,5.52,1190.0,NORMAL,System Normal ✅,Stable,Normal
236.6,4.05,958.0,WARNING,High Voltage ⚠️,System Load Increasing,Normal
235.0,5.33,1253.0,NORMAL,System Normal ✅,System Load Increasing,Normal
214.8,5.06,1087.0,NORMAL,System Normal ✅,Stable,Normal
219.8,5.67,1246.0,NORMAL,System Normal ✅,Stable,Normal
226.1,4.88,1103.0,NORMAL,System Normal ✅,Stable,Normal
223.0,4.07,908.0,NORMAL,System Normal ✅,Stable,Normal
236.2,5.3,1252.0,WARNING,High Voltage ⚠️,System Load Increasing,Normal
236.0,5.96,1407.0,WARNING,High Voltage ⚠️,System Load Increasing,Normal
229.6,5.99,1375.0,NORMAL,System Normal ✅,Stable,Normal
210.5,4.51,949.0,NORMAL,System Normal ✅,Stable,Normal
211.1,5.73,1210.0,NORMAL,System Normal ✅,Stable,Normal
222.6,5.26,1171.0,NORMAL,System Normal ✅,Stable,Normal
219.4,5.02,1101.0,NORMAL,System Normal ✅,Stable,Normal
236.8,4.39,1040.0,WARNING,High Voltage ⚠️,System Load Increasing,Normal
237.3,4.29,1018.0,WARNING,High Voltage ⚠️,System Load Increasing,Normal
216.5,5.86,1269.0,NORMAL,System Normal ✅,Stable,Normal
226.8,4.94,1120.0,NORMAL,System Normal ✅,Stable,Normal
234.3,4.87,1141.0,NORMAL,System Normal ✅,System Load Increasing,Normal
236.7,5.45,1290.0,WARNING,High Voltage ⚠️,System Load Increasing,Normal
211.3,5.17,1092.0,NORMAL,System Normal ✅,Stable,Normal
224.4,4.12,925.0,NORMAL,System Normal ✅,Stable,Normal
223.9,5.44,1218.0,NORMAL,System Normal ✅,Stable,Normal
226.1,4.59,1038.0,NORMAL,System Normal ✅,Stable,Normal
211.7,4.42,936.0,NORMAL,System Normal ✅,Stable,Normal
236.7,5.28,1250.0,WARNING,High Voltage ⚠️,System Load Increasing,Normal
231.5,5.21,1206.0,NORMAL,System Normal ✅,System Load Increasing,Normal
236.3,5.83,1378.0,WARNING,High Voltage ⚠️,System Load Increasing,Normal
212.7,4.4,936.0,NORMAL,System Normal ✅,Stable,Normal
227.8,4.6,1048.0,NORMAL,System Normal ✅,Stable,Normal
227.6,5.36,1220.0,NORMAL,System Normal ✅,Stable,Normal
227.2,4.29,975.0,NORMAL,System Normal ✅,Stable,Normal
218.0,5.38,1173.0,NORMAL,System Normal ✅,Stable,Normal
211.5,4.79,1013.0,NORMAL,System Normal ✅,Stable,Normal
217.9,5.95,1297.0,NORMAL,System Normal ✅,Stable,Normal
235.0,4.8,1128.0,NORMAL,System Normal ✅,System Load Increasing,Normal
239.8,4.16,998.0,CRITICAL,High Voltage ⚠️,System Load Increasing,Normal
211.3,5.79,1223.0,NORMAL,System Normal ✅,Stable,Normal
212.9,5.31,1130.0,NORMAL,System Normal ✅,Stable,Normal
215.5,5.59,1205.0,NORMAL,System Normal ✅,Stable,Normal
211.1,4.38,925.0,NORMAL,System Normal ✅,Stable,Normal
223.3,4.43,989.0,NORMAL,System Normal ✅,Stable,Normal
218.9,5.78,1265.0,NORMAL,System Normal ✅,Stable,Normal
228.3,5.51,1258.0,NORMAL,System Normal ✅,System Load Increasing,Normal
219.1,4.9,1074.0,NORMAL,System Normal ✅,Stable,Normal
227.7,5.54,1261.0,NORMAL,System Normal ✅,System Load Increasing,Normal
225.6,5.95,1342.0,NORMAL,System Normal ✅,Stable,Normal
219.6,4.44,975.0,NORMAL,System Normal ✅,Stable,Normal
228.9,5.0,1144.0,NORMAL,System Normal ✅,System Load Increasing,Normal
239.1,5.87,1404.0,CRITICAL,High Voltage ⚠️,System Load Increasing,Normal
227.7,4.65,1059.0,NORMAL,System Normal ✅,Stable,Normal
222.8,4.54,1012.0,NORMAL,System Normal ✅,Stable,Normal
235.2,5.67,1334.0,WARNING,High Voltage ⚠️,System Load Increasing,Normal
223.6,4.47,999.0,NORMAL,System Normal ✅,Stable,Normal
229.7,5.37,1233.0,NORMAL,System Normal ✅,Stable,Normal
211.1,5.77,1218.0,NORMAL,System Normal ✅,Stable,Normal
237.0,5.24,1242.0,WARNING,High Voltage ⚠️,System Load Increasing,Normal
224.1,5.67,1271.0,NORMAL,System Normal ✅,Stable,Normal
217.5,4.84,1053.0,NORMAL,System Normal ✅,Stable,Normal
219.2,4.81,1054.0,NORMAL,System Normal ✅,Stable,Normal
221.4,5.4,1196.0,NORMAL,System Normal ✅,Stable,Normal
227.0,4.3,976.0,NORMAL,System Normal ✅,Stable,Normal
239.6,4.14,992.0,CRITICAL,High Voltage ⚠️,System Load Increasing,Normal
230.7,4.15,957.0,NORMAL,System Normal ✅,Stable,Normal
229.1,5.5,1260.0,NORMAL,System Normal ✅,Stable,Normal
239.3,4.61,1103.0,CRITICAL,High Voltage ⚠️,System Load Increasing,Normal
228.3,4.82,1100.0,NORMAL,System Normal ✅,Stable,Normal
223.4,4.37,976.0,NORMAL,System Normal ✅,Stable,Normal
211.6,5.72,1210.0,NORMAL,System Normal ✅,Stable,Normal
216.6,4.53,981.0,NORMAL,System Normal ✅,Stable,Normal
219.3,4.12,904.0,NORMAL,System Normal ✅,Stable,Normal
229.1,5.21,1194.0,NORMAL,System Normal ✅,Stable,Normal
226.1,4.42,999.0,NORMAL,System Normal ✅,Stable,Normal
212.1,4.72,1001.0,NORMAL,System Normal ✅,Stable,Normal
228.0,4.7,1072.0,NORMAL,System Normal ✅,Stable,Normal
236.7,4.53,1072.0,WARNING,High Voltage ⚠️,System Load Increasing,Normal
229.5,4.31,989.0,NORMAL,System Normal ✅,Stable,Normal
231.0,4.94,1141.0,NORMAL,System Normal ✅,System Load Increasing,Normal
223.1,4.59,1024.0,NORMAL,System Normal ✅,Stable,Normal
231.8,5.24,1215.0,NORMAL,System Normal ✅,System Load Increasing,Normal
228.3,5.8,1324.0,NORMAL,System Normal ✅,Stable,Normal
215.0,4.59,987.0,NORMAL,System Normal ✅,Stable,Normal
234.7,5.89,1382.0,NORMAL,System Normal ✅,System Load Increasing,Normal
220.5,5.32,1173.0,NORMAL,System Normal ✅,Stable,Normal
233.4,5.0,1167.0,NORMAL,System Normal ✅,System Load Increasing,Normal
229.6,4.73,1086.0,NORMAL,System Normal ✅,Stable,Normal
225.3,4.35,980.0,NORMAL,System Normal ✅,Stable,Normal
232.3,5.24,1217.0,NORMAL,System Normal ✅,System Load Increasing,Normal
212.1,5.31,1126.0,NORMAL,System Normal ✅,Stable,Normal
232.4,4.42,1027.0,NORMAL,System Normal ✅,System Load Increasing,Normal
219.7,4.53,995.0,NORMAL,System Normal ✅,Stable,Normal
226.9,5.33,1209.0,NORMAL,System Normal ✅,Stable,Normal
214.4,4.02,862.0,NORMAL,System Normal ✅,Stable,Normal
223.6,5.03,1125.0,NORMAL,System Normal ✅,Stable,Normal
221.8,5.03,1116.0,NORMAL,System Normal ✅,Stable,Normal
234.3,4.52,1059.0,NORMAL,System Normal ✅,System Load Increasing,Normal
212.9,4.07,867.0,NORMAL,System Normal ✅,Stable,Normal
216.2,4.05,876.0,NORMAL,System Normal ✅,Stable,Normal
236.3,5.69,1345.0,WARNING,High Voltage ⚠️,System Load Increasing,Normal
226.7,5.34,1211.0,NORMAL,System Normal ✅,Stable,Normal
225.2,5.34,1203.0,NORMAL,System Normal ✅,Stable,Normal
224.6,4.91,1103.0,NORMAL,System Normal ✅,Stable,Normal
217.0,5.93,1287.0,NORMAL,System Normal ✅,Stable,Normal
233.8,4.52,1057.0,NORMAL,System Normal ✅,System Load Increasing,Normal
234.2,5.06,1185.0,NORMAL,System Normal ✅,System Load Increasing,Normal
213.3,4.32,921.0,NORMAL,System Normal ✅,Stable,Normal
224.5,5.06,1136.0,NORMAL,System Normal ✅,Stable,Normal
222.3,4.86,1080.0,NORMAL,System Normal ✅,Stable,Normal
214.1,4.48,959.0,NORMAL,System Normal ✅,Stable,Normal
218.2,4.31,940.0,NORMAL,System Normal ✅,Stable,Normal
230.8,4.94,1140.0,NORMAL,System Normal ✅,System Load Increasing,Normal
225.7,5.19,1171.0,NORMAL,System Normal ✅,Stable,Normal
216.6,4.61,999.0,NORMAL,System Normal ✅,Stable,Normal
235.6,5.12,1206.0,WARNING,High Voltage ⚠️,System Load Increasing,Normal
230.5,4.24,977.0,NORMAL,System Normal ✅,System Load Increasing,Normal
213.0,4.15,884.0,NORMAL,System Normal ✅,Stable,Normal
232.0,4.15,963.0,NORMAL,System Normal ✅,System Load Increasing,Normal
211.4,4.69,991.0,NORMAL,System Normal ✅,Stable,Normal
214.6,5.0,1073.0,NORMAL,System Normal ✅,Stable,Normal
212.1,4.46,946.0,NORMAL,System Normal ✅,Stable,Normal
216.0,5.94,1283.0,NORMAL,System Normal ✅,Stable,Normal
235.3,5.89,1386.0,WARNING,High Voltage ⚠️,System Load Increasing,Normal
240.0,4.45,1068.0,CRITICAL,High Voltage ⚠️,System Load Increasing,Normal
221.7,4.25,942.0,NORMAL,System Normal ✅,Stable,Normal
229.8,4.96,1140.0,NORMAL,System Normal ✅,System Load Increasing,Normal
228.2,5.14,1173.0,NORMAL,System Normal ✅,Stable,Normal
218.7,4.9,1072.0,NORMAL,System Normal ✅,Stable,Normal
211.5,5.12,1083.0,NORMAL,System Normal ✅,Stable,Normal
224.4,5.66,1270.0,NORMAL,System Normal ✅,Stable,Normal
211.4,4.47,945.0,NORMAL,System Normal ✅,Stable,Normal
239.6,5.63,1349.0,CRITICAL,High Voltage ⚠️,System Load Increasing,Normal
230.4,5.38,1240.0,NORMAL,System Normal ✅,System Load Increasing,Normal
236.9,4.47,1059.0,WARNING,High Voltage ⚠️,System Load Increasing,Normal
227.7,4.02,915.0,NORMAL,System Normal ✅,Stable,Normal
239.9,4.19,1005.0,CRITICAL,High Voltage ⚠️,System Load Increasing,Normal
239.4,4.82,1154.0,CRITICAL,High Voltage ⚠️,System Load Increasing,Normal
234.5,5.85,1372.0,NORMAL,System Normal ✅,System Load Increasing,Normal
222.5,5.27,1173.0,NORMAL,System Normal ✅,Stable,Normal
224.7,5.23,1175.0,NORMAL,System Normal ✅,Stable,Normal
236.6,5.1,1207.0,WARNING,High Voltage ⚠️,System Load Increasing,Normal
223.4,5.35,1195.0,NORMAL,System Normal ✅,Stable,Normal
213.1,5.14,1095.0,NORMAL,System Normal ✅,Stable,Normal
213.5,4.58,978.0,NORMAL,System Normal ✅,Stable,Normal
233.9,4.42,1034.0,NORMAL,System Normal ✅,System Load Increasing,Normal
217.8,5.87,1278.0,NORMAL,System Normal ✅,Stable,Normal
214.6,5.42,1163.0,NORMAL,System Normal ✅,Stable,Normal
239.1,5.65,1351.0,CRITICAL,High Voltage ⚠️,System Load Increasing,Normal
216.5,5.38,1165.0,NORMAL,System Normal ✅,Stable,Normal
235.1,5.63,1324.0,WARNING,High Voltage ⚠️,System Load Increasing,Normal
220.5,4.95,1091.0,NORMAL,System Normal ✅,Stable,Normal
235.7,4.55,1072.0,WARNING,High Voltage ⚠️,System Load Increasing,Normal
227.3,4.86,1105.0,NORMAL,System Normal ✅,Stable,Normal
235.7,5.4,1273.0,WARNING,High Voltage ⚠️,System Load Increasing,Normal
223.8,4.5,1007.0,NORMAL,System Normal ✅,Stable,Normal
227.4,4.14,941.0,NORMAL,System Normal ✅,Stable,Normal
221.7,4.6,1020.0,NORMAL,System Normal ✅,Stable,Normal
223.2,4.51,1007.0,NORMAL,System Normal ✅,Stable,Normal
217.2,5.31,1153.0,NORMAL,System Normal ✅,Stable,Normal
238.3,5.65,1346.0,CRITICAL,High Voltage ⚠️,System Load Increasing,Normal
239.8,5.83,1398.0,CRITICAL,High Voltage ⚠️,System Load Increasing,Normal
232.4,5.85,1360.0,NORMAL,System Normal ✅,System Load Increasing,Normal
239.6,5.44,1303.0,CRITICAL,High Voltage ⚠️,System Load Increasing,Normal
236.0,4.3,1015.0,WARNING,High Voltage ⚠️,System Load Increasing,Normal
212.8,4.91,1045.0,NORMAL,System Normal ✅,Stable,Normal
232.7,4.9,1140.0,NORMAL,System Normal ✅,Stable,Normal
227.6,4.87,1108.0,NORMAL,System Normal ✅,Stable,Normal
239.5,4.45,1066.0,CRITICAL,High Voltage ⚠️,System Load Increasing,Normal
231.5,5.88,1361.0,NORMAL,System Normal ✅,Stable,Normal
210.2,5.83,1225.0,NORMAL,System Normal ✅,Voltage Spike Risk,Anomaly 🚨
230.5,5.92,1365.0,NORMAL,System Normal ✅,Stable,Normal
229.1,5.84,1338.0,NORMAL,System Normal ✅,Stable,Normal
224.7,5.86,1317.0,NORMAL,System Normal ✅,Stable,Normal
227.8,5.34,1216.0,NORMAL,System Normal ✅,Stable,Normal
227.8,5.05,1150.0,NORMAL,System Normal ✅,Stable,Normal
231.3,5.56,1286.0,NORMAL,System Normal ✅,Stable,Normal
212.1,5.5,1167.0,NORMAL,System Normal ✅,Stable,Normal
237.4,5.27,1251.0,WARNING,High Voltage ⚠️,System Load Increasing,Normal
218.7,5.47,1196.0,NORMAL,System Normal ✅,Stable,Normal
211.8,4.14,877.0,NORMAL,System Normal ✅,Stable,Normal
239.3,4.72,1129.0,CRITICAL,High Voltage ⚠️,System Load Increasing,Normal
228.8,4.98,1139.0,NORMAL,System Normal ✅,Stable,Normal
218.2,5.85,1276.0,NORMAL,System Normal ✅,Stable,Normal
237.3,5.39,1279.0,WARNING,High Voltage ⚠️,System Load Increasing,Normal
234.7,4.47,1049.0,NORMAL,System Normal ✅,System Load Increasing,Normal
214.2,4.14,887.0,NORMAL,System Normal ✅,Stable,Normal
224.3,4.27,958.0,NORMAL,System Normal ✅,Stable,Normal
217.0,4.83,1048.0,NORMAL,System Normal ✅,Stable,Normal
212.6,5.79,1231.0,NORMAL,System Normal ✅,Stable,Normal
222.6,5.94,1322.0,NORMAL,System Normal ✅,Stable,Normal
223.0,5.68,1267.0,NORMAL,System Normal ✅,Stable,Normal
217.8,4.04,880.0,NORMAL,System Normal ✅,Stable,Normal
236.2,4.16,983.0,WARNING,High Voltage ⚠️,System Load Increasing,Normal
213.8,5.18,1107.0,NORMAL,System Normal ✅,Stable,Normal
214.0,5.72,1224.0,NORMAL,System Normal ✅,Stable,Normal
221.2,5.45,1206.0,NORMAL,System Normal ✅,Stable,Normal
228.4,5.76,1316.0,NORMAL,System Normal ✅,Stable,Normal
215.7,4.25,917.0,NORMAL,System Normal ✅,Stable,Normal
231.1,4.45,1028.0,NORMAL,System Normal ✅,System Load Increasing,Normal
237.1,5.56,1318.0,WARNING,High Voltage ⚠️,System Load Increasing,Normal
213.3,5.07,1081.0,NORMAL,System Normal ✅,Stable,Normal
230.1,4.27,983.0,NORMAL,System Normal ✅,System Load Increasing,Normal
230.0,4.21,968.0,NORMAL,System Normal ✅,System Load Increasing,Normal
236.1,5.42,1280.0,WARNING,High Voltage ⚠️,System Load Increasing,Normal
234.8,4.2,986.0,NORMAL,System Normal ✅,System Load Increasing,Normal
237.9,5.49,1306.0,WARNING,High Voltage ⚠️,System Load Increasing,Normal
224.2,4.42,991.0,NORMAL,System Normal ✅,Stable,Normal
217.4,5.6,1217.0,NORMAL,System Normal ✅,Stable,Normal
233.4,5.78,1349.0,NORMAL,System Normal ✅,System Load Increasing,Normal
214.8,5.14,1104.0,NORMAL,System Normal ✅,Stable,Normal
232.0,5.69,1320.0,NORMAL,System Normal ✅,System Load Increasing,Normal
211.2,5.96,1259.0,NORMAL,System Normal ✅,Stable,Normal
217.8,5.35,1165.0,NORMAL,System Normal ✅,Stable,Normal
238.5,5.99,1429.0,CRITICAL,High Voltage ⚠️,System Load Increasing,Normal
218.6,4.35,951.0,NORMAL,System Normal ✅,Stable,Normal
212.2,5.14,1091.0,NORMAL,System Normal ✅,Stable,Normal
216.0,4.06,877.0,NORMAL,System Normal ✅,Stable,Normal
231.2,4.68,1082.0,NORMAL,System Normal ✅,System Load Increasing,Normal
232.1,4.63,1075.0,NORMAL,System Normal ✅,System Load Increasing,Normal
233.5,4.73,1104.0,NORMAL,System Normal ✅,System Load Increasing,Normal
237.8,5.3,1260.0,WARNING,High Voltage ⚠️,System Load Increasing,Normal
217.4,5.96,1296.0,NORMAL,System Normal ✅,Stable,Normal
237.9,5.6,1332.0,WARNING,High Voltage ⚠️,System Load Increasing,Normal
221.0,5.15,1138.0,NORMAL,System Normal ✅,Stable,Normal
214.8,5.2,1117.0,NORMAL,System Normal ✅,Stable,Normal
219.0,5.31,1163.0,NORMAL,System Normal ✅,Stable,Normal
232.9,4.32,1006.0,NORMAL,System Normal ✅,System Load Increasing,Normal
239.2,4.77,1141.0,CRITICAL,High Voltage ⚠️,System Load Increasing,Normal
228.6,5.54,1266.0,NORMAL,System Normal ✅,Stable,Normal
230.0,4.18,961.0,NORMAL,System Normal ✅,Stable,Normal
216.0,4.07,879.0,NORMAL,System Normal ✅,Stable,Normal
226.1,4.61,1042.0,NORMAL,System Normal ✅,Stable,Normal
239.0,5.59,1336.0,CRITICAL,High Voltage ⚠️,System Load Increasing,Normal
222.8,4.99,1112.0,NORMAL,System Normal ✅,Stable,Normal
224.5,5.63,1264.0,NORMAL,System Normal ✅,Stable,Normal
219.6,4.95,1087.0,NORMAL,System Normal ✅,Stable,Normal
235.4,4.14,975.0,WARNING,High Voltage ⚠️,System Load Increasing,Normal
219.2,5.44,1192.0,NORMAL,System Normal ✅,Stable,Normal
219.4,5.77,1266.0,NORMAL,System Normal ✅,Stable,Normal
219.7,5.08,1116.0,NORMAL,System Normal ✅,Stable,Normal
210.8,5.69,1199.0,NORMAL,System Normal ✅,Stable,Normal
235.1,5.7,1340.0,WARNING,High Voltage ⚠️,System Load Increasing,Normal
236.7,4.7,1112.0,WARNING,High Voltage ⚠️,System Load Increasing,Normal
239.2,4.39,1050.0,CRITICAL,High Voltage ⚠️,System Load Increasing,Normal
222.7,4.51,1004.0,NORMAL,System Normal ✅,Stable,Normal
233.6,5.01,1170.0,NORMAL,System Normal ✅,System Load Increasing,Normal
225.9,5.83,1317.0,NORMAL,System Normal ✅,Stable,Normal
226.0,4.46,1008.0,NORMAL,System Normal ✅,Stable,Normal
220.8,5.51,1217.0,NORMAL,System Normal ✅,Stable,Normal
226.1,4.19,947.0,NORMAL,System Normal ✅,Stable,Normal
224.6,4.53,1017.0,NORMAL,System Normal ✅,Stable,Normal
217.9,4.7,1024.0,NORMAL,System Normal ✅,Stable,Normal
216.4,4.1,887.0,NORMAL,System Normal ✅,Stable,Normal
233.0,4.9,1142.0,NORMAL,System Normal ✅,System Load Increasing,Normal
221.2,5.77,1276.0,NORMAL,System Normal ✅,Stable,Normal
214.7,5.92,1271.0,NORMAL,System Normal ✅,Stable,Normal
235.8,5.79,1365.0,WARNING,High Voltage ⚠️,System Load Increasing,Normal
238.0,5.11,1216.0,WARNING,High Voltage ⚠️,System Load Increasing,Normal
229.0,5.06,1159.0,NORMAL,System Normal ✅,Stable,Normal
219.5,5.3,1163.0,NORMAL,System Normal ✅,Stable,Normal
226.1,4.17,943.0,NORMAL,System Normal ✅,Stable,Normal
240.0,4.95,1188.0,CRITICAL,High Voltage ⚠️,System Load Increasing,Normal
229.2,5.72,1311.0,NORMAL,System Normal ✅,Stable,Normal
228.2,4.26,972.0,NORMAL,System Normal ✅,Stable,Normal
225.1,4.37,984.0,NORMAL,System Normal ✅,Stable,Normal
211.6,5.24,1109.0,NORMAL,System Normal ✅,Stable,Normal
210.0,6.0,1260.0,NORMAL,System Normal ✅,Stable,Normal
235.6,4.05,954.0,WARNING,High Voltage ⚠️,System Load Increasing,Normal
225.2,4.07,917.0,NORMAL,System Normal ✅,Stable,Normal
210.1,5.34,1122.0,NORMAL,System Normal ✅,Stable,Normal
227.4,4.06,923.0,NORMAL,System Normal ✅,Stable,Normal
222.2,4.43,984.0,NORMAL,System Normal ✅,Stable,Normal
223.9,5.85,1310.0,NORMAL,System Normal ✅,Stable,Normal
213.7,4.92,1051.0,NORMAL,System Normal ✅,Stable,Normal
224.9,5.97,1343.0,NORMAL,System Normal ✅,Stable,Normal
224.5,4.36,979.0,NORMAL,System Normal ✅,Stable,Normal
229.7,5.18,1190.0,NORMAL,System Normal ✅,System Load Increasing,Normal
222.3,5.66,1258.0,NORMAL,System Normal ✅,Stable,Normal
212.2,5.28,1120.0,NORMAL,System Normal ✅,Stable,Normal
212.7,5.53,1176.0,NORMAL,System Normal ✅,Stable,Normal
236.3,5.39,1274.0,WARNING,High Voltage ⚠️,System Load Increasing,Normal
227.3,5.2,1182.0,NORMAL,System Normal ✅,Stable,Normal
214.5,5.81,1246.0,NORMAL,System Normal ✅,Stable,Normal
227.8,5.26,1198.0,NORMAL,System Normal ✅,System Load Increasing,Normal
232.7,4.26,991.0,NORMAL,System Normal ✅,System Load Increasing,Normal
239.6,5.97,1430.0,CRITICAL,High Voltage ⚠️,System Load Increasing,Normal
230.5,5.66,1305.0,NORMAL,System Normal ✅,System Load Increasing,Normal
227.7,4.35,990.0,NORMAL,System Normal ✅,Stable,Normal
217.7,5.92,1289.0,NORMAL,System Normal ✅,Stable,Normal
234.2,4.69,1098.0,NORMAL,System Normal ✅,System Load Increasing,Normal
232.4,5.46,1269.0,NORMAL,System Normal ✅,System Load Increasing,Normal
217.5,4.68,1018.0,NORMAL,System Normal ✅,Stable,Normal
235.5,5.09,1199.0,WARNING,High Voltage ⚠️,System Load Increasing,Normal
228.8,5.91,1352.0,NORMAL,System Normal ✅,Stable,Normal
235.1,5.66,1331.0,WARNING,High Voltage ⚠️,System Load Increasing,Normal
233.4,5.78,1349.0,NORMAL,System Normal ✅,System Load Increasing,Normal
231.8,4.48,1038.0,NORMAL,System Normal ✅,Stable,Normal
230.5,4.26,982.0,NORMAL,System Normal ✅,Stable,Normal
217.7,4.07,886.0,NORMAL,System Normal ✅,Stable,Normal
212.8,5.31,1130.0,NORMAL,System Normal ✅,Stable,Normal
218.2,4.75,1036.0,NORMAL,System Normal ✅,Stable,Normal
219.3,5.24,1149.0,NORMAL,System Normal ✅,Stable,Normal
215.7,5.88,1268.0,NORMAL,System Normal ✅,Stable,Normal
230.1,4.13,950.0,NORMAL,System Normal ✅,Stable,Normal
222.8,4.14,922.0,NORMAL,System Normal ✅,Stable,Normal
229.4,4.73,1085.0,NORMAL,System Normal ✅,Stable,Normal
216.3,4.72,1021.0,NORMAL,System Normal ✅,Stable,Normal
237.5,4.8,1140.0,WARNING,High Voltage ⚠️,System Load Increasing,Normal
214.7,5.51,1183.0,NORMAL,System Normal ✅,Stable,Normal
214.2,4.27,915.0,NORMAL,System Normal ✅,Stable,Normal
210.8,4.6,970.0,NORMAL,System Normal ✅,Stable,Normal
220.4,4.99,1100.0,NORMAL,System Normal ✅,Stable,Normal
211.7,4.95,1048.0,NORMAL,System Normal ✅,Stable,Normal
231.7,5.23,1212.0,NORMAL,System Normal ✅,System Load Increasing,Normal
215.8,5.34,1152.0,NORMAL,System Normal ✅,Stable,Normal
233.8,5.36,1253.0,NORMAL,System Normal ✅,System Load Increasing,Normal
214.3,4.05,868.0,NORMAL,System Normal ✅,Stable,Normal
219.4,5.05,1108.0,NORMAL,System Normal ✅,Stable,Normal
228.7,4.62,1057.0,NORMAL,System Normal ✅,System Load Increasing,Normal
238.1,4.08,971.0,CRITICAL,High Voltage ⚠️,System Load Increasing,Normal
233.0,5.21,1214.0,NORMAL,System Normal ✅,System Load Increasing,Normal
213.2,5.98,1275.0,NORMAL,System Normal ✅,Stable,Normal
231.7,4.14,959.0,NORMAL,System Normal ✅,System Load Increasing,Normal
219.6,5.41,1188.0,NORMAL,System Normal ✅,Stable,Normal
238.6,5.34,1274.0,CRITICAL,High Voltage ⚠️,System Load Increasing,Normal
238.5,4.36,1040.0,CRITICAL,High Voltage ⚠️,System Load Increasing,Normal
227.2,4.85,1102.0,NORMAL,System Normal ✅,Stable,Normal
216.6,5.39,1167.0,NORMAL,System Normal ✅,Stable,Normal
215.9,4.2,907.0,NORMAL,System Normal ✅,Stable,Normal
234.3,5.16,1209.0,NORMAL,System Normal ✅,System Load Increasing,Normal
228.5,4.72,1079.0,NORMAL,System Normal ✅,Stable,Normal
217.1,5.62,1220.0,NORMAL,System Normal ✅,Stable,Normal
221.3,4.6,1018.0,NORMAL,System Normal ✅,Stable,Normal
215.2,5.35,1151.0,NORMAL,System Normal ✅,Stable,Normal
229.4,4.94,1133.0,NORMAL,System Normal ✅,Stable,Normal
217.5,4.13,898.0,NORMAL,System Normal ✅,Stable,Normal
214.7,5.97,1282.0,NORMAL,System Normal ✅,Stable,Normal
239.2,5.7,1363.0,CRITICAL,High Voltage ⚠️,System Load Increasing,Normal
225.6,4.91,1108.0,NORMAL,System Normal ✅,Stable,Normal
217.1,5.33,1157.0,NORMAL,System Normal ✅,Stable,Normal
220.4,5.69,1254.0,NORMAL,System Normal ✅,Stable,Normal
221.5,4.27,946.0,NORMAL,System Normal ✅,Stable,Normal
220.4,5.86,1292.0,NORMAL,System Normal ✅,Stable,Normal
218.1,5.63,1228.0,NORMAL,System Normal ✅,Stable,Normal
223.1,5.6,1249.0,NORMAL,System Normal ✅,Stable,Normal
232.3,4.99,1159.0,NORMAL,System Normal ✅,System Load Increasing,Normal
236.0,4.05,956.0,WARNING,High Voltage ⚠️,System Load Increasing,Normal
217.2,4.23,919.0,NORMAL,System Normal ✅,Stable,Normal
222.5,4.51,1003.0,NORMAL,System Normal ✅,Stable,Normal
219.8,5.37,1180.0,NORMAL,System Normal ✅,Stable,Normal
232.5,5.59,1300.0,NORMAL,System Normal ✅,System Load Increasing,Normal
238.0,5.22,1242.0,WARNING,High Voltage ⚠️,System Load Increasing,Normal
211.9,4.81,1019.0,NORMAL,System Normal ✅,Stable,Normal
225.7,5.03,1135.0,NORMAL,System Normal ✅,Stable,Normal
221.4,5.19,1149.0,NORMAL,System Normal ✅,Stable,Normal
217.4,4.82,1048.0,NORMAL,System Normal ✅,Stable,Normal
231.3,5.26,1217.0,NORMAL,System Normal ✅,System Load Increasing,Normal
211.9,5.73,1214.0,NORMAL,System Normal ✅,Stable,Normal
234.1,5.99,1402.0,NORMAL,System Normal ✅,System Load Increasing,Normal
233.6,5.36,1252.0,NORMAL,System Normal ✅,System Load Increasing,Normal
217.5,5.8,1262.0,NORMAL,System Normal ✅,Stable,Normal
210.9,5.64,1189.0,NORMAL,System Normal ✅,Stable,Normal
212.2,5.38,1142.0,NORMAL,System Normal ✅,Stable,Normal
230.7,4.69,1082.0,NORMAL,System Normal ✅,System Load Increasing,Normal
222.1,4.81,1068.0,NORMAL,System Normal ✅,Stable,Normal
214.1,4.09,876.0,NORMAL,System Normal ✅,Stable,Normal
214.7,4.9,1052.0,NORMAL,System Normal ✅,Stable,Normal
216.2,4.05,876.0,NORMAL,System Normal ✅,Stable,Normal
225.5,5.69,1283.0,NORMAL,System Normal ✅,Stable,Normal
238.1,4.66,1110.0,CRITICAL,High Voltage ⚠️,System Load Increasing,Normal
212.5,5.49,1167.0,NORMAL,System Normal ✅,Stable,Normal
235.2,4.37,1028.0,WARNING,High Voltage ⚠️,System Load Increasing,Normal
220.0,5.21,1146.0,NORMAL,System Normal ✅,Stable,Normal
219.2,5.4,1184.0,NORMAL,System Normal ✅,Stable,Normal
230.4,5.7,1313.0,NORMAL,System Normal ✅,System Load Increasing,Normal
221.9,5.65,1254.0,NORMAL,System Normal ✅,Stable,Normal
224.2,4.78,1072.0,NORMAL,System Normal ✅,Stable,Normal
226.0,5.43,1227.0,NORMAL,System Normal ✅,Stable,Normal
222.5,5.59,1244.0,NORMAL,System Normal ✅,Stable,Normal
219.4,4.79,1051.0,NORMAL,System Normal ✅,Stable,Normal
214.7,4.12,885.0,NORMAL,System Normal ✅,Stable,Normal
236.6,4.36,1032.0,WARNING,High Voltage ⚠️,System Load Increasing,Normal
213.2,4.76,1015.0,NORMAL,System Normal ✅,Stable,Normal
236.8,5.85,1385.0,WARNING,High Voltage ⚠️,System Load Increasing,Normal
212.1,4.16,882.0,NORMAL,System Normal ✅,Stable,Normal
226.2,5.93,1341.0,NORMAL,System Normal ✅,Stable,Normal
233.3,5.54,1292.0,NORMAL,System Normal ✅,System Load Increasing,Normal
226.4,4.87,1103.0,NORMAL,System Normal ✅,Stable,Normal
211.1,4.32,912.0,NORMAL,System Normal ✅,Stable,Normal
219.8,4.89,1075.0,NORMAL,System Normal ✅,Stable,Normal
229.2,4.16,953.0,NORMAL,System Normal ✅,System Load Increasing,Normal
211.9,4.69,994.0,NORMAL,System Normal ✅,Stable,Normal
217.7,4.48,975.0,NORMAL,System Normal ✅,Stable,Normal
216.2,4.13,893.0,NORMAL,System Normal ✅,Stable,Normal
227.3,4.26,968.0,NORMAL,System Normal ✅,Stable,Normal
238.6,4.13,985.0,CRITICAL,High Voltage ⚠️,System Load Increasing,Normal
228.0,4.01,914.0,NORMAL,System Normal ✅,Stable,Normal
213.5,4.78,1021.0,NORMAL,System Normal ✅,Stable,Normal
227.6,5.61,1277.0,NORMAL,System Normal ✅,Stable,Normal
223.8,4.83,1081.0,NORMAL,System Normal ✅,Stable,Normal
237.2,5.35,1269.0,WARNING,High Voltage ⚠️,System Load Increasing,Normal
218.1,4.39,957.0,NORMAL,System Normal ✅,Stable,Normal
215.1,4.6,989.0,NORMAL,System Normal ✅,Stable,Normal
219.3,4.85,1064.0,NORMAL,System Normal ✅,Stable,Normal
216.3,4.68,1012.0,NORMAL,System Normal ✅,Stable,Normal
217.3,4.33,941.0,NORMAL,System Normal ✅,Stable,Normal
233.4,4.84,1130.0,NORMAL,System Normal ✅,System Load Increasing,Normal
219.2,5.49,1203.0,NORMAL,System Normal ✅,Stable,Normal
235.4,4.04,951.0,WARNING,High Voltage ⚠️,System Load Increasing,Normal
229.7,4.51,1036.0,NORMAL,System Normal ✅,System Load Increasing,Normal
217.2,5.14,1116.0,NORMAL,System Normal ✅,Stable,Normal
222.1,4.75,1055.0,NORMAL,System Normal ✅,Stable,Normal
227.0,5.6,1271.0,NORMAL,System Normal ✅,Stable,Normal
214.3,5.55,1189.0,NORMAL,System Normal ✅,Stable,Normal
218.0,4.14,903.0,NORMAL,System Normal ✅,Stable,Normal
220.7,4.23,934.0,NORMAL,System Normal ✅,Stable,Normal
216.8,5.62,1218.0,NORMAL,System Normal ✅,Stable,Normal
233.3,4.52,1055.0,NORMAL,System Normal ✅,System Load Increasing,Normal
212.2,4.5,955.0,NORMAL,System Normal ✅,Stable,Normal
230.5,4.44,1023.0,NORMAL,System Normal ✅,System Load Increasing,Normal
225.5,5.08,1146.0,NORMAL,System Normal ✅,Stable,Normal
222.1,5.23,1162.0,NORMAL,System Normal ✅,Stable,Normal
210.7,4.43,933.0,NORMAL,System Normal ✅,Stable,Normal
229.4,4.22,968.0,NORMAL,System Normal ✅,System Load Increasing,Normal
226.4,4.8,1087.0,NORMAL,System Normal ✅,Stable,Normal
230.5,4.86,1120.0,NORMAL,System Normal ✅,System Load Increasing,Normal
213.5,5.69,1215.0,NORMAL,System Normal ✅,Stable,Normal
238.3,4.71,1122.0,CRITICAL,High Voltage ⚠️,System Load Increasing,Normal
233.1,5.65,1317.0,NORMAL,System Normal ✅,System Load Increasing,Normal
229.1,4.57,1047.0,NORMAL,System Normal ✅,System Load Increasing,Normal
233.1,5.55,1294.0,NORMAL,System Normal ✅,System Load Increasing,Normal
218.2,4.91,1071.0,NORMAL,System Normal ✅,Stable,Normal
221.8,5.57,1235.0,NORMAL,System Normal ✅,Stable,Normal
232.0,5.1,1183.0,NORMAL,System Normal ✅,System Load Increasing,Normal
232.1,4.86,1128.0,NORMAL,System Normal ✅,System Load Increasing,Normal
218.4,4.29,937.0,NORMAL,System Normal ✅,Stable,Normal
225.0,4.39,988.0,NORMAL,System Normal ✅,Stable,Normal
218.3,5.74,1253.0,NORMAL,System Normal ✅,Stable,Normal
232.0,4.83,1121.0,NORMAL,System Normal ✅,System Load Increasing,Normal
226.1,4.3,972.0,NORMAL,System Normal ✅,Stable,Normal
211.3,4.9,1035.0,NORMAL,System Normal ✅,Stable,Normal
224.1,4.9,1098.0,NORMAL,System Normal ✅,Stable,Normal
225.7,4.64,1047.0,NORMAL,System Normal ✅,Stable,Normal
231.2,4.83,1117.0,NORMAL,System Normal ✅,System Load Increasing,Normal
215.8,4.36,941.0,NORMAL,System Normal ✅,Stable,Normal
223.4,4.4,983.0,NORMAL,System Normal ✅,Stable,Normal
218.3,5.88,1284.0,NORMAL,System Normal ✅,Stable,Normal
210.3,5.05,1062.0,NORMAL,System Normal ✅,Stable,Normal
234.2,5.36,1255.0,NORMAL,System Normal ✅,System Load Increasing,Normal
230.0,5.05,1162.0,NORMAL,System Normal ✅,System Load Increasing,Normal
222.9,5.06,1128.0,NORMAL,System Normal ✅,Stable,Normal
239.7,4.69,1124.0,CRITICAL,High Voltage ⚠️,System Load Increasing,Normal
211.4,5.06,1070.0,NORMAL,System Normal ✅,Stable,Normal
225.3,4.65,1048.0,NORMAL,System Normal ✅,Stable,Normal
226.0,5.71,1290.0,NORMAL,System Normal ✅,Stable,Normal
211.2,4.75,1003.0,NORMAL,System Normal ✅,Stable,Normal
235.5,5.88,1385.0,WARNING,High Voltage ⚠️,System Load Increasing,Normal
220.0,4.86,1069.0,NORMAL,System Normal ✅,Stable,Normal
232.5,5.32,1237.0,NORMAL,System Normal ✅,System Load Increasing,Normal
211.9,5.58,1182.0,NORMAL,System Normal ✅,Stable,Normal
210.9,5.99,1263.0,NORMAL,System Normal ✅,Stable,Normal
210.9,4.29,905.0,NORMAL,System Normal ✅,Stable,Normal
236.0,5.21,1230.0,WARNING,High Voltage ⚠️,System Load Increasing,Normal
223.1,5.84,1303.0,NORMAL,System Normal ✅,Stable,Normal
239.3,5.69,1362.0,CRITICAL,High Voltage ⚠️,System Load Increasing,Normal
231.2,4.98,1151.0,NORMAL,System Normal ✅,System Load Increasing,Normal
211.7,5.03,1065.0,NORMAL,System Normal ✅,Stable,Normal
234.1,5.25,1229.0,NORMAL,System Normal ✅,System Load Increasing,Normal
214.6,5.0,1073.0,NORMAL,System Normal ✅,Stable,Normal
228.1,5.38,1227.0,NORMAL,System Normal ✅,Stable,Normal
219.3,4.87,1068.0,NORMAL,System Normal ✅,Stable,Normal
237.3,5.18,1229.0,WARNING,High Voltage ⚠️,System Load Increasing,Normal
214.5,5.97,1281.0,NORMAL,System Normal ✅,Stable,Normal
213.6,4.89,1045.0,NORMAL,System Normal ✅,Stable,Normal
237.9,4.11,978.0,WARNING,High Voltage ⚠️,System Load Increasing,Normal
231.9,4.94,1146.0,NORMAL,System Normal ✅,System Load Increasing,Normal
218.7,5.65,1236.0,NORMAL,System Normal ✅,Stable,Normal
214.7,4.86,1043.0,NORMAL,System Normal ✅,Stable,Normal
239.7,5.17,1239.0,CRITICAL,High Voltage ⚠️,System Load Increasing,Normal
212.0,4.9,1039.0,NORMAL,System Normal ✅,Stable,Normal
223.6,5.44,1216.0,NORMAL,System Normal ✅,Stable,Normal
230.9,4.8,1108.0,NORMAL,System Normal ✅,System Load Increasing,Normal
218.6,5.26,1150.0,NORMAL,System Normal ✅,Stable,Normal
221.0,4.73,1045.0,NORMAL,System Normal ✅,Stable,Normal
228.5,5.08,1161.0,NORMAL,System Normal ✅,Stable,Normal
237.7,5.85,1391.0,WARNING,High Voltage ⚠️,System Load Increasing,Normal
219.8,5.52,1213.0,NORMAL,System Normal ✅,Stable,Normal
212.3,4.78,1015.0,NORMAL,System Normal ✅,Stable,Normal
233.1,4.04,942.0,NORMAL,System Normal ✅,System Load Increasing,Normal
211.9,5.96,1263.0,NORMAL,System Normal ✅,Stable,Normal
238.8,4.68,1118.0,CRITICAL,High Voltage ⚠️,System Load Increasing,Normal
219.7,5.08,1116.0,NORMAL,System Normal ✅,Stable,Normal
218.4,5.97,1304.0,NORMAL,System Normal ✅,Stable,Normal
212.2,5.52,1171.0,NORMAL,System Normal ✅,Stable,Normal
213.9,5.28,1129.0,NORMAL,System Normal ✅,Stable,Normal
210.5,5.01,1055.0,NORMAL,System Normal ✅,Stable,Normal
217.7,5.35,1165.0,NORMAL,System Normal ✅,Stable,Normal
234.7,4.51,1058.0,NORMAL,System Normal ✅,System Load Increasing,Normal
211.9,4.44,941.0,NORMAL,System Normal ✅,Stable,Normal
214.7,5.77,1239.0,NORMAL,System Normal ✅,Stable,Normal
213.9,4.89,1046.0,NORMAL,System Normal ✅,Stable,Normal
219.8,5.81,1277.0,NORMAL,System Normal ✅,Stable,Normal
213.1,5.17,1102.0,NORMAL,System Normal ✅,Stable,Normal
224.8,5.91,1329.0,NORMAL,System Normal ✅,Stable,Normal
225.3,5.41,1219.0,NORMAL,System Normal ✅,System Load Increasing,Normal
210.2,5.91,1242.0,NORMAL,System Normal ✅,Stable,Normal
215.2,4.3,925.0,NORMAL,System Normal ✅,Stable,Normal
210.9,4.52,953.0,NORMAL,System Normal ✅,Stable,Normal
239.2,5.8,1387.0,CRITICAL,High Voltage ⚠️,Voltage Spike Risk,Anomaly 🚨
235.8,4.01,946.0,WARNING,High Voltage ⚠️,System Load Increasing,Normal
212.4,5.75,1221.0,NORMAL,System Normal ✅,Stable,Normal
226.5,4.59,1040.0,NORMAL,System Normal ✅,System Load Increasing,Normal
215.1,4.05,871.0,NORMAL,System Normal ✅,Stable,Normal
216.9,4.56,989.0,NORMAL,System Normal ✅,Stable,Normal
238.0,4.7,1119.0,WARNING,High Voltage ⚠️,System Load Increasing,Normal
228.4,5.96,1361.0,NORMAL,System Normal ✅,System Load Increasing,Normal
212.3,4.45,945.0,NORMAL,System Normal ✅,Stable,Normal
223.3,4.5,1005.0,NORMAL,System Normal ✅,Stable,Normal
235.0,5.55,1304.0,NORMAL,System Normal ✅,System Load Increasing,Normal
223.1,5.0,1116.0,NORMAL,System Normal ✅,Stable,Normal
218.4,5.62,1227.0,NORMAL,System Normal ✅,Stable,Normal
215.4,5.16,1111.0,NORMAL,System Normal ✅,Stable,Normal
222.7,5.71,1272.0,NORMAL,System Normal ✅,Stable,Normal
234.1,5.94,1391.0,NORMAL,System Normal ✅,System Load Increasing,Normal
230.8,5.71,1318.0,NORMAL,System Normal ✅,System Load Increasing,Normal
219.5,5.2,1141.0,NORMAL,System Normal ✅,Stable,Normal
222.9,4.12,918.0,NORMAL,System Normal ✅,Stable,Normal
226.4,4.44,1005.0,NORMAL,System Normal ✅,Stable,Normal
232.0,5.88,1364.0,NORMAL,System Normal ✅,System Load Increasing,Normal
230.3,4.96,1142.0,NORMAL,System Normal ✅,System Load Increasing,Normal
235.9,5.57,1314.0,WARNING,High Voltage ⚠️,System Load Increasing,Normal
218.6,5.22,1141.0,NORMAL,System Normal ✅,Stable,Normal
212.3,5.11,1085.0,NORMAL,System Normal ✅,Stable,Normal
215.8,4.88,1053.0,NORMAL,System Normal ✅,Stable,Normal
230.7,5.73,1322.0,NORMAL,System Normal ✅,System Load Increasing,Normal
218.9,4.44,972.0,NORMAL,System Normal ✅,Stable,Normal
222.0,4.62,1026.0,NORMAL,System Normal ✅,Stable,Normal
238.7,4.05,967.0,CRITICAL,High Voltage ⚠️,System Load Increasing,Normal
238.5,4.67,1114.0,CRITICAL,High Voltage ⚠️,System Load Increasing,Normal
237.7,5.29,1257.0,WARNING,High Voltage ⚠️,System Load Increasing,Normal
234.5,5.46,1280.0,NORMAL,System Normal ✅,System Load Increasing,Normal
216.0,4.72,1020.0,NORMAL,System Normal ✅,Stable,Normal
225.7,4.82,1088.0,NORMAL,System Normal ✅,Stable,Normal
232.9,4.72,1099.0,NORMAL,System Normal ✅,System Load Increasing,Normal
228.0,5.19,1183.0,NORMAL,System Normal ✅,Stable,Normal
212.5,5.63,1196.0,NORMAL,System Normal ✅,Stable,Normal
212.6,4.81,1023.0,NORMAL,System Normal ✅,Stable,Normal
234.5,5.28,1238.0,NORMAL,System Normal ✅,System Load Increasing,Normal
217.3,4.62,1004.0,NORMAL,System Normal ✅,Stable,Normal
220.4,4.81,1060.0,NORMAL,System Normal ✅,Stable,Normal
239.4,4.3,1029.0,CRITICAL,High Voltage ⚠️,System Load Increasing,Normal
237.8,4.37,1039.0,WARNING,High Voltage ⚠️,System Load Increasing,Normal
234.8,5.69,1336.0,NORMAL,System Normal ✅,System Load Increasing,Normal
210.8,4.67,984.0,NORMAL,System Normal ✅,Stable,Normal
213.6,5.71,1220.0,NORMAL,System Normal ✅,Stable,Normal
227.3,5.66,1287.0,NORMAL,System Normal ✅,Stable,Normal
228.6,4.78,1093.0,NORMAL,System Normal ✅,Stable,Normal
229.8,4.84,1112.0,NORMAL,System Normal ✅,Stable,Normal
235.3,4.62,1087.0,WARNING,High Voltage ⚠️,System Load Increasing,Normal
225.0,5.5,1238.0,NORMAL,System Normal ✅,Stable,Normal
232.7,5.02,1168.0,NORMAL,System Normal ✅,System Load Increasing,Normal
219.2,5.0,1096.0,NORMAL,System Normal ✅,Stable,Normal
218.1,4.96,1082.0,NORMAL,System Normal ✅,Stable,Normal
218.6,5.12,1119.0,NORMAL,System Normal ✅,Stable,Normal
234.3,4.95,1160.0,NORMAL,System Normal ✅,System Load Increasing,Normal
229.5,5.54,1271.0,NORMAL,System Normal ✅,Stable,Normal
229.1,5.8,1329.0,NORMAL,System Normal ✅,Stable,Normal
212.5,5.1,1084.0,NORMAL,System Normal ✅,Stable,Normal
223.6,5.43,1214.0,NORMAL,System Normal ✅,Stable,Normal
222.9,4.87,1086.0,NORMAL,System Normal ✅,Stable,Normal
232.4,4.58,1064.0,NORMAL,System Normal ✅,System Load Increasing,Normal
232.7,4.96,1154.0,NORMAL,System Normal ✅,System Load Increasing,Normal
233.6,6.0,1402.0,NORMAL,System Normal ✅,System Load Increasing,Normal
222.7,5.02,1118.0,NORMAL,System Normal ✅,Stable,Normal
228.3,4.44,1014.0,NORMAL,System Normal ✅,Stable,Normal
216.6,5.08,1100.0,NORMAL,System Normal ✅,Stable,Normal
216.9,4.82,1045.0,NORMAL,System Normal ✅,Stable,Normal
217.1,4.49,975.0,NORMAL,System Normal ✅,Stable,Normal
223.9,4.19,938.0,NORMAL,System Normal ✅,Stable,Normal
223.8,5.52,1235.0,NORMAL,System Normal ✅,Stable,Normal
210.9,4.54,957.0,NORMAL,System Normal ✅,Stable,Normal
239.9,5.59,1341.0,CRITICAL,High Voltage ⚠️,System Load Increasing,Normal
225.6,5.78,1304.0,NORMAL,System Normal ✅,Stable,Normal
221.8,4.02,892.0,NORMAL,System Normal ✅,Stable,Normal
212.8,5.33,1134.0,NORMAL,System Normal ✅,Stable,Normal
220.1,4.35,957.0,NORMAL,System Normal ✅,Stable,Normal
211.3,5.37,1135.0,NORMAL,System Normal ✅,Stable,Normal
237.3,4.4,1044.0,WARNING,High Voltage ⚠️,System Load Increasing,Normal
237.8,5.26,1251.0,WARNING,High Voltage ⚠️,System Load Increasing,Normal
210.3,4.72,993.0,NORMAL,System Normal ✅,Stable,Normal
224.9,5.46,1228.0,NORMAL,System Normal ✅,Stable,Normal
225.3,5.46,1230.0,NORMAL,System Normal ✅,Stable,Normal
210.7,5.4,1138.0,NORMAL,System Normal ✅,Stable,Normal
226.5,5.07,1148.0,NORMAL,System Normal ✅,Stable,Normal
236.0,4.08,963.0,WARNING,High Voltage ⚠️,System Load Increasing,Normal
232.9,4.91,1144.0,NORMAL,System Normal ✅,System Load Increasing,Normal
224.8,5.91,1329.0,NORMAL,System Normal ✅,Stable,Normal
230.0,5.24,1205.0,NORMAL,System Normal ✅,System Load Increasing,Normal
225.1,4.21,948.0,NORMAL,System Normal ✅,Stable,Normal
218.9,5.35,1171.0,NORMAL,System Normal ✅,Stable,Normal
213.8,4.83,1033.0,NORMAL,System Normal ✅,Stable,Normal
214.1,5.88,1259.0,NORMAL,System Normal ✅,Stable,Normal
214.8,4.91,1055.0,NORMAL,System Normal ✅,Stable,Normal
217.0,5.67,1230.0,NORMAL,System Normal ✅,Stable,Normal
212.1,5.16,1094.0,NORMAL,System Normal ✅,Stable,Normal
231.8,5.33,1235.0,NORMAL,System Normal ✅,System Load Increasing,Normal
232.9,4.26,992.0,NORMAL,System Normal ✅,System Load Increasing,Normal
238.2,5.41,1289.0,CRITICAL,High Voltage ⚠️,System Load Increasing,Normal
212.8,5.84,1243.0,NORMAL,System Normal ✅,Stable,Normal
233.8,5.1,1192.0,NORMAL,System Normal ✅,System Load Increasing,Normal
215.6,5.96,1285.0,NORMAL,System Normal ✅,Stable,Normal
229.4,4.44,1019.0,NORMAL,System Normal ✅,System Load Increasing,Normal
211.8,5.26,1114.0,NORMAL,System Normal ✅,Stable,Normal
237.3,4.12,978.0,WARNING,High Voltage ⚠️,System Load Increasing,Normal
227.9,4.9,1117.0,NORMAL,System Normal ✅,Stable,Normal
211.1,4.56,963.0,NORMAL,System Normal ✅,Stable,Normal
236.4,4.13,976.0,WARNING,High Voltage ⚠️,System Load Increasing,Normal
230.7,5.85,1350.0,NORMAL,System Normal ✅,System Load Increasing,Normal
229.6,5.7,1309.0,NORMAL,System Normal ✅,System Load Increasing,Normal
238.6,5.34,1274.0,CRITICAL,High Voltage ⚠️,System Load Increasing,Normal
222.9,4.23,943.0,NORMAL,System Normal ✅,Stable,Normal
221.7,4.92,1091.0,NORMAL,System Normal ✅,Stable,Normal
212.9,5.8,1235.0,NORMAL,System Normal ✅,Stable,Normal
231.7,4.92,1140.0,NORMAL,System Normal ✅,System Load Increasing,Normal
213.6,4.49,959.0,NORMAL,System Normal ✅,Stable,Normal
221.5,5.67,1256.0,NORMAL,System Normal ✅,Stable,Normal
236.2,4.74,1120.0,WARNING,High Voltage ⚠️,System Load Increasing,Normal
222.7,5.41,1205.0,NORMAL,System Normal ✅,Stable,Normal
215.2,5.14,1106.0,NORMAL,System Normal ✅,Stable,Normal
217.6,4.11,894.0,NORMAL,System Normal ✅,Stable,Normal
230.9,5.13,1185.0,NORMAL,System Normal ✅,System Load Increasing,Normal
230.1,5.79,1332.0,NORMAL,System Normal ✅,System Load Increasing,Normal
234.6,4.18,981.0,NORMAL,System Normal ✅,System Load Increasing,Normal
221.8,5.55,1231.0,NORMAL,System Normal ✅,Stable,Normal
211.4,4.89,1034.0,NORMAL,System Normal ✅,Stable,Normal
231.8,5.68,1317.0,NORMAL,System Normal ✅,System Load Increasing,Normal
233.6,4.51,1054.0,NORMAL,System Normal ✅,System Load Increasing,Normal
230.3,5.52,1271.0,NORMAL,System Normal ✅,Stable,Normal
221.3,5.05,1118.0,NORMAL,System Normal ✅,Stable,Normal
219.4,4.11,902.0,NORMAL,System Normal ✅,Stable,Normal
234.6,5.1,1196.0,NORMAL,System Normal ✅,System Load Increasing,Normal
228.2,5.39,1230.0,NORMAL,System Normal ✅,Stable,Normal
239.2,5.32,1273.0,CRITICAL,High Voltage ⚠️,System Load Increasing,Normal
231.3,4.67,1080.0,NORMAL,System Normal ✅,System Load Increasing,Normal
210.9,4.05,854.0,NORMAL,System Normal ✅,Stable,Normal
210.0,5.68,1193.0,NORMAL,System Normal ✅,Stable,Normal
237.5,4.11,976.0,WARNING,High Voltage ⚠️,System Load Increasing,Normal
219.5,5.07,1113.0,NORMAL,System Normal ✅,Stable,Normal
235.2,4.21,990.0,WARNING,High Voltage ⚠️,System Load Increasing,Normal
237.0,5.44,1289.0,WARNING,High Voltage ⚠️,System Load Increasing,Normal
239.2,5.48,1311.0,CRITICAL,High Voltage ⚠️,System Load Increasing,Normal
224.3,5.61,1258.0,NORMAL,System Normal ✅,Stable,Normal
229.0,5.35,1225.0,NORMAL,System Normal ✅,Stable,Normal
219.9,4.96,1091.0,NORMAL,System Normal ✅,Stable,Normal
231.5,5.86,1357.0,NORMAL,System Normal ✅,Stable,Normal
222.2,5.01,1113.0,NORMAL,System Normal ✅,Stable,Normal
223.1,5.04,1124.0,NORMAL,System Normal ✅,Stable,Normal
216.4,4.87,1054.0,NORMAL,System Normal ✅,Stable,Normal
231.2,5.59,1292.0,NORMAL,System Normal ✅,Stable,Normal
216.8,5.96,1292.0,NORMAL,System Normal ✅,Stable,Normal
229.3,5.5,1261.0,NORMAL,System Normal ✅,Stable,Normal
231.4,4.32,1000.0,NORMAL,System Normal ✅,Stable,Normal
239.4,5.88,1408.0,CRITICAL,High Voltage ⚠️,System Load Increasing,Normal
211.9,4.44,941.0,NORMAL,System Normal ✅,Stable,Normal
225.4,5.65,1274.0,NORMAL,System Normal ✅,Stable,Normal
212.0,5.31,1126.0,NORMAL,System Normal ✅,Stable,Normal
215.0,4.12,886.0,NORMAL,System Normal ✅,Stable,Normal
238.1,4.2,1000.0,CRITICAL,High Voltage ⚠️,System Load Increasing,Normal
235.1,4.15,976.0,WARNING,High Voltage ⚠️,System Load Increasing,Normal
213.7,5.75,1229.0,NORMAL,System Normal ✅,Stable,Normal
220.0,4.08,898.0,NORMAL,System Normal ✅,Stable,Normal
213.9,4.22,903.0,NORMAL,System Normal ✅,Stable,Normal
214.4,4.86,1042.0,NORMAL,System Normal ✅,Stable,Normal
215.7,4.71,1016.0,NORMAL,System Normal ✅,Stable,Normal
215.7,4.41,951.0,NORMAL,System Normal ✅,Stable,Normal
211.2,5.83,1231.0,NORMAL,System Normal ✅,Stable,Normal
218.5,5.98,1307.0,NORMAL,System Normal ✅,Stable,Normal
233.5,5.4,1261.0,NORMAL,System Normal ✅,System Load Increasing,Normal
236.2,4.08,964.0,WARNING,High Voltage ⚠️,System Load Increasing,Normal
213.6,4.61,985.0,NORMAL,System Normal ✅,Stable,Normal
237.9,5.45,1297.0,WARNING,High Voltage ⚠️,System Load Increasing,Normal
237.7,4.35,1034.0,WARNING,High Voltage ⚠️,System Load Increasing,Normal
224.5,5.27,1183.0,NORMAL,System Normal ✅,Stable,Normal
222.7,5.31,1183.0,NORMAL,System Normal ✅,Stable,Normal
210.3,4.89,1028.0,NORMAL,System Normal ✅,Stable,Normal
213.6,4.06,867.0,NORMAL,System Normal ✅,Stable,Normal
226.0,4.37,988.0,NORMAL,System Normal ✅,Stable,Normal
221.6,4.23,937.0,NORMAL,System Normal ✅,Stable,Normal
217.3,4.71,1023.0,NORMAL,System Normal ✅,Stable,Normal
230.4,4.53,1044.0,NORMAL,System Normal ✅,System Load Increasing,Normal
223.8,5.14,1150.0,NORMAL,System Normal ✅,Stable,Normal
217.5,4.91,1068.0,NORMAL,System Normal ✅,Stable,Normal
230.6,4.73,1091.0,NORMAL,System Normal ✅,System Load Increasing,Normal
221.0,5.9,1304.0,NORMAL,System Normal ✅,Stable,Normal
215.8,4.62,997.0,NORMAL,System Normal ✅,Stable,Normal
228.4,5.5,1256.0,NORMAL,System Normal ✅,Stable,Normal
233.3,4.94,1153.0,NORMAL,System Normal ✅,System Load Increasing,Normal
231.3,5.36,1240.0,NORMAL,System Normal ✅,System Load Increasing,Normal
237.8,5.92,1408.0,WARNING,High Voltage ⚠️,System Load Increasing,Normal
226.0,4.69,1060.0,NORMAL,System Normal ✅,Stable,Normal
222.5,5.5,1224.0,NORMAL,System Normal ✅,Stable,Normal
216.1,4.71,1018.0,NORMAL,System Normal ✅,Stable,Normal
218.1,4.23,923.0,NORMAL,System Normal ✅,Stable,Normal
216.2,5.43,1174.0,NORMAL,System Normal ✅,Stable,Normal
231.3,4.37,1011.0,NORMAL,System Normal ✅,System Load Increasing,Normal
212.9,5.54,1179.0,NORMAL,System Normal ✅,Stable,Normal
211.3,4.26,900.0,NORMAL,System Normal ✅,Stable,Normal
223.7,4.51,1009.0,NORMAL,System Normal ✅,Stable,Normal
221.8,4.06,901.0,NORMAL,System Normal ✅,Stable,Normal
238.7,5.33,1272.0,CRITICAL,High Voltage ⚠️,System Load Increasing,Normal
217.0,5.93,1287.0,NORMAL,System Normal ✅,Stable,Normal
238.9,5.18,1238.0,CRITICAL,High Voltage ⚠️,System Load Increasing,Normal
228.3,5.3,1210.0,NORMAL,System Normal ✅,Stable,Normal
229.3,4.1,940.0,NORMAL,System Normal ✅,Stable,Normal
216.6,5.79,1254.0,NORMAL,System Normal ✅,Stable,Normal
228.4,5.08,1160.0,NORMAL,System Normal ✅,Stable,Normal
219.1,4.79,1049.0,NORMAL,System Normal ✅,Stable,Normal
234.5,4.75,1114.0,NORMAL,System Normal ✅,System Load Increasing,Normal
210.1,5.81,1221.0,NORMAL,System Normal ✅,Stable,Normal
231.1,4.19,968.0,NORMAL,System Normal ✅,System Load Increasing,Normal
215.7,4.18,902.0,NORMAL,System Normal ✅,Stable,Normal
238.4,5.47,1304.0,CRITICAL,High Voltage ⚠️,System Load Increasing,Normal
222.8,5.49,1223.0,NORMAL,System Normal ✅,Stable,Normal
221.8,5.26,1167.0,NORMAL,System Normal ✅,Stable,Normal
233.4,5.96,1391.0,NORMAL,System Normal ✅,System Load Increasing,Normal
216.5,5.87,1271.0,NORMAL,System Normal ✅,Stable,Normal
221.0,4.56,1008.0,NORMAL,System Normal ✅,Stable,Normal
218.1,4.07,888.0,NORMAL,System Normal ✅,Stable,Normal
228.9,5.56,1273.0,NORMAL,System Normal ✅,Stable,Normal
222.0,4.77,1059.0,NORMAL,System Normal ✅,Stable,Normal
220.0,5.78,1272.0,NORMAL,System Normal ✅,Stable,Normal
239.4,5.5,1317.0,CRITICAL,High Voltage ⚠️,System Load Increasing,Normal
218.7,4.72,1032.0,NORMAL,System Normal ✅,Stable,Normal
219.0,5.95,1303.0,NORMAL,System Normal ✅,Stable,Normal
239.5,4.37,1047.0,CRITICAL,High Voltage ⚠️,System Load Increasing,Normal
238.8,4.29,1024.0,CRITICAL,High Voltage ⚠️,System Load Increasing,Normal
215.2,5.9,1270.0,NORMAL,System Normal ✅,Stable,Normal
227.9,5.29,1206.0,NORMAL,System Normal ✅,Stable,Normal
236.2,4.46,1053.0,WARNING,High Voltage ⚠️,System Load Increasing,Normal
211.8,5.78,1224.0,NORMAL,System Normal ✅,Stable,Normal
228.6,4.08,933.0,NORMAL,System Normal ✅,Stable,Normal
237.9,4.66,1109.0,WARNING,High Voltage ⚠️,System Load Increasing,Normal
214.4,5.02,1076.0,NORMAL,System Normal ✅,Stable,Normal
236.5,5.85,1384.0,WARNING,High Voltage ⚠️,System Load Increasing,Normal
221.0,5.75,1271.0,NORMAL,System Normal ✅,Stable,Normal
219.1,4.14,907.0,NORMAL,System Normal ✅,Stable,Normal
227.7,4.41,1004.0,NORMAL,System Normal ✅,Stable,Normal
228.9,5.51,1261.0,NORMAL,System Normal ✅,Stable,Normal
235.9,4.93,1163.0,WARNING,High Voltage ⚠️,System Load Increasing,Normal
229.0,4.09,937.0,NORMAL,System Normal ✅,Stable,Normal
220.3,5.73,1262.0,NORMAL,System Normal ✅,Stable,Normal
213.0,4.77,1016.0,NORMAL,System Normal ✅,Stable,Normal
226.9,4.41,1001.0,NORMAL,System Normal ✅,Stable,Normal
237.2,5.58,1324.0,WARNING,High Voltage ⚠️,System Load Increasing,Normal
236.9,4.56,1080.0,WARNING,High Voltage ⚠️,System Load Increasing,Normal
211.0,4.68,987.0,NORMAL,System Normal ✅,Stable,Normal
229.5,5.41,1242.0,NORMAL,System Normal ✅,Stable,Normal
217.1,5.8,1259.0,NORMAL,System Normal ✅,Stable,Normal
237.7,5.2,1236.0,WARNING,High Voltage ⚠️,System Load Increasing,Normal
237.3,4.62,1096.0,WARNING,High Voltage ⚠️,System Load Increasing,Normal
235.7,4.68,1103.0,WARNING,High Voltage ⚠️,System Load Increasing,Normal
234.7,4.57,1073.0,NORMAL,System Normal ✅,System Load Increasing,Normal
227.2,4.76,1081.0,NORMAL,System Normal ✅,Stable,Normal
223.5,5.74,1283.0,NORMAL,System Normal ✅,Stable,Normal
213.1,5.01,1068.0,NORMAL,System Normal ✅,Stable,Normal
223.3,5.7,1273.0,NORMAL,System Normal ✅,Stable,Normal
220.9,5.98,1321.0,NORMAL,System Normal ✅,Stable,Normal
228.2,5.79,1321.0,NORMAL,System Normal ✅,Stable,Normal
231.1,4.3,994.0,NORMAL,System Normal ✅,Stable,Normal
224.6,5.97,1341.0,NORMAL,System Normal ✅,Stable,Normal
227.9,5.48,1249.0,NORMAL,System Normal ✅,Stable,Normal
220.3,4.46,983.0,NORMAL,System Normal ✅,Stable,Normal
226.7,4.96,1124.0,NORMAL,System Normal ✅,Stable,Normal
225.3,5.54,1248.0,NORMAL,System Normal ✅,Stable,Normal
226.9,4.66,1057.0,NORMAL,System Normal ✅,Stable,Normal
223.4,4.26,952.0,NORMAL,System Normal ✅,Stable,Normal
227.4,4.32,982.0,NORMAL,System Normal ✅,Stable,Normal
236.7,5.5,1302.0,WARNING,High Voltage ⚠️,System Load Increasing,Normal
239.1,5.69,1360.0,CRITICAL,High Voltage ⚠️,System Load Increasing,Normal
219.3,5.82,1276.0,NORMAL,System Normal ✅,Stable,Normal
217.9,5.21,1135.0,NORMAL,System Normal ✅,Stable,Normal
238.5,4.91,1171.0,CRITICAL,High Voltage ⚠️,System Load Increasing,Normal
217.1,5.29,1148.0,NORMAL,System Normal ✅,Stable,Normal
231.1,4.26,984.0,NORMAL,System Normal ✅,System Load Increasing,Normal
211.8,4.89,1036.0,NORMAL,System Normal ✅,Stable,Normal
224.7,5.64,1267.0,NORMAL,System Normal ✅,Stable,Normal
223.9,5.79,1296.0,NORMAL,System Normal ✅,Stable,Normal
237.9,5.65,1344.0,WARNING,High Voltage ⚠️,System Load Increasing,Normal
229.1,4.49,1029.0,NORMAL,System Normal ✅,Stable,Normal
222.9,4.85,1081.0,NORMAL,System Normal ✅,Stable,Normal
217.1,5.44,1181.0,NORMAL,System Normal ✅,Stable,Normal
212.0,5.41,1147.0,NORMAL,System Normal ✅,Stable,Normal
238.1,4.31,1026.0,CRITICAL,High Voltage ⚠️,System Load Increasing,Normal
211.4,4.93,1042.0,NORMAL,System Normal ✅,Stable,Normal
225.1,4.78,1076.0,NORMAL,System Normal ✅,Stable,Normal
219.2,4.38,960.0,NORMAL,System Normal ✅,Stable,Normal
224.8,4.14,931.0,NORMAL,System Normal ✅,Stable,Normal
240.0,4.11,986.0,CRITICAL,High Voltage ⚠️,System Load Increasing,Normal
238.0,5.1,1214.0,WARNING,High Voltage ⚠️,System Load Increasing,Normal
211.9,4.53,960.0,NORMAL,System Normal ✅,Stable,Normal
235.3,5.28,1242.0,WARNING,High Voltage ⚠️,System Load Increasing,Normal
213.2,4.52,964.0,NORMAL,System Normal ✅,Stable,Normal
222.3,5.45,1212.0,NORMAL,System Normal ✅,Stable,Normal
236.5,4.92,1164.0,WARNING,High Voltage ⚠️,System Load Increasing,Normal
223.9,5.31,1189.0,NORMAL,System Normal ✅,Stable,Normal
225.7,4.51,1018.0,NORMAL,System Normal ✅,Stable,Normal
212.0,5.88,1247.0,NORMAL,System Normal ✅,Stable,Normal
213.7,5.77,1233.0,NORMAL,System Normal ✅,Stable,Normal
215.9,5.11,1103.0,NORMAL,System Normal ✅,Stable,Normal
219.4,5.99,1314.0,NORMAL,System Normal ✅,Stable,Normal
218.4,5.09,1112.0,NORMAL,System Normal ✅,Stable,Normal
210.5,5.56,1170.0,NORMAL,System Normal ✅,Stable,Normal
228.0,5.4,1231.0,NORMAL,System Normal ✅,System Load Increasing,Normal
239.0,4.66,1114.0,CRITICAL,High Voltage ⚠️,System Load Increasing,Normal
220.5,4.26,939.0,NORMAL,System Normal ✅,Stable,Normal
216.8,4.78,1036.0,NORMAL,System Normal ✅,Stable,Normal
217.3,5.49,1193.0,NORMAL,System Normal ✅,Stable,Normal
218.5,5.56,1215.0,NORMAL,System Normal ✅,Stable,Normal
231.5,4.02,931.0,NORMAL,System Normal ✅,System Load Increasing,Normal
234.2,6.0,1405.0,NORMAL,System Normal ✅,System Load Increasing,Normal
225.8,4.15,937.0,NORMAL,System Normal ✅,Stable,Normal
227.8,5.34,1216.0,NORMAL,System Normal ✅,Stable,Normal
230.2,4.57,1052.0,NORMAL,System Normal ✅,System Load Increasing,Normal
234.2,4.97,1164.0,NORMAL,System Normal ✅,System Load Increasing,Normal
220.9,5.42,1197.0,NORMAL,System Normal ✅,Stable,Normal
223.7,5.63,1259.0,NORMAL,System Normal ✅,Stable,Normal
222.2,5.67,1260.0,NORMAL,System Normal ✅,Stable,Normal
224.9,5.49,1235.0,NORMAL,System Normal ✅,Stable,Normal
212.1,5.18,1099.0,NORMAL,System Normal ✅,Stable,Normal
238.5,4.04,964.0,CRITICAL,High Voltage ⚠️,System Load Increasing,Normal
220.0,4.52,994.0,NORMAL,System Normal ✅,Stable,Normal
223.7,4.26,953.0,NORMAL,System Normal ✅,Stable,Normal
222.5,4.91,1092.0,NORMAL,System Normal ✅,Stable,Normal
211.9,5.02,1064.0,NORMAL,System Normal ✅,Stable,Normal
219.9,5.03,1106.0,NORMAL,System Normal ✅,Stable,Normal
236.4,4.06,960.0,WARNING,High Voltage ⚠️,System Load Increasing,Normal
217.5,4.3,935.0,NORMAL,System Normal ✅,Stable,Normal
238.1,4.6,1095.0,CRITICAL,High Voltage ⚠️,System Load Increasing,Normal
229.5,5.93,1361.0,NORMAL,System Normal ✅,Stable,Normal
210.6,5.67,1194.0,NORMAL,System Normal ✅,Stable,Normal
223.2,5.58,1245.0,NORMAL,System Normal ✅,Stable,Normal
214.7,5.46,1172.0,NORMAL,System Normal ✅,Stable,Normal
227.4,5.27,1198.0,NORMAL,System Normal ✅,Stable,Normal
227.0,5.41,1228.0,NORMAL,System Normal ✅,Stable,Normal
219.8,6.0,1319.0,NORMAL,System Normal ✅,Stable,Normal
238.3,5.04,1201.0,CRITICAL,High Voltage ⚠️,System Load Increasing,Normal
228.4,5.39,1231.0,NORMAL,System Normal ✅,Stable,Normal
239.8,4.62,1108.0,CRITICAL,High Voltage ⚠️,System Load Increasing,Normal
236.7,4.53,1072.0,WARNING,High Voltage ⚠️,System Load Increasing,Normal
211.7,4.94,1046.0,NORMAL,System Normal ✅,Stable,Normal
230.6,4.62,1065.0,NORMAL,System Normal ✅,System Load Increasing,Normal
211.5,5.3,1121.0,NORMAL,System Normal ✅,Stable,Normal
211.4,4.56,964.0,NORMAL,System Normal ✅,Stable,Normal
225.4,5.58,1258.0,NORMAL,System Normal ✅,Stable,Normal
220.9,5.43,1199.0,NORMAL,System Normal ✅,Stable,Normal
239.2,4.97,1189.0,CRITICAL,High Voltage ⚠️,System Load Increasing,Normal
228.5,5.74,1312.0,NORMAL,System Normal ✅,Stable,Normal
226.9,4.2,953.0,NORMAL,System Normal ✅,Stable,Normal
214.5,4.07,873.0,NORMAL,System Normal ✅,Stable,Normal
228.0,5.3,1208.0,NORMAL,System Normal ✅,Stable,Normal
228.1,6.0,1369.0,NORMAL,System Normal ✅,Stable,Normal
231.5,4.0,926.0,NORMAL,System Normal ✅,System Load Increasing,Normal
215.6,5.23,1128.0,NORMAL,System Normal ✅,Stable,Normal
222.3,4.32,960.0,NORMAL,System Normal ✅,Stable,Normal
234.6,5.52,1295.0,NORMAL,System Normal ✅,System Load Increasing,Normal
231.3,4.69,1085.0,NORMAL,System Normal ✅,System Load Increasing,Normal
239.2,4.84,1158.0,CRITICAL,High Voltage ⚠️,System Load Increasing,Normal
231.8,4.33,1004.0,NORMAL,System Normal ✅,System Load Increasing,Normal
221.8,4.97,1102.0,NORMAL,System Normal ✅,Stable,Normal
234.5,4.88,1144.0,NORMAL,System Normal ✅,System Load Increasing,Normal
235.9,4.86,1146.0,WARNING,High Voltage ⚠️,System Load Increasing,Normal
225.8,5.46,1233.0,NORMAL,System Normal ✅,Stable,Normal
229.8,4.88,1121.0,NORMAL,System Normal ✅,Stable,Normal
210.4,5.2,1094.0,NORMAL,System Normal ✅,Voltage Spike Risk,Anomaly 🚨
226.4,4.85,1098.0,NORMAL,System Normal ✅,Stable,Normal
222.7,5.31,1183.0,NORMAL,System Normal ✅,Stable,Normal
221.4,5.37,1189.0,NORMAL,System Normal ✅,Stable,Normal
228.0,5.66,1290.0,NORMAL,System Normal ✅,Stable,Normal
228.4,5.46,1247.0,NORMAL,System Normal ✅,Stable,Normal
214.5,4.99,1070.0,NORMAL,System Normal ✅,Stable,Normal
223.1,5.17,1153.0,NORMAL,System Normal ✅,Stable,Normal
232.9,4.74,1104.0,NORMAL,System Normal ✅,System Load Increasing,Normal
216.3,5.14,1112.0,NORMAL,System Normal ✅,Stable,Normal
226.8,4.79,1086.0,NORMAL,System Normal ✅,Stable,Normal
238.1,5.66,1348.0,CRITICAL,High Voltage ⚠️,System Load Increasing,Normal
219.9,5.68,1249.0,NORMAL,System Normal ✅,Stable,Normal
233.2,5.24,1222.0,NORMAL,System Normal ✅,System Load Increasing,Normal
218.0,4.22,920.0,NORMAL,System Normal ✅,Stable,Normal
238.7,5.82,1389.0,CRITICAL,High Voltage ⚠️,System Load Increasing,Normal
218.8,4.03,882.0,NORMAL,System Normal ✅,Stable,Normal
222.9,4.06,905.0,NORMAL,System Normal ✅,Stable,Normal
215.4,4.39,946.0,NORMAL,System Normal ✅,Stable,Normal
227.2,4.34,986.0,NORMAL,System Normal ✅,Stable,Normal
240.0,5.58,1339.0,CRITICAL,High Voltage ⚠️,System Load Increasing,Normal
216.8,5.52,1197.0,NORMAL,System Normal ✅,Stable,Normal
235.5,4.51,1062.0,WARNING,High Voltage ⚠️,System Load Increasing,Normal
228.9,4.46,1021.0,NORMAL,System Normal ✅,Stable,Normal
210.7,5.62,1184.0,NORMAL,System Normal ✅,Stable,Normal
238.9,4.13,987.0,CRITICAL,High Voltage ⚠️,System Load Increasing,Normal
229.6,5.79,1329.0,NORMAL,System Normal ✅,Stable,Normal
223.4,4.09,914.0,NORMAL,System Normal ✅,Stable,Normal
210.1,5.2,1093.0,NORMAL,System Normal ✅,Stable,Normal
224.9,4.07,915.0,NORMAL,System Normal ✅,Stable,Normal
220.7,5.68,1254.0,NORMAL,System Normal ✅,Stable,Normal
229.4,5.5,1262.0,NORMAL,System Normal ✅,Stable,Normal
236.4,4.73,1118.0,WARNING,High Voltage ⚠️,System Load Increasing,Normal
226.4,5.39,1220.0,NORMAL,System Normal ✅,Stable,Normal
237.0,4.0,948.0,WARNING,High Voltage ⚠️,System Load Increasing,Normal
223.9,5.35,1198.0,NORMAL,System Normal ✅,Stable,Normal
237.0,4.06,962.0,WARNING,High Voltage ⚠️,System Load Increasing,Normal
211.1,4.16,878.0,NORMAL,System Normal ✅,Stable,Normal
216.9,4.25,922.0,NORMAL,System Normal ✅,Stable,Normal
218.0,4.71,1027.0,NORMAL,System Normal ✅,Stable,Normal
210.6,5.24,1104.0,NORMAL,System Normal ✅,Stable,Normal
214.6,5.24,1125.0,NORMAL,System Normal ✅,Stable,Normal
229.0,5.59,1280.0,NORMAL,System Normal ✅,System Load Increasing,Normal
212.2,4.61,978.0,NORMAL,System Normal ✅,Stable,Normal
225.4,4.55,1026.0,NORMAL,System Normal ✅,Stable,Normal
234.4,5.37,1259.0,NORMAL,System Normal ✅,System Load Increasing,Normal
230.4,5.01,1154.0,NORMAL,System Normal ✅,System Load Increasing,Normal
220.6,5.05,1114.0,NORMAL,System Normal ✅,Stable,Normal
225.1,4.77,1074.0,NORMAL,System Normal ✅,Stable,Normal
239.1,5.05,1207.0,CRITICAL,High Voltage ⚠️,System Load Increasing,Normal
219.7,4.92,1081.0,NORMAL,System Normal ✅,Stable,Normal
220.1,4.46,982.0,NORMAL,System Normal ✅,Stable,Normal
212.3,4.32,917.0,NORMAL,System Normal ✅,Stable,Normal
236.1,4.54,1072.0,WARNING,High Voltage ⚠️,System Load Increasing,Normal
227.2,4.76,1081.0,NORMAL,System Normal ✅,Stable,Normal
216.0,5.0,1080.0,NORMAL,System Normal ✅,Stable,Normal
216.2,5.02,1085.0,NORMAL,System Normal ✅,Stable,Normal
226.0,4.94,1116.0,NORMAL,System Normal ✅,Stable,Normal
220.2,5.45,1200.0,NORMAL,System Normal ✅,Stable,Normal
216.2,4.25,919.0,NORMAL,System Normal ✅,Stable,Normal
229.5,4.33,994.0,NORMAL,System Normal ✅,System Load Increasing,Normal
224.3,4.97,1115.0,NORMAL,System Normal ✅,Stable,Normal
222.8,5.16,1150.0,NORMAL,System Normal ✅,Stable,Normal
229.9,4.79,1101.0,NORMAL,System Normal ✅,System Load Increasing,Normal
239.5,5.16,1236.0,CRITICAL,High Voltage ⚠️,System Load Increasing,Normal
237.1,5.94,1408.0,WARNING,High Voltage ⚠️,System Load Increasing,Normal
218.8,5.32,1164.0,NORMAL,System Normal ✅,Stable,Normal
227.4,4.03,916.0,NORMAL,System Normal ✅,Stable,Normal
233.4,4.42,1032.0,NORMAL,System Normal ✅,Collecting Data,Normal
217.5,5.86,1275.0,NORMAL,System Normal ✅,Collecting Data,Normal
223.1,4.39,979.0,NORMAL,System Normal ✅,Collecting Data,Normal
230.0,5.07,1166.0,NORMAL,System Normal ✅,Collecting Data,Normal
238.3,5.58,1330.0,CRITICAL,High Voltage ⚠️,Collecting Data,Normal
228.6,4.95,1132.0,NORMAL,System Normal ✅,Collecting Data,Normal
237.1,4.97,1178.0,WARNING,High Voltage ⚠️,System Load Increasing,Normal
213.0,5.49,1169.0,NORMAL,System Normal ✅,Stable,Normal
223.8,5.11,1144.0,NORMAL,System Normal ✅,Stable,Normal
239.5,5.3,1269.0,CRITICAL,High Voltage ⚠️,System Load Increasing,Normal
212.6,5.26,1118.0,NORMAL,System Normal ✅,Stable,Normal
218.3,4.36,952.0,NORMAL,System Normal ✅,Stable,Normal
216.4,4.83,1045.0,NORMAL,System Normal ✅,Collecting Data,Normal
219.8,4.95,1088.0,NORMAL,System Normal ✅,Collecting Data,Normal
212.9,5.7,1214.0,NORMAL,System Normal ✅,Collecting Data,Normal
221.1,4.17,922.0,NORMAL,System Normal ✅,Collecting Data,Normal
212.2,4.27,906.0,NORMAL,System Normal ✅,Collecting Data,Normal
222.8,5.82,1297.0,NORMAL,System Normal ✅,Collecting Data,Normal
225.4,4.58,1032.0,NORMAL,System Normal ✅,Collecting Data,Normal
210.5,4.88,1027.0,NORMAL,System Normal ✅,Collecting Data,Normal
228.5,5.98,1366.0,NORMAL,System Normal ✅,Collecting Data,Normal
232.9,4.5,1048.0,NORMAL,System Normal ✅,Collecting Data,Normal
237.0,4.87,1154.0,WARNING,High Voltage ⚠️,Collecting Data,Normal
219.3,4.17,914.0,NORMAL,System Normal ✅,Collecting Data,Normal
234.5,5.02,1177.0,NORMAL,System Normal ✅,Collecting Data,Normal
230.9,5.39,1245.0,NORMAL,System Normal ✅,Collecting Data,Normal
212.9,5.73,1220.0,NORMAL,System Normal ✅,Collecting Data,Normal
224.5,5.55,1246.0,NORMAL,System Normal ✅,Stable,Normal
230.0,4.49,1033.0,NORMAL,System Normal ✅,Stable,Normal
211.0,5.08,1072.0,NORMAL,System Normal ✅,Stable,Normal
219.1,5.11,1120.0,NORMAL,System Normal ✅,Collecting Data,Normal
236.6,5.59,1323.0,WARNING,High Voltage ⚠️,Collecting Data,Normal
221.5,5.8,1285.0,NORMAL,System Normal ✅,Collecting Data,Normal
222.6,4.8,1068.0,NORMAL,System Normal ✅,Collecting Data,Normal
219.8,5.09,1119.0,NORMAL,System Normal ✅,Stable,Normal
210.6,5.4,1137.0,NORMAL,System Normal ✅,Stable,Normal
212.9,5.27,1122.0,NORMAL,System Normal ✅,Stable,Normal
221.6,5.63,1248.0,NORMAL,System Normal ✅,Stable,Normal
213.2,5.08,1083.0,NORMAL,System Normal ✅,Stable,Normal
212.7,5.33,1134.0,NORMAL,System Normal ✅,Stable,Normal
210.2,4.74,996.0,NORMAL,System Normal ✅,Stable,Normal
213.4,5.99,1278.0,NORMAL,System Normal ✅,Stable,Normal
215.4,5.32,1146.0,NORMAL,System Normal ✅,Stable,Normal
220.5,5.7,1257.0,NORMAL,System Normal ✅,Stable,Normal
219.0,4.41,966.0,NORMAL,System Normal ✅,Stable,Normal
234.0,5.67,1327.0,NORMAL,System Normal ✅,System Load Increasing,Normal
219.5,5.26,1155.0,NORMAL,System Normal ✅,Stable,Normal
212.2,5.48,1163.0,NORMAL,System Normal ✅,Stable,Normal
214.3,5.3,1136.0,NORMAL,System Normal ✅,Stable,Normal
226.9,5.78,1311.0,NORMAL,System Normal ✅,System Load Increasing,Normal
219.6,4.6,1010.0,NORMAL,System Normal ✅,Stable,Normal
234.8,5.71,1341.0,NORMAL,System Normal ✅,Voltage Spike Risk,Anomaly 🚨
234.4,5.49,1287.0,NORMAL,System Normal ✅,System Load Increasing,Normal
230.0,4.4,1012.0,NORMAL,System Normal ✅,System Load Increasing,Normal
234.8,4.32,1014.0,NORMAL,System Normal ✅,System Load Increasing,Normal
212.2,4.54,963.0,NORMAL,System Normal ✅,Stable,Normal
234.8,5.98,1404.0,NORMAL,System Normal ✅,System Load Increasing,Normal
213.4,5.66,1208.0,NORMAL,System Normal ✅,Stable,Normal
240.0,5.81,1394.0,CRITICAL,High Voltage ⚠️,System Load Increasing,Normal
236.8,5.76,1364.0,WARNING,High Voltage ⚠️,System Load Increasing,Normal
237.2,5.07,1203.0,WARNING,High Voltage ⚠️,System Load Increasing,Normal
239.7,5.37,1287.0,CRITICAL,High Voltage ⚠️,System Load Increasing,Normal
214.6,5.01,1075.0,NORMAL,System Normal ✅,Stable,Normal
219.2,4.44,973.0,NORMAL,System Normal ✅,Stable,Normal
211.8,5.59,1184.0,NORMAL,System Normal ✅,Stable,Normal
234.1,4.35,1018.0,NORMAL,System Normal ✅,System Load Increasing,Normal
231.8,4.76,1103.0,NORMAL,System Normal ✅,System Load Increasing,Normal
228.0,4.16,948.0,NORMAL,System Normal ✅,Stable,Normal
234.5,4.65,1090.0,NORMAL,System Normal ✅,System Load Increasing,Normal
224.2,5.48,1229.0,NORMAL,System Normal ✅,Stable,Normal
217.9,5.24,1142.0,NORMAL,System Normal ✅,Stable,Normal
228.0,4.27,974.0,NORMAL,System Normal ✅,Stable,Normal
225.1,5.03,1132.0,NORMAL,System Normal ✅,Stable,Normal
211.1,4.08,861.0,NORMAL,System Normal ✅,Stable,Normal
224.6,5.52,1240.0,NORMAL,System Normal ✅,Stable,Normal
213.5,4.64,991.0,NORMAL,System Normal ✅,Stable,Normal
220.3,4.28,943.0,NORMAL,System Normal ✅,Stable,Normal
236.3,5.98,1413.0,WARNING,High Voltage ⚠️,System Load Increasing,Normal
212.6,4.06,863.0,NORMAL,System Normal ✅,Stable,Normal
239.8,5.2,1247.0,CRITICAL,High Voltage ⚠️,System Load Increasing,Normal
223.9,4.87,1090.0,NORMAL,System Normal ✅,Stable,Normal
234.2,5.57,1304.0,NORMAL,System Normal ✅,System Load Increasing,Normal
223.6,4.41,986.0,NORMAL,System Normal ✅,Stable,Normal
223.9,5.34,1196.0,NORMAL,System Normal ✅,Stable,Normal
239.3,5.78,1383.0,CRITICAL,High Voltage ⚠️,System Load Increasing,Normal
210.5,4.05,853.0,NORMAL,System Normal ✅,Stable,Normal
215.4,4.25,915.0,NORMAL,System Normal ✅,Stable,Normal
214.8,4.98,1070.0,NORMAL,System Normal ✅,Stable,Normal
215.4,5.21,1122.0,NORMAL,System Normal ✅,Stable,Normal
214.6,4.85,1041.0,NORMAL,System Normal ✅,Stable,Normal
216.3,5.44,1177.0,NORMAL,System Normal ✅,Stable,Normal
214.2,5.73,1227.0,NORMAL,System Normal ✅,Stable,Normal
221.6,4.72,1046.0,NORMAL,System Normal ✅,Stable,Normal
217.4,5.24,1139.0,NORMAL,System Normal ✅,Stable,Normal
237.1,4.69,1112.0,WARNING,High Voltage ⚠️,System Load Increasing,Normal
229.4,5.06,1161.0,NORMAL,System Normal ✅,System Load Increasing,Normal
213.1,5.43,1157.0,NORMAL,System Normal ✅,Stable,Normal
214.9,4.73,1016.0,NORMAL,System Normal ✅,Stable,Normal
213.2,5.58,1190.0,NORMAL,System Normal ✅,Stable,Normal
230.3,5.72,1317.0,NORMAL,System Normal ✅,System Load Increasing,Normal
235.5,4.98,1173.0,WARNING,High Voltage ⚠️,System Load Increasing,Normal
214.5,4.63,993.0,NORMAL,System Normal ✅,Stable,Normal
230.4,4.65,1071.0,NORMAL,System Normal ✅,System Load Increasing,Normal
229.2,4.15,951.0,NORMAL,System Normal ✅,System Load Increasing,Normal
219.1,5.48,1201.0,NORMAL,System Normal ✅,Stable,Normal
224.4,4.66,1046.0,NORMAL,System Normal ✅,Stable,Normal
232.2,5.02,1166.0,NORMAL,System Normal ✅,Collecting Data,Normal
219.0,4.68,1025.0,NORMAL,System Normal ✅,Collecting Data,Normal
217.4,5.78,1257.0,NORMAL,System Normal ✅,Collecting Data,Normal
220.7,4.67,1031.0,NORMAL,System Normal ✅,Collecting Data,Normal
219.7,5.43,1193.0,NORMAL,System Normal ✅,Collecting Data,Normal
227.6,5.83,1327.0,NORMAL,System Normal ✅,Collecting Data,Normal
228.0,4.23,964.0,NORMAL,System Normal ✅,Collecting Data,Normal
211.1,5.78,1220.0,NORMAL,System Normal ✅,Collecting Data,Normal
236.6,4.61,1091.0,WARNING,High Voltage ⚠️,Collecting Data,Normal
229.1,5.18,1187.0,NORMAL,System Normal ✅,Collecting Data,Normal
219.3,4.55,998.0,NORMAL,System Normal ✅,Collecting Data,Normal
231.6,4.16,963.0,NORMAL,System Normal ✅,Collecting Data,Normal
231.9,5.9,1368.0,NORMAL,System Normal ✅,Collecting Data,Normal
223.6,5.49,1228.0,NORMAL,System Normal ✅,Stable,Normal
227.6,5.8,1320.0,NORMAL,System Normal ✅,Stable,Normal
231.0,5.43,1254.0,NORMAL,System Normal ✅,Collecting Data,Normal
236.7,4.48,1060.0,WARNING,High Voltage ⚠️,Collecting Data,Normal
236.6,5.8,1372.0,WARNING,High Voltage ⚠️,Collecting Data,Normal
234.9,5.85,1374.0,NORMAL,System Normal ✅,Collecting Data,Normal
235.0,5.44,1278.0,NORMAL,System Normal ✅,Collecting Data,Normal
212.0,4.7,996.0,NORMAL,System Normal ✅,Collecting Data,Normal
236.4,5.9,1395.0,WARNING,High Voltage ⚠️,Collecting Data,Normal
238.5,4.4,1049.0,CRITICAL,High Voltage ⚠️,System Load Increasing,Normal
217.9,5.7,1242.0,NORMAL,System Normal ✅,Stable,Normal
220.8,4.53,1000.0,NORMAL,System Normal ✅,Stable,Normal
233.9,5.89,1378.0,NORMAL,System Normal ✅,System Load Increasing,Normal
219.9,5.64,1240.0,NORMAL,System Normal ✅,Collecting Data,Normal
210.2,5.7,1198.0,NORMAL,System Normal ✅,Collecting Data,Normal
218.0,4.71,1027.0,NORMAL,System Normal ✅,Collecting Data,Normal
218.1,4.96,1082.0,NORMAL,System Normal ✅,Collecting Data,Normal
233.6,4.8,1121.0,NORMAL,System Normal ✅,System Load Increasing,Normal
232.8,5.95,1385.0,NORMAL,System Normal ✅,System Load Increasing,Normal
226.5,4.19,949.0,NORMAL,System Normal ✅,Stable,Normal
213.9,4.4,941.0,NORMAL,System Normal ✅,Stable,Normal
214.4,5.35,1147.0,NORMAL,System Normal ✅,Stable,Normal
213.8,4.78,1022.0,NORMAL,System Normal ✅,Collecting Data,Normal
214.5,4.12,884.0,NORMAL,System Normal ✅,Collecting Data,Normal
223.6,4.88,1091.0,NORMAL,System Normal ✅,Collecting Data,Normal
222.0,5.76,1279.0,NORMAL,System Normal ✅,Collecting Data,Normal
239.3,4.91,1175.0,CRITICAL,High Voltage ⚠️,System Load Increasing,Normal
215.1,4.92,1058.0,NORMAL,System Normal ✅,Stable,Normal
234.0,5.19,1214.0,NORMAL,System Normal ✅,System Load Increasing,Normal
237.7,5.74,1364.0,WARNING,High Voltage ⚠️,System Load Increasing,Normal
227.7,4.67,1063.0,NORMAL,System Normal ✅,Stable,Normal
224.3,5.88,1319.0,NORMAL,System Normal ✅,Stable,Normal
214.7,5.96,1280.0,NORMAL,System Normal ✅,Stable,Normal
217.1,4.33,940.0,NORMAL,System Normal ✅,Stable,Normal
216.5,5.55,1202.0,NORMAL,System Normal ✅,Stable,Normal
230.8,4.67,1078.0,NORMAL,System Normal ✅,System Load Increasing,Normal
234.1,5.3,1241.0,NORMAL,System Normal ✅,System Load Increasing,Normal
231.7,5.15,1193.0,NORMAL,System Normal ✅,System Load Increasing,Normal
233.9,5.99,1401.0,NORMAL,System Normal ✅,System Load Increasing,Normal
230.1,4.22,971.0,NORMAL,System Normal ✅,Stable,Normal
236.0,5.49,1296.0,WARNING,High Voltage ⚠️,System Load Increasing,Normal
228.6,4.75,1086.0,NORMAL,System Normal ✅,Stable,Normal
239.8,5.64,1352.0,CRITICAL,High Voltage ⚠️,System Load Increasing,Normal
214.2,5.1,1092.0,NORMAL,System Normal ✅,Stable,Normal
224.1,5.78,1295.0,NORMAL,System Normal ✅,Stable,Normal
219.8,4.84,1064.0,NORMAL,System Normal ✅,Stable,Normal
217.7,5.9,1284.0,NORMAL,System Normal ✅,Stable,Normal
213.4,5.37,1146.0,NORMAL,System Normal ✅,Stable,Normal
213.3,5.67,1209.0,NORMAL,System Normal ✅,Stable,Normal
214.1,4.8,1028.0,NORMAL,System Normal ✅,Stable,Normal
227.2,5.25,1193.0,NORMAL,System Normal ✅,Stable,Normal
217.1,4.95,1075.0,NORMAL,System Normal ✅,Stable,Normal
211.6,4.09,865.0,NORMAL,System Normal ✅,Stable,Normal
223.2,4.58,1022.0,NORMAL,System Normal ✅,Stable,Normal
224.5,4.65,1044.0,NORMAL,System Normal ✅,Stable,Normal
223.9,4.14,927.0,NORMAL,System Normal ✅,Stable,Normal
234.2,5.87,1375.0,NORMAL,System Normal ✅,System Load Increasing,Normal
238.5,4.3,1026.0,CRITICAL,High Voltage ⚠️,System Load Increasing,Normal
212.7,5.31,1129.0,NORMAL,System Normal ✅,Stable,Normal
220.9,4.08,901.0,NORMAL,System Normal ✅,Stable,Normal
228.0,4.3,980.0,NORMAL,System Normal ✅,System Load Increasing,Normal
236.2,5.47,1292.0,WARNING,High Voltage ⚠️,System Load Increasing,Normal
230.0,5.66,1302.0,NORMAL,System Normal ✅,System Load Increasing,Normal
212.3,5.9,1253.0,NORMAL,System Normal ✅,Stable,Normal
212.0,4.23,897.0,NORMAL,System Normal ✅,Stable,Normal
237.2,5.77,1369.0,WARNING,High Voltage ⚠️,System Load Increasing,Normal
230.4,4.22,972.0,NORMAL,System Normal ✅,System Load Increasing,Normal
224.3,4.65,1043.0,NORMAL,System Normal ✅,Stable,Normal
222.9,4.97,1108.0,NORMAL,System Normal ✅,Stable,Normal
238.9,5.26,1257.0,CRITICAL,High Voltage ⚠️,System Load Increasing,Normal
212.7,4.63,985.0,NORMAL,System Normal ✅,Stable,Normal
212.3,5.29,1123.0,NORMAL,System Normal ✅,Stable,Normal
239.5,5.95,1425.0,CRITICAL,High Voltage ⚠️,System Load Increasing,Normal
211.1,5.4,1140.0,NORMAL,System Normal ✅,Stable,Normal
211.9,5.59,1185.0,NORMAL,System Normal ✅,Stable,Normal
222.5,4.58,1019.0,NORMAL,System Normal ✅,Stable,Normal
227.2,4.76,1081.0,NORMAL,System Normal ✅,Stable,Normal
217.7,5.97,1300.0,NORMAL,System Normal ✅,Stable,Normal
220.4,4.09,901.0,NORMAL,System Normal ✅,Stable,Normal
236.7,4.72,1117.0,WARNING,High Voltage ⚠️,System Load Increasing,Normal
232.3,4.28,994.0,NORMAL,System Normal ✅,System Load Increasing,Normal
214.0,5.76,1233.0,NORMAL,System Normal ✅,Stable,Normal
229.8,5.15,1183.0,NORMAL,System Normal ✅,System Load Increasing,Normal
219.6,4.89,1074.0,NORMAL,System Normal ✅,Stable,Normal
219.0,5.46,1196.0,NORMAL,System Normal ✅,Stable,Normal
212.7,5.36,1140.0,NORMAL,System Normal ✅,Stable,Normal
225.8,5.22,1179.0,NORMAL,System Normal ✅,Stable,Normal
217.4,5.86,1274.0,NORMAL,System Normal ✅,Stable,Normal
215.3,4.97,1070.0,NORMAL,System Normal ✅,Stable,Normal
239.5,4.73,1133.0,CRITICAL,High Voltage ⚠️,System Load Increasing,Normal
225.6,5.45,1230.0,NORMAL,System Normal ✅,Stable,Normal
218.4,4.07,889.0,NORMAL,System Normal ✅,Stable,Normal
226.2,4.34,982.0,NORMAL,System Normal ✅,Stable,Normal
233.2,4.91,1145.0,NORMAL,System Normal ✅,System Load Increasing,Normal
219.1,5.0,1096.0,NORMAL,System Normal ✅,Stable,Normal
225.5,4.51,1017.0,NORMAL,System Normal ✅,Stable,Normal
220.1,5.03,1107.0,NORMAL,System Normal ✅,Stable,Normal
235.5,4.32,1017.0,WARNING,High Voltage ⚠️,System Load Increasing,Normal
238.3,4.79,1141.0,CRITICAL,High Voltage ⚠️,System Load Increasing,Normal
238.0,5.55,1321.0,WARNING,High Voltage ⚠️,System Load Increasing,Normal
219.8,4.74,1042.0,NORMAL,System Normal ✅,Stable,Normal
235.5,5.92,1394.0,WARNING,High Voltage ⚠️,System Load Increasing,Normal
214.2,5.46,1170.0,NORMAL,System Normal ✅,Stable,Normal
214.5,5.09,1092.0,NORMAL,System Normal ✅,Stable,Normal
229.7,5.36,1231.0,NORMAL,System Normal ✅,Stable,Normal
233.5,5.23,1221.0,NORMAL,System Normal ✅,System Load Increasing,Normal
229.9,5.28,1214.0,NORMAL,System Normal ✅,Stable,Normal
212.3,5.37,1140.0,NORMAL,System Normal ✅,Stable,Normal
231.9,4.28,993.0,NORMAL,System Normal ✅,Stable,Normal
239.9,5.02,1204.0,CRITICAL,High Voltage ⚠️,System Load Increasing,Normal
214.5,4.01,860.0,NORMAL,System Normal ✅,Stable,Normal
216.2,4.28,925.0,NORMAL,System Normal ✅,Stable,Normal
232.8,5.08,1183.0,NORMAL,System Normal ✅,System Load Increasing,Normal
226.9,4.61,1046.0,NORMAL,System Normal ✅,Stable,Normal
217.9,4.77,1039.0,NORMAL,System Normal ✅,Stable,Normal
222.0,4.09,908.0,NORMAL,System Normal ✅,Stable,Normal
215.8,4.28,924.0,NORMAL,System Normal ✅,Stable,Normal
222.3,5.84,1298.0,NORMAL,System Normal ✅,Stable,Normal
223.8,6.0,1343.0,NORMAL,System Normal ✅,Stable,Normal
235.8,5.68,1339.0,WARNING,High Voltage ⚠️,System Load Increasing,Normal
214.2,4.6,985.0,NORMAL,System Normal ✅,Stable,Normal
219.9,4.52,994.0,NORMAL,System Normal ✅,Stable,Normal
239.3,4.71,1127.0,CRITICAL,High Voltage ⚠️,System Load Increasing,Normal
232.4,5.27,1225.0,NORMAL,System Normal ✅,System Load Increasing,Normal
215.2,4.32,930.0,NORMAL,System Normal ✅,Stable,Normal
233.2,5.91,1378.0,NORMAL,System Normal ✅,System Load Increasing,Normal
220.5,4.59,1012.0,NORMAL,System Normal ✅,Stable,Normal
234.2,4.17,977.0,NORMAL,System Normal ✅,System Load Increasing,Normal
227.8,5.32,1212.0,NORMAL,System Normal ✅,Stable,Normal
217.0,5.92,1285.0,NORMAL,System Normal ✅,Stable,Normal
217.9,4.17,909.0,NORMAL,System Normal ✅,Stable,Normal
225.2,5.37,1209.0,NORMAL,System Normal ✅,Stable,Normal
237.3,5.57,1322.0,WARNING,High Voltage ⚠️,System Load Increasing,Normal
237.3,5.69,1350.0,WARNING,High Voltage ⚠️,System Load Increasing,Normal
222.1,5.16,1146.0,NORMAL,System Normal ✅,Stable,Normal
237.2,5.35,1269.0,WARNING,High Voltage ⚠️,System Load Increasing,Normal
239.8,4.67,1120.0,CRITICAL,High Voltage ⚠️,System Load Increasing,Normal
219.3,4.52,991.0,NORMAL,System Normal ✅,Stable,Normal
234.8,5.51,1294.0,NORMAL,System Normal ✅,System Load Increasing,Normal
224.0,4.51,1010.0,NORMAL,System Normal ✅,Stable,Normal
222.7,5.52,1229.0,NORMAL,System Normal ✅,Stable,Normal
220.4,5.68,1252.0,NORMAL,System Normal ✅,Stable,Normal
225.0,4.87,1096.0,NORMAL,System Normal ✅,Stable,Normal
232.6,4.67,1086.0,NORMAL,System Normal ✅,System Load Increasing,Normal
226.4,5.54,1254.0,NORMAL,System Normal ✅,Stable,Normal
216.6,4.99,1081.0,NORMAL,System Normal ✅,Stable,Normal
218.6,5.08,1110.0,NORMAL,System Normal ✅,Stable,Normal
213.2,5.3,1130.0,NORMAL,System Normal ✅,Stable,Normal
221.0,4.38,968.0,NORMAL,System Normal ✅,Stable,Normal
222.6,4.21,937.0,NORMAL,System Normal ✅,Stable,Normal
230.4,5.73,1320.0,NORMAL,System Normal ✅,Stable,Normal
224.8,4.67,1050.0,NORMAL,System Normal ✅,Stable,Normal
236.0,4.58,1081.0,WARNING,High Voltage ⚠️,System Load Increasing,Normal
237.8,4.57,1087.0,WARNING,High Voltage ⚠️,System Load Increasing,Normal
232.3,4.76,1106.0,NORMAL,System Normal ✅,System Load Increasing,Normal
217.7,5.34,1163.0,NORMAL,System Normal ✅,Stable,Normal
233.2,4.9,1143.0,NORMAL,System Normal ✅,System Load Increasing,Normal
217.5,5.64,1227.0,NORMAL,System Normal ✅,Stable,Normal
222.8,5.81,1294.0,NORMAL,System Normal ✅,Stable,Normal
238.3,4.72,1125.0,CRITICAL,High Voltage ⚠️,System Load Increasing,Normal
220.5,6.0,1323.0,NORMAL,System Normal ✅,Stable,Normal
211.2,5.21,1100.0,NORMAL,System Normal ✅,Stable,Normal
222.7,4.21,938.0,NORMAL,System Normal ✅,Stable,Normal
237.1,5.27,1250.0,WARNING,High Voltage ⚠️,System Load Increasing,Normal
215.0,4.57,983.0,NORMAL,System Normal ✅,Stable,Normal
219.3,5.62,1232.0,NORMAL,System Normal ✅,Stable,Normal
235.7,5.74,1353.0,WARNING,High Voltage ⚠️,System Load Increasing,Normal
219.5,5.43,1192.0,NORMAL,System Normal ✅,Stable,Normal
238.7,4.98,1189.0,CRITICAL,High Voltage ⚠️,System Load Increasing,Normal
221.7,5.51,1222.0,NORMAL,System Normal ✅,Stable,Normal
223.1,5.12,1142.0,NORMAL,System Normal ✅,Stable,Normal
217.9,5.85,1275.0,NORMAL,System Normal ✅,Stable,Normal
236.1,5.28,1247.0,WARNING,High Voltage ⚠️,System Load Increasing,Normal
225.5,5.72,1290.0,NORMAL,System Normal ✅,Stable,Normal
228.4,5.38,1229.0,NORMAL,System Normal ✅,Stable,Normal
233.5,4.13,964.0,NORMAL,System Normal ✅,System Load Increasing,Normal
224.5,4.52,1015.0,NORMAL,System Normal ✅,Stable,Normal
212.2,5.84,1239.0,NORMAL,System Normal ✅,Stable,Normal
216.0,5.21,1125.0,NORMAL,System Normal ✅,Stable,Normal
226.4,5.03,1139.0,NORMAL,System Normal ✅,Stable,Normal
233.8,4.87,1139.0,NORMAL,System Normal ✅,System Load Increasing,Normal
223.0,4.35,970.0,NORMAL,System Normal ✅,Stable,Normal
220.3,4.7,1035.0,NORMAL,System Normal ✅,Stable,Normal
230.0,5.01,1152.0,NORMAL,System Normal ✅,Stable,Normal
237.0,5.13,1216.0,WARNING,High Voltage ⚠️,System Load Increasing,Normal
210.6,4.2,885.0,NORMAL,System Normal ✅,Stable,Normal
232.7,4.61,1073.0,NORMAL,System Normal ✅,System Load Increasing,Normal
232.5,5.95,1383.0,NORMAL,System Normal ✅,System Load Increasing,Normal
236.2,4.47,1056.0,WARNING,High Voltage ⚠️,System Load Increasing,Normal
210.7,4.29,904.0,NORMAL,System Normal ✅,Stable,Normal
229.0,5.51,1262.0,NORMAL,System Normal ✅,Stable,Normal
239.9,5.62,1348.0,CRITICAL,High Voltage ⚠️,System Load Increasing,Normal
226.6,4.34,983.0,NORMAL,System Normal ✅,Stable,Normal
221.6,5.53,1225.0,NORMAL,System Normal ✅,Stable,Normal
216.5,4.19,907.0,NORMAL,System Normal ✅,Stable,Normal
211.7,4.43,938.0,NORMAL,System Normal ✅,Stable,Normal
217.4,5.52,1200.0,NORMAL,System Normal ✅,Stable,Normal
238.7,4.03,962.0,CRITICAL,High Voltage ⚠️,System Load Increasing,Normal
228.6,4.11,940.0,NORMAL,System Normal ✅,Stable,Normal
221.3,5.1,1129.0,NORMAL,System Normal ✅,Stable,Normal
217.1,4.64,1007.0,NORMAL,System Normal ✅,Stable,Normal
233.9,5.8,1357.0,NORMAL,System Normal ✅,System Load Increasing,Normal
222.1,4.99,1108.0,NORMAL,System Normal ✅,Stable,Normal
236.1,5.63,1329.0,WARNING,High Voltage ⚠️,System Load Increasing,Normal
217.6,5.46,1188.0,NORMAL,System Normal ✅,Stable,Normal
230.3,5.25,1209.0,NORMAL,System Normal ✅,Stable,Normal
239.6,4.86,1164.0,CRITICAL,High Voltage ⚠️,System Load Increasing,Normal
217.8,4.51,982.0,NORMAL,System Normal ✅,Stable,Normal
226.6,5.59,1267.0,NORMAL,System Normal ✅,Stable,Normal
232.5,4.28,995.0,NORMAL,System Normal ✅,System Load Increasing,Normal
235.4,4.69,1104.0,WARNING,High Voltage ⚠️,System Load Increasing,Normal
220.6,5.78,1275.0,NORMAL,System Normal ✅,Stable,Normal
229.6,5.78,1327.0,NORMAL,System Normal ✅,Stable,Normal
215.9,5.08,1097.0,NORMAL,System Normal ✅,Stable,Normal
238.0,5.7,1357.0,WARNING,High Voltage ⚠️,System Load Increasing,Normal
215.5,5.78,1246.0,NORMAL,System Normal ✅,Stable,Normal
223.7,4.51,1009.0,NORMAL,System Normal ✅,Stable,Normal
225.7,5.03,1135.0,NORMAL,System Normal ✅,Stable,Normal
222.9,4.51,1005.0,NORMAL,System Normal ✅,Stable,Normal
234.7,4.23,993.0,NORMAL,System Normal ✅,System Load Increasing,Normal
237.6,5.39,1281.0,WARNING,High Voltage ⚠️,System Load Increasing,Normal
239.7,4.04,968.0,CRITICAL,High Voltage ⚠️,System Load Increasing,Normal
214.8,4.93,1059.0,NORMAL,System Normal ✅,Stable,Normal
212.3,5.4,1146.0,NORMAL,System Normal ✅,Stable,Normal
232.5,5.84,1358.0,NORMAL,System Normal ✅,System Load Increasing,Normal
228.3,4.65,1062.0,NORMAL,System Normal ✅,Stable,Normal
239.5,5.62,1346.0,CRITICAL,High Voltage ⚠️,System Load Increasing,Normal
230.0,4.0,920.0,NORMAL,System Normal ✅,Stable,Normal
211.0,5.0,1055.0,NORMAL,System Normal ✅,Stable,Normal
232.8,4.82,1122.0,NORMAL,System Normal ✅,System Load Increasing,Normal
239.4,4.43,1061.0,CRITICAL,High Voltage ⚠️,System Load Increasing,Normal
230.2,4.8,1105.0,NORMAL,System Normal ✅,Stable,Normal
236.4,4.55,1076.0,WARNING,High Voltage ⚠️,System Load Increasing,Normal
235.0,4.86,1142.0,NORMAL,System Normal ✅,System Load Increasing,Normal
230.6,5.57,1284.0,NORMAL,System Normal ✅,Stable,Normal
214.5,4.13,886.0,NORMAL,System Normal ✅,Stable,Normal
213.6,5.51,1177.0,NORMAL,System Normal ✅,Stable,Normal
238.2,5.59,1332.0,CRITICAL,High Voltage ⚠️,System Load Increasing,Normal
220.3,5.66,1247.0,NORMAL,System Normal ✅,Stable,Normal
231.1,5.7,1317.0,NORMAL,System Normal ✅,Stable,Normal
229.8,5.94,1365.0,NORMAL,System Normal ✅,Stable,Normal
232.8,5.7,1327.0,NORMAL,System Normal ✅,System Load Increasing,Normal
211.5,4.18,884.0,NORMAL,System Normal ✅,Stable,Normal
213.5,5.1,1089.0,NORMAL,System Normal ✅,Stable,Normal
235.7,5.77,1360.0,WARNING,High Voltage ⚠️,System Load Increasing,Normal
237.9,5.48,1304.0,WARNING,High Voltage ⚠️,System Load Increasing,Normal
217.1,5.23,1135.0,NORMAL,System Normal ✅,Stable,Normal
218.1,5.49,1197.0,NORMAL,System Normal ✅,Stable,Normal
231.9,4.36,1011.0,NORMAL,System Normal ✅,Stable,Normal
234.6,5.51,1293.0,NORMAL,System Normal ✅,System Load Increasing,Normal
228.3,5.99,1368.0,NORMAL,System Normal ✅,Stable,Normal
233.8,5.34,1248.0,NORMAL,System Normal ✅,System Load Increasing,Normal
210.5,5.13,1080.0,NORMAL,System Normal ✅,Stable,Normal
237.7,5.02,1193.0,WARNING,High Voltage ⚠️,System Load Increasing,Normal
218.0,5.71,1245.0,NORMAL,System Normal ✅,Stable,Normal
223.2,4.39,980.0,NORMAL,System Normal ✅,Stable,Normal
223.3,4.02,898.0,NORMAL,System Normal ✅,Stable,Normal
227.3,5.45,1239.0,NORMAL,System Normal ✅,Stable,Normal
239.8,4.8,1151.0,CRITICAL,High Voltage ⚠️,System Load Increasing,Normal
227.2,5.33,1211.0,NORMAL,System Normal ✅,Stable,Normal
221.1,4.53,1002.0,NORMAL,System Normal ✅,Stable,Normal
223.9,4.99,1117.0,NORMAL,System Normal ✅,Stable,Normal
223.5,5.92,1323.0,NORMAL,System Normal ✅,Stable,Normal
229.4,5.05,1158.0,NORMAL,System Normal ✅,Stable,Normal
219.2,4.8,1052.0,NORMAL,System Normal ✅,Stable,Normal
232.3,4.69,1089.0,NORMAL,System Normal ✅,System Load Increasing,Normal
223.2,5.03,1123.0,NORMAL,System Normal ✅,Stable,Normal
229.4,4.64,1064.0,NORMAL,System Normal ✅,Stable,Normal
210.4,4.8,1010.0,NORMAL,System Normal ✅,Stable,Normal
234.8,5.53,1298.0,NORMAL,System Normal ✅,System Load Increasing,Normal
223.0,5.08,1133.0,NORMAL,System Normal ✅,Stable,Normal
224.3,4.17,935.0,NORMAL,System Normal ✅,Stable,Normal
222.5,5.86,1304.0,NORMAL,System Normal ✅,Stable,Normal
232.2,5.47,1270.0,NORMAL,System Normal ✅,System Load Increasing,Normal
225.5,5.18,1168.0,NORMAL,System Normal ✅,Stable,Normal
225.9,4.25,960.0,NORMAL,System Normal ✅,Stable,Normal
211.7,4.41,934.0,NORMAL,System Normal ✅,Stable,Normal
218.9,5.19,1136.0,NORMAL,System Normal ✅,Stable,Normal
223.7,4.3,962.0,NORMAL,System Normal ✅,Stable,Normal
233.4,5.87,1370.0,NORMAL,System Normal ✅,System Load Increasing,Normal
230.0,4.42,1017.0,NORMAL,System Normal ✅,System Load Increasing,Normal
230.1,5.13,1180.0,NORMAL,System Normal ✅,Stable,Normal
229.7,5.43,1247.0,NORMAL,System Normal ✅,Stable,Normal
212.3,4.16,883.0,NORMAL,System Normal ✅,Stable,Normal
233.5,5.66,1322.0,NORMAL,System Normal ✅,System Load Increasing,Normal
217.4,4.9,1065.0,NORMAL,System Normal ✅,Stable,Normal
220.5,5.5,1213.0,NORMAL,System Normal ✅,Stable,Normal
219.3,4.18,917.0,NORMAL,System Normal ✅,Stable,Normal
210.8,4.73,997.0,NORMAL,System Normal ✅,Stable,Normal
220.1,4.86,1070.0,NORMAL,System Normal ✅,Stable,Normal
235.6,4.78,1126.0,WARNING,High Voltage ⚠️,System Load Increasing,Normal
226.7,5.35,1213.0,NORMAL,System Normal ✅,Stable,Normal
236.8,4.52,1070.0,WARNING,High Voltage ⚠️,System Load Increasing,Normal
228.6,4.29,981.0,NORMAL,System Normal ✅,Stable,Normal
221.7,4.41,978.0,NORMAL,System Normal ✅,Stable,Normal
233.3,5.37,1253.0,NORMAL,System Normal ✅,System Load Increasing,Normal
231.4,4.11,951.0,NORMAL,System Normal ✅,System Load Increasing,Normal
224.1,4.37,979.0,NORMAL,System Normal ✅,Stable,Normal
221.7,4.6,1020.0,NORMAL,System Normal ✅,Stable,Normal
234.3,5.59,1310.0,NORMAL,System Normal ✅,System Load Increasing,Normal
217.0,4.79,1039.0,NORMAL,System Normal ✅,Stable,Normal
230.2,5.65,1301.0,NORMAL,System Normal ✅,Stable,Normal
217.2,5.47,1188.0,NORMAL,System Normal ✅,Stable,Normal
227.2,4.3,977.0,NORMAL,System Normal ✅,Stable,Normal
215.3,5.7,1227.0,NORMAL,System Normal ✅,Stable,Normal
233.9,5.2,1216.0,NORMAL,System Normal ✅,System Load Increasing,Normal
226.9,5.42,1230.0,NORMAL,System Normal ✅,Stable,Normal
221.1,4.15,918.0,NORMAL,System Normal ✅,Stable,Normal
231.6,5.1,1181.0,NORMAL,System Normal ✅,Stable,Normal
237.7,4.72,1122.0,WARNING,High Voltage ⚠️,System Load Increasing,Normal
225.1,4.9,1103.0,NORMAL,System Normal ✅,Stable,Normal
236.1,5.59,1320.0,WARNING,High Voltage ⚠️,System Load Increasing,Normal
212.9,4.96,1056.0,NORMAL,System Normal ✅,Stable,Normal
221.1,4.34,960.0,NORMAL,System Normal ✅,Stable,Normal
211.7,5.49,1162.0,NORMAL,System Normal ✅,Stable,Normal
239.7,4.89,1172.0,CRITICAL,High Voltage ⚠️,System Load Increasing,Normal
227.4,5.52,1255.0,NORMAL,System Normal ✅,Stable,Normal
211.0,5.85,1234.0,NORMAL,System Normal ✅,Stable,Normal
212.3,5.26,1117.0,NORMAL,System Normal ✅,Stable,Normal
237.7,5.6,1331.0,WARNING,High Voltage ⚠️,System Load Increasing,Normal
219.6,4.02,883.0,NORMAL,System Normal ✅,Stable,Normal
222.4,5.61,1248.0,NORMAL,System Normal ✅,Stable,Normal
212.0,4.05,859.0,NORMAL,System Normal ✅,Stable,Normal
220.7,5.14,1134.0,NORMAL,System Normal ✅,Stable,Normal
228.3,4.35,993.0,NORMAL,System Normal ✅,Stable,Normal
221.9,5.62,1247.0,NORMAL,System Normal ✅,Stable,Normal
219.7,4.04,888.0,NORMAL,System Normal ✅,Stable,Normal
231.3,5.37,1242.0,NORMAL,System Normal ✅,System Load Increasing,Normal
226.6,5.76,1305.0,NORMAL,System Normal ✅,Stable,Normal
212.2,4.2,891.0,NORMAL,System Normal ✅,Stable,Normal
231.9,4.77,1106.0,NORMAL,System Normal ✅,System Load Increasing,Normal
230.8,4.06,937.0,NORMAL,System Normal ✅,System Load Increasing,Normal
224.6,4.05,910.0,NORMAL,System Normal ✅,Stable,Normal
229.2,4.78,1096.0,NORMAL,System Normal ✅,System Load Increasing,Normal
233.3,5.41,1262.0,NORMAL,System Normal ✅,System Load Increasing,Normal
228.6,4.8,1097.0,NORMAL,System Normal ✅,Stable,Normal
230.0,4.17,959.0,NORMAL,System Normal ✅,System Load Increasing,Normal
223.4,4.73,1057.0,NORMAL,System Normal ✅,Stable,Normal
221.4,4.61,1021.0,NORMAL,System Normal ✅,Stable,Normal
221.0,5.67,1253.0,NORMAL,System Normal ✅,Stable,Normal
216.7,4.05,878.0,NORMAL,System Normal ✅,Stable,Normal
235.8,4.57,1078.0,WARNING,High Voltage ⚠️,System Load Increasing,Normal
233.4,4.51,1053.0,NORMAL,System Normal ✅,System Load Increasing,Normal
236.9,5.56,1317.0,WARNING,High Voltage ⚠️,System Load Increasing,Normal
229.8,4.98,1144.0,NORMAL,System Normal ✅,Stable,Normal
228.8,5.08,1162.0,NORMAL,System Normal ✅,Stable,Normal
233.5,5.6,1308.0,NORMAL,System Normal ✅,System Load Increasing,Normal
214.0,4.67,999.0,NORMAL,System Normal ✅,Stable,Normal
230.9,4.54,1048.0,NORMAL,System Normal ✅,Stable,Normal
214.4,5.71,1224.0,NORMAL,System Normal ✅,Stable,Normal
219.0,5.39,1180.0,NORMAL,System Normal ✅,Stable,Normal
213.2,5.62,1198.0,NORMAL,System Normal ✅,Stable,Normal
221.7,5.79,1284.0,NORMAL,System Normal ✅,Stable,Normal
218.0,4.78,1042.0,NORMAL,System Normal ✅,Stable,Normal
237.8,5.12,1218.0,WARNING,High Voltage ⚠️,System Load Increasing,Normal
225.3,5.62,1266.0,NORMAL,System Normal ✅,Stable,Normal
224.9,4.99,1122.0,NORMAL,System Normal ✅,Stable,Normal
216.2,5.27,1139.0,NORMAL,System Normal ✅,Stable,Normal
235.1,4.56,1072.0,WARNING,High Voltage ⚠️,System Load Increasing,Normal
236.2,4.36,1030.0,WARNING,High Voltage ⚠️,System Load Increasing,Normal
232.3,4.69,1089.0,NORMAL,System Normal ✅,System Load Increasing,Normal
227.9,5.52,1258.0,NORMAL,System Normal ✅,Stable,Normal
236.7,4.44,1051.0,WARNING,High Voltage ⚠️,System Load Increasing,Normal
215.7,4.88,1053.0,NORMAL,System Normal ✅,Stable,Normal
216.9,4.16,902.0,NORMAL,System Normal ✅,Stable,Normal
236.6,4.86,1150.0,WARNING,High Voltage ⚠️,System Load Increasing,Normal
237.6,5.66,1345.0,WARNING,High Voltage ⚠️,System Load Increasing,Normal
235.5,5.72,1347.0,WARNING,High Voltage ⚠️,System Load Increasing,Normal
220.1,5.55,1222.0,NORMAL,System Normal ✅,Stable,Normal
211.2,4.96,1048.0,NORMAL,System Normal ✅,Stable,Normal
214.4,4.43,950.0,NORMAL,System Normal ✅,Stable,Normal
212.2,5.87,1246.0,NORMAL,System Normal ✅,Stable,Normal
221.8,5.51,1222.0,NORMAL,System Normal ✅,Stable,Normal
210.6,4.11,866.0,NORMAL,System Normal ✅,Stable,Normal
235.0,4.29,1008.0,NORMAL,System Normal ✅,System Load Increasing,Normal
235.3,5.2,1224.0,WARNING,High Voltage ⚠️,System Load Increasing,Normal
234.8,4.93,1158.0,NORMAL,System Normal ✅,System Load Increasing,Normal
212.2,5.09,1080.0,NORMAL,System Normal ✅,Stable,Normal
225.6,4.1,925.0,NORMAL,System Normal ✅,Stable,Normal
216.1,4.55,983.0,NORMAL,System Normal ✅,Stable,Normal
227.7,4.51,1027.0,NORMAL,System Normal ✅,Stable,Normal
222.8,5.66,1261.0,NORMAL,System Normal ✅,Stable,Normal
212.8,4.07,866.0,NORMAL,System Normal ✅,Stable,Normal
225.2,4.39,989.0,NORMAL,System Normal ✅,Stable,Normal
223.4,4.58,1023.0,NORMAL,System Normal ✅,Stable,Normal
216.9,4.1,889.0,NORMAL,System Normal ✅,Stable,Normal
234.4,5.36,1256.0,NORMAL,System Normal ✅,System Load Increasing,Normal
226.0,4.85,1096.0,NORMAL,System Normal ✅,Stable,Normal
235.9,5.47,1290.0,WARNING,High Voltage ⚠️,System Load Increasing,Normal
213.0,4.33,922.0,NORMAL,System Normal ✅,Stable,Normal
214.2,5.74,1230.0,NORMAL,System Normal ✅,Stable,Normal
218.6,5.49,1200.0,NORMAL,System Normal ✅,Stable,Normal
240.0,4.88,1171.0,CRITICAL,High Voltage ⚠️,System Load Increasing,Normal
220.6,5.75,1268.0,NORMAL,System Normal ✅,Stable,Normal
239.5,4.14,992.0,CRITICAL,High Voltage ⚠️,System Load Increasing,Normal
239.1,4.77,1141.0,CRITICAL,High Voltage ⚠️,System Load Increasing,Normal
220.1,5.09,1120.0,NORMAL,System Normal ✅,Stable,Normal
211.3,5.84,1234.0,NORMAL,System Normal ✅,Stable,Normal
210.9,5.76,1215.0,NORMAL,System Normal ✅,Stable,Normal
214.3,4.5,964.0,NORMAL,System Normal ✅,Stable,Normal
220.7,4.68,1033.0,NORMAL,System Normal ✅,Stable,Normal
226.1,4.34,981.0,NORMAL,System Normal ✅,Stable,Normal
224.8,5.68,1277.0,NORMAL,System Normal ✅,Stable,Normal
219.6,4.45,977.0,NORMAL,System Normal ✅,Stable,Normal
234.6,5.26,1234.0,NORMAL,System Normal ✅,System Load Increasing,Normal
233.3,5.34,1246.0,NORMAL,System Normal ✅,System Load Increasing,Normal
218.6,5.09,1113.0,NORMAL,System Normal ✅,Stable,Normal
227.8,5.3,1207.0,NORMAL,System Normal ✅,Stable,Normal
213.6,4.91,1049.0,NORMAL,System Normal ✅,Stable,Normal
213.5,5.93,1266.0,NORMAL,System Normal ✅,Stable,Normal
219.3,5.81,1274.0,NORMAL,System Normal ✅,Stable,Normal
212.2,4.86,1031.0,NORMAL,System Normal ✅,Stable,Normal
236.4,5.87,1388.0,WARNING,High Voltage ⚠️,System Load Increasing,Normal
223.8,5.17,1157.0,NORMAL,System Normal ✅,Stable,Normal
220.5,4.04,891.0,NORMAL,System Normal ✅,Stable,Normal
227.7,5.66,1289.0,NORMAL,System Normal ✅,System Load Increasing,Normal
229.1,5.14,1178.0,NORMAL,System Normal ✅,System Load Increasing,Normal
237.3,4.48,1063.0,WARNING,High Voltage ⚠️,System Load Increasing,Normal
234.4,5.36,1256.0,NORMAL,System Normal ✅,System Load Increasing,Normal
224.8,5.68,1277.0,NORMAL,System Normal ✅,Stable,Normal
222.4,4.13,919.0,NORMAL,System Normal ✅,Stable,Normal
238.4,4.57,1089.0,CRITICAL,High Voltage ⚠️,System Load Increasing,Normal
212.2,4.13,876.0,NORMAL,System Normal ✅,Stable,Normal
226.8,5.67,1286.0,NORMAL,System Normal ✅,Stable,Normal
232.9,5.79,1348.0,NORMAL,System Normal ✅,System Load Increasing,Normal
230.1,5.98,1376.0,NORMAL,System Normal ✅,System Load Increasing,Normal
234.0,4.78,1119.0,NORMAL,System Normal ✅,System Load Increasing,Normal
238.8,5.55,1325.0,CRITICAL,High Voltage ⚠️,System Load Increasing,Normal
236.0,5.03,1187.0,WARNING,High Voltage ⚠️,System Load Increasing,Normal
229.9,5.19,1193.0,NORMAL,System Normal ✅,Stable,Normal
235.1,4.08,959.0,WARNING,High Voltage ⚠️,System Load Increasing,Normal
227.4,4.63,1053.0,NORMAL,System Normal ✅,Stable,Normal
217.7,4.17,908.0,NORMAL,System Normal ✅,Stable,Normal
214.0,5.18,1109.0,NORMAL,System Normal ✅,Stable,Normal
231.7,4.33,1003.0,NORMAL,System Normal ✅,Stable,Normal
219.6,4.72,1037.0,NORMAL,System Normal ✅,Stable,Normal
210.7,5.76,1214.0,NORMAL,System Normal ✅,Stable,Normal
233.0,4.14,965.0,NORMAL,System Normal ✅,System Load Increasing,Normal
211.9,5.51,1168.0,NORMAL,System Normal ✅,Stable,Normal
220.1,5.71,1257.0,NORMAL,System Normal ✅,Stable,Normal
230.3,5.2,1198.0,NORMAL,System Normal ✅,Stable,Normal
228.5,4.73,1081.0,NORMAL,System Normal ✅,Stable,Normal
226.9,4.67,1060.0,NORMAL,System Normal ✅,Stable,Normal
235.5,5.41,1274.0,WARNING,High Voltage ⚠️,System Load Increasing,Normal
216.8,4.08,885.0,NORMAL,System Normal ✅,Stable,Normal
229.2,5.39,1235.0,NORMAL,System Normal ✅,Stable,Normal
235.5,5.26,1239.0,WARNING,High Voltage ⚠️,System Load Increasing,Normal
236.2,4.41,1042.0,WARNING,High Voltage ⚠️,System Load Increasing,Normal
239.6,4.08,978.0,CRITICAL,High Voltage ⚠️,System Load Increasing,Normal
229.0,5.45,1248.0,NORMAL,System Normal ✅,Stable,Normal
232.3,5.3,1231.0,NORMAL,System Normal ✅,System Load Increasing,Normal
213.1,5.66,1206.0,NORMAL,System Normal ✅,Stable,Normal
232.6,5.64,1312.0,NORMAL,System Normal ✅,System Load Increasing,Normal
212.9,4.18,890.0,NORMAL,System Normal ✅,Stable,Normal
223.7,5.55,1242.0,NORMAL,System Normal ✅,Stable,Normal
235.6,5.41,1275.0,WARNING,High Voltage ⚠️,System Load Increasing,Normal
235.2,4.2,988.0,WARNING,High Voltage ⚠️,System Load Increasing,Normal
231.0,4.92,1137.0,NORMAL,System Normal ✅,Stable,Normal
211.2,4.19,885.0,NORMAL,System Normal ✅,Stable,Normal
220.6,5.23,1154.0,NORMAL,System Normal ✅,Stable,Normal
230.3,4.36,1004.0,NORMAL,System Normal ✅,Stable,Normal
210.2,4.85,1019.0,NORMAL,System Normal ✅,Stable,Normal
227.8,4.13,941.0,NORMAL,System Normal ✅,Stable,Normal
229.1,4.91,1125.0,NORMAL,System Normal ✅,Stable,Normal
233.7,4.8,1122.0,NORMAL,System Normal ✅,System Load Increasing,Normal
225.3,5.73,1291.0,NORMAL,System Normal ✅,Stable,Normal
238.1,5.01,1193.0,CRITICAL,High Voltage ⚠️,System Load Increasing,Normal
221.5,4.32,957.0,NORMAL,System Normal ✅,Stable,Normal
225.5,4.44,1001.0,NORMAL,System Normal ✅,Stable,Normal
238.1,5.5,1310.0,CRITICAL,High Voltage ⚠️,System Load Increasing,Normal
222.3,5.66,1258.0,NORMAL,System Normal ✅,Stable,Normal
231.7,4.68,1084.0,NORMAL,System Normal ✅,Stable,Normal
218.8,5.93,1297.0,NORMAL,System Normal ✅,Stable,Normal
215.8,5.06,1092.0,NORMAL,System Normal ✅,Stable,Normal
210.7,5.07,1068.0,NORMAL,System Normal ✅,Stable,Normal
230.0,5.01,1152.0,NORMAL,System Normal ✅,Stable,Normal
231.5,5.88,1361.0,NORMAL,System Normal ✅,System Load Increasing,Normal
231.0,5.33,1231.0,NORMAL,System Normal ✅,System Load Increasing,Normal
212.9,4.67,994.0,NORMAL,System Normal ✅,Stable,Normal
220.6,5.44,1200.0,NORMAL,System Normal ✅,Stable,Normal
239.0,5.35,1279.0,CRITICAL,High Voltage ⚠️,System Load Increasing,Normal
238.3,4.36,1039.0,CRITICAL,High Voltage ⚠️,System Load Increasing,Normal
223.3,5.41,1208.0,NORMAL,System Normal ✅,Stable,Normal
227.8,5.83,1328.0,NORMAL,System Normal ✅,Stable,Normal
238.4,4.72,1125.0,CRITICAL,High Voltage ⚠️,System Load Increasing,Normal
232.7,4.48,1042.0,NORMAL,System Normal ✅,System Load Increasing,Normal
210.5,4.18,880.0,NORMAL,System Normal ✅,Stable,Normal
236.4,4.8,1135.0,WARNING,High Voltage ⚠️,System Load Increasing,Normal
237.8,5.4,1284.0,WARNING,High Voltage ⚠️,System Load Increasing,Normal
232.7,4.35,1012.0,NORMAL,System Normal ✅,System Load Increasing,Normal
237.6,5.22,1240.0,WARNING,High Voltage ⚠️,System Load Increasing,Normal
235.7,5.49,1294.0,WARNING,High Voltage ⚠️,System Load Increasing,Normal
222.3,5.36,1192.0,NORMAL,System Normal ✅,Stable,Normal
210.3,5.04,1060.0,NORMAL,System Normal ✅,Stable,Normal
222.7,5.18,1154.0,NORMAL,System Normal ✅,Stable,Normal
212.6,5.74,1220.0,NORMAL,System Normal ✅,Stable,Normal
218.9,5.96,1305.0,NORMAL,System Normal ✅,Stable,Normal
239.7,4.44,1064.0,CRITICAL,High Voltage ⚠️,System Load Increasing,Normal
221.6,5.67,1256.0,NORMAL,System Normal ✅,Stable,Normal
215.7,5.55,1197.0,NORMAL,System Normal ✅,Stable,Normal
213.8,4.5,962.0,NORMAL,System Normal ✅,Stable,Normal
225.1,4.9,1103.0,NORMAL,System Normal ✅,Stable,Normal
215.0,5.37,1155.0,NORMAL,System Normal ✅,Stable,Normal
214.0,5.35,1145.0,NORMAL,System Normal ✅,Stable,Normal
213.4,5.19,1108.0,NORMAL,System Normal ✅,Stable,Normal
237.0,5.14,1218.0,WARNING,High Voltage ⚠️,System Load Increasing,Normal
234.4,5.87,1376.0,NORMAL,System Normal ✅,System Load Increasing,Normal
234.5,5.33,1250.0,NORMAL,System Normal ✅,System Load Increasing,Normal
232.1,5.85,1358.0,NORMAL,System Normal ✅,System Load Increasing,Normal
238.5,4.2,1002.0,CRITICAL,High Voltage ⚠️,System Load Increasing,Normal
222.0,5.05,1121.0,NORMAL,System Normal ✅,Stable,Normal
236.5,5.59,1322.0,WARNING,High Voltage ⚠️,System Load Increasing,Normal
223.5,5.39,1205.0,NORMAL,System Normal ✅,Stable,Normal
212.8,5.17,1100.0,NORMAL,System Normal ✅,Stable,Normal
226.0,5.85,1322.0,NORMAL,System Normal ✅,Stable,Normal
214.2,4.52,968.0,NORMAL,System Normal ✅,Stable,Normal
237.2,5.98,1418.0,WARNING,High Voltage ⚠️,System Load Increasing,Normal
228.7,5.72,1308.0,NORMAL,System Normal ✅,Stable,Normal
218.8,5.04,1103.0,NORMAL,System Normal ✅,Stable,Normal
219.8,4.38,963.0,NORMAL,System Normal ✅,Stable,Normal
216.0,5.5,1188.0,NORMAL,System Normal ✅,Stable,Normal
231.4,5.72,1324.0,NORMAL,System Normal ✅,System Load Increasing,Normal
216.4,5.95,1288.0,NORMAL,System Normal ✅,Stable,Normal
228.7,4.48,1025.0,NORMAL,System Normal ✅,Stable,Normal
236.2,4.29,1013.0,WARNING,High Voltage ⚠️,System Load Increasing,Normal
233.3,4.52,1055.0,NORMAL,System Normal ✅,System Load Increasing,Normal
217.4,5.68,1235.0,NORMAL,System Normal ✅,Stable,Normal
238.0,4.6,1095.0,WARNING,High Voltage ⚠️,System Load Increasing,Normal
212.5,5.58,1186.0,NORMAL,System Normal ✅,Stable,Normal
230.8,5.29,1221.0,NORMAL,System Normal ✅,System Load Increasing,Normal
235.8,4.83,1139.0,WARNING,High Voltage ⚠️,System Load Increasing,Normal
223.6,4.8,1073.0,NORMAL,System Normal ✅,Stable,Normal
212.2,4.94,1048.0,NORMAL,System Normal ✅,Stable,Normal
222.7,4.07,906.0,NORMAL,System Normal ✅,Stable,Normal
218.9,4.91,1075.0,NORMAL,System Normal ✅,Stable,Normal
215.1,4.76,1024.0,NORMAL,System Normal ✅,Stable,Normal
217.9,5.94,1294.0,NORMAL,System Normal ✅,Stable,Normal
237.6,4.57,1086.0,WARNING,High Voltage ⚠️,System Load Increasing,Normal
236.6,5.87,1389.0,WARNING,High Voltage ⚠️,System Load Increasing,Normal
211.3,5.87,1240.0,NORMAL,System Normal ✅,Stable,Normal
221.7,5.17,1146.0,NORMAL,System Normal ✅,Stable,Normal
222.5,4.09,910.0,NORMAL,System Normal ✅,Stable,Normal
224.8,5.14,1155.0,NORMAL,System Normal ✅,Stable,Normal
213.4,4.32,922.0,NORMAL,System Normal ✅,Stable,Normal
234.5,4.11,964.0,NORMAL,System Normal ✅,System Load Increasing,Normal
234.1,5.77,1351.0,NORMAL,System Normal ✅,System Load Increasing,Normal
236.2,4.36,1030.0,WARNING,High Voltage ⚠️,System Load Increasing,Normal
212.5,5.09,1082.0,NORMAL,System Normal ✅,Stable,Normal
234.0,5.89,1378.0,NORMAL,System Normal ✅,System Load Increasing,Normal
235.2,4.11,967.0,WARNING,High Voltage ⚠️,System Load Increasing,Normal
232.2,5.61,1303.0,NORMAL,System Normal ✅,System Load Increasing,Normal
212.1,4.16,882.0,NORMAL,System Normal ✅,Stable,Normal
213.3,5.65,1205.0,NORMAL,System Normal ✅,Stable,Normal
238.9,5.65,1350.0,CRITICAL,High Voltage ⚠️,System Load Increasing,Normal
220.8,5.7,1259.0,NORMAL,System Normal ✅,Stable,Normal
224.8,5.81,1306.0,NORMAL,System Normal ✅,Stable,Normal
223.0,5.39,1202.0,NORMAL,System Normal ✅,Stable,Normal
224.4,4.81,1079.0,NORMAL,System Normal ✅,Stable,Normal
228.2,4.62,1054.0,NORMAL,System Normal ✅,Stable,Normal
235.3,4.37,1028.0,WARNING,High Voltage ⚠️,System Load Increasing,Normal
212.8,5.8,1234.0,NORMAL,System Normal ✅,Stable,Normal
217.3,4.48,974.0,NORMAL,System Normal ✅,Stable,Normal
211.6,5.65,1196.0,NORMAL,System Normal ✅,Stable,Normal
234.2,4.02,941.0,NORMAL,System Normal ✅,System Load Increasing,Normal
229.1,5.21,1194.0,NORMAL,System Normal ✅,Stable,Normal
235.9,4.56,1076.0,WARNING,High Voltage ⚠️,System Load Increasing,Normal
226.1,5.35,1210.0,NORMAL,System Normal ✅,Stable,Normal
234.9,5.64,1325.0,NORMAL,System Normal ✅,System Load Increasing,Normal
222.9,4.23,943.0,NORMAL,System Normal ✅,Stable,Normal
229.6,4.35,999.0,NORMAL,System Normal ✅,Stable,Normal
239.2,4.48,1072.0,CRITICAL,High Voltage ⚠️,System Load Increasing,Normal
214.3,4.08,874.0,NORMAL,System Normal ✅,Stable,Normal
228.7,5.35,1224.0,NORMAL,System Normal ✅,Stable,Normal
218.1,5.22,1138.0,NORMAL,System Normal ✅,Stable,Normal
229.7,5.48,1259.0,NORMAL,System Normal ✅,Stable,Normal
239.6,5.33,1277.0,CRITICAL,High Voltage ⚠️,System Load Increasing,Normal
216.2,4.87,1053.0,NORMAL,System Normal ✅,Stable,Normal
238.0,4.58,1090.0,WARNING,High Voltage ⚠️,System Load Increasing,Normal
238.2,5.22,1243.0,CRITICAL,High Voltage ⚠️,System Load Increasing,Normal
220.0,4.68,1030.0,NORMAL,System Normal ✅,Stable,Normal
215.8,5.63,1215.0,NORMAL,System Normal ✅,Stable,Normal
212.0,5.18,1098.0,NORMAL,System Normal ✅,Stable,Normal
210.5,4.74,998.0,NORMAL,System Normal ✅,Stable,Normal
235.7,4.32,1018.0,WARNING,High Voltage ⚠️,System Load Increasing,Normal
223.2,5.13,1145.0,NORMAL,System Normal ✅,Stable,Normal
213.5,5.24,1119.0,NORMAL,System Normal ✅,Stable,Normal
227.4,6.0,1364.0,NORMAL,System Normal ✅,Stable,Normal
239.3,5.51,1319.0,CRITICAL,High Voltage ⚠️,System Load Increasing,Normal
211.9,4.28,907.0,NORMAL,System Normal ✅,Stable,Normal
219.4,5.8,1273.0,NORMAL,System Normal ✅,Stable,Normal
217.8,4.5,980.0,NORMAL,System Normal ✅,Stable,Normal
228.1,4.29,979.0,NORMAL,System Normal ✅,Stable,Normal
221.7,4.37,969.0,NORMAL,System Normal ✅,Stable,Normal
214.0,4.18,895.0,NORMAL,System Normal ✅,Stable,Normal
211.6,4.98,1054.0,NORMAL,System Normal ✅,Stable,Normal
229.7,5.74,1318.0,NORMAL,System Normal ✅,System Load Increasing,Normal
239.2,4.71,1127.0,CRITICAL,High Voltage ⚠️,System Load Increasing,Normal
210.5,4.94,1040.0,NORMAL,System Normal ✅,Stable,Normal
222.0,5.25,1166.0,NORMAL,System Normal ✅,Stable,Normal
224.1,4.24,950.0,NORMAL,System Normal ✅,Stable,Normal
217.8,4.43,965.0,NORMAL,System Normal ✅,Stable,Normal
224.8,5.07,1140.0,NORMAL,System Normal ✅,Stable,Normal
223.4,4.52,1010.0,NORMAL,System Normal ✅,Stable,Normal
223.2,5.53,1234.0,NORMAL,System Normal ✅,Stable,Normal
235.7,4.94,1164.0,WARNING,High Voltage ⚠️,System Load Increasing,Normal
232.0,4.91,1139.0,NORMAL,System Normal ✅,System Load Increasing,Normal
212.7,4.37,929.0,NORMAL,System Normal ✅,Stable,Normal
232.5,5.52,1283.0,NORMAL,System Normal ✅,System Load Increasing,Normal
228.8,4.62,1057.0,NORMAL,System Normal ✅,System Load Increasing,Normal
210.2,4.86,1022.0,NORMAL,System Normal ✅,Stable,Normal
212.5,5.95,1264.0,NORMAL,System Normal ✅,Stable,Normal
221.6,5.76,1276.0,NORMAL,System Normal ✅,Stable,Normal
236.8,5.35,1267.0,WARNING,High Voltage ⚠️,System Load Increasing,Normal
214.1,5.33,1141.0,NORMAL,System Normal ✅,Stable,Normal
218.7,5.18,1133.0,NORMAL,System Normal ✅,Stable,Normal
212.5,4.57,971.0,NORMAL,System Normal ✅,Stable,Normal
229.7,4.44,1020.0,NORMAL,System Normal ✅,System Load Increasing,Normal
210.2,5.86,1232.0,NORMAL,System Normal ✅,Stable,Normal
218.4,5.97,1304.0,NORMAL,System Normal ✅,Stable,Normal
216.2,4.19,906.0,NORMAL,System Normal ✅,Stable,Normal
215.6,5.33,1149.0,NORMAL,System Normal ✅,Stable,Normal
228.2,4.03,920.0,NORMAL,System Normal ✅,System Load Increasing,Normal
213.8,5.7,1219.0,NORMAL,System Normal ✅,Stable,Normal
233.9,5.63,1317.0,NORMAL,System Normal ✅,System Load Increasing,Normal
214.2,5.87,1257.0,NORMAL,System Normal ✅,Stable,Normal
225.2,4.8,1081.0,NORMAL,System Normal ✅,Stable,Normal
224.3,5.81,1303.0,NORMAL,System Normal ✅,Stable,Normal
239.5,4.34,1039.0,CRITICAL,High Voltage ⚠️,Voltage Spike Risk,Anomaly 🚨
221.6,5.06,1121.0,NORMAL,System Normal ✅,Stable,Normal
214.2,5.12,1097.0,NORMAL,System Normal ✅,Stable,Normal
229.2,5.33,1222.0,NORMAL,System Normal ✅,System Load Increasing,Normal
216.9,5.22,1132.0,NORMAL,System Normal ✅,Stable,Normal
229.2,5.57,1277.0,NORMAL,System Normal ✅,System Load Increasing,Normal
234.2,5.36,1255.0,NORMAL,System Normal ✅,System Load Increasing,Normal
222.4,5.13,1141.0,NORMAL,System Normal ✅,Stable,Normal
232.1,4.94,1147.0,NORMAL,System Normal ✅,System Load Increasing,Normal
233.2,4.29,1000.0,NORMAL,System Normal ✅,System Load Increasing,Normal
239.9,5.93,1423.0,CRITICAL,High Voltage ⚠️,System Load Increasing,Normal
218.6,4.99,1091.0,NORMAL,System Normal ✅,Stable,Normal
216.2,5.81,1256.0,NORMAL,System Normal ✅,Stable,Normal
231.8,5.02,1164.0,NORMAL,System Normal ✅,System Load Increasing,Normal
225.9,4.02,908.0,NORMAL,System Normal ✅,Stable,Normal
228.7,5.2,1189.0,NORMAL,System Normal ✅,Stable,Normal
210.9,5.11,1078.0,NORMAL,System Normal ✅,Stable,Normal
225.5,4.43,999.0,NORMAL,System Normal ✅,Stable,Normal
225.8,5.47,1235.0,NORMAL,System Normal ✅,Stable,Normal
230.2,5.91,1360.0,NORMAL,System Normal ✅,Stable,Normal
214.0,5.53,1183.0,NORMAL,System Normal ✅,Stable,Normal
214.1,4.59,983.0,NORMAL,System Normal ✅,Stable,Normal
213.4,4.3,918.0,NORMAL,System Normal ✅,Stable,Normal
223.1,5.22,1165.0,NORMAL,System Normal ✅,Stable,Normal
229.6,4.68,1075.0,NORMAL,System Normal ✅,Stable,Normal
214.9,4.45,956.0,NORMAL,System Normal ✅,Stable,Normal
236.9,4.61,1092.0,WARNING,High Voltage ⚠️,System Load Increasing,Normal
218.7,5.84,1277.0,NORMAL,System Normal ✅,Stable,Normal
233.5,4.55,1062.0,NORMAL,System Normal ✅,System Load Increasing,Normal
233.1,5.85,1364.0,NORMAL,System Normal ✅,System Load Increasing,Normal
215.4,4.16,896.0,NORMAL,System Normal ✅,Stable,Normal
213.0,5.14,1095.0,NORMAL,System Normal ✅,Stable,Normal
239.7,5.3,1270.0,CRITICAL,High Voltage ⚠️,System Load Increasing,Normal
232.3,5.35,1243.0,NORMAL,System Normal ✅,System Load Increasing,Normal
221.3,4.73,1047.0,NORMAL,System Normal ✅,Stable,Normal
217.6,5.43,1182.0,NORMAL,System Normal ✅,Stable,Normal
228.9,5.8,1328.0,NORMAL,System Normal ✅,Stable,Normal
226.5,4.13,935.0,NORMAL,System Normal ✅,Stable,Normal
237.6,4.65,1105.0,WARNING,High Voltage ⚠️,System Load Increasing,Normal
220.2,4.57,1006.0,NORMAL,System Normal ✅,Stable,Normal
217.5,4.75,1033.0,NORMAL,System Normal ✅,Stable,Normal
238.4,5.19,1237.0,CRITICAL,High Voltage ⚠️,System Load Increasing,Normal
229.5,5.72,1313.0,NORMAL,System Normal ✅,Stable,Normal
210.9,4.7,991.0,NORMAL,System Normal ✅,Stable,Normal
226.8,4.38,993.0,NORMAL,System Normal ✅,Stable,Normal
214.4,4.89,1048.0,NORMAL,System Normal ✅,Stable,Normal
226.5,4.04,915.0,NORMAL,System Normal ✅,Stable,Normal
226.7,5.77,1308.0,NORMAL,System Normal ✅,Stable,Normal
235.0,5.82,1368.0,NORMAL,System Normal ✅,System Load Increasing,Normal
215.3,5.92,1275.0,NORMAL,System Normal ✅,Stable,Normal
211.2,5.5,1162.0,NORMAL,System Normal ✅,Stable,Normal
222.9,4.42,985.0,NORMAL,System Normal ✅,Stable,Normal
215.4,5.23,1127.0,NORMAL,System Normal ✅,Stable,Normal
222.8,5.98,1332.0,NORMAL,System Normal ✅,Stable,Normal
220.6,4.96,1094.0,NORMAL,System Normal ✅,Stable,Normal
220.8,4.03,890.0,NORMAL,System Normal ✅,Stable,Normal
211.9,5.67,1201.0,NORMAL,System Normal ✅,Stable,Normal
223.6,4.41,986.0,NORMAL,System Normal ✅,Stable,Normal
233.5,4.84,1130.0,NORMAL,System Normal ✅,System Load Increasing,Normal
212.4,5.63,1196.0,NORMAL,System Normal ✅,Stable,Normal
221.0,4.68,1034.0,NORMAL,System Normal ✅,Stable,Normal
229.0,5.7,1305.0,NORMAL,System Normal ✅,System Load Increasing,Normal
231.9,4.87,1129.0,NORMAL,System Normal ✅,System Load Increasing,Normal
235.6,4.98,1173.0,WARNING,High Voltage ⚠️,System Load Increasing,Normal
212.2,4.33,919.0,NORMAL,System Normal ✅,Stable,Normal
229.0,4.76,1090.0,NORMAL,System Normal ✅,System Load Increasing,Normal
216.0,4.35,940.0,NORMAL,System Normal ✅,Stable,Normal
227.7,5.28,1202.0,NORMAL,System Normal ✅,System Load Increasing,Normal
210.3,4.52,951.0,NORMAL,System Normal ✅,Stable,Normal
237.6,5.35,1271.0,WARNING,High Voltage ⚠️,System Load Increasing,Normal
222.4,4.48,996.0,NORMAL,System Normal ✅,Stable,Normal
233.9,5.99,1401.0,NORMAL,System Normal ✅,System Load Increasing,Normal
217.5,4.27,929.0,NORMAL,System Normal ✅,Stable,Normal
214.6,4.16,893.0,NORMAL,System Normal ✅,Stable,Normal
224.0,4.28,959.0,NORMAL,System Normal ✅,Stable,Normal
221.1,5.14,1136.0,NORMAL,System Normal ✅,Stable,Normal
235.0,4.54,1067.0,NORMAL,System Normal ✅,System Load Increasing,Normal
219.7,5.5,1208.0,NORMAL,System Normal ✅,Stable,Normal
213.9,5.17,1106.0,NORMAL,System Normal ✅,Stable,Normal
222.5,5.64,1255.0,NORMAL,System Normal ✅,Stable,Normal
235.0,4.0,940.0,NORMAL,System Normal ✅,System Load Increasing,Normal
236.8,5.76,1364.0,WARNING,High Voltage ⚠️,System Load Increasing,Normal
216.2,4.34,938.0,NORMAL,System Normal ✅,Stable,Normal
236.9,4.08,967.0,WARNING,High Voltage ⚠️,System Load Increasing,Normal
224.8,4.33,973.0,NORMAL,System Normal ✅,Stable,Normal
215.4,4.28,922.0,NORMAL,System Normal ✅,Stable,Normal
239.7,5.31,1273.0,CRITICAL,High Voltage ⚠️,System Load Increasing,Normal
235.9,4.29,1012.0,WARNING,High Voltage ⚠️,System Load Increasing,Normal
215.6,5.02,1082.0,NORMAL,System Normal ✅,Stable,Normal
231.5,5.61,1299.0,NORMAL,System Normal ✅,System Load Increasing,Normal
211.8,4.11,870.0,NORMAL,System Normal ✅,Stable,Normal
221.5,5.39,1194.0,NORMAL,System Normal ✅,Stable,Normal
232.0,5.16,1197.0,NORMAL,System Normal ✅,System Load Increasing,Normal
234.3,4.99,1169.0,NORMAL,System Normal ✅,System Load Increasing,Normal
211.4,4.71,996.0,NORMAL,System Normal ✅,Stable,Normal
215.6,5.06,1091.0,NORMAL,System Normal ✅,Stable,Normal
220.9,4.08,901.0,NORMAL,System Normal ✅,Stable,Normal
232.0,4.98,1155.0,NORMAL,System Normal ✅,System Load Increasing,Normal
222.4,4.69,1043.0,NORMAL,System Normal ✅,Stable,Normal
215.7,4.15,895.0,NORMAL,System Normal ✅,Stable,Normal
213.9,5.56,1189.0,NORMAL,System Normal ✅,Stable,Normal
236.0,5.96,1407.0,WARNING,High Voltage ⚠️,System Load Increasing,Normal
234.0,5.46,1278.0,NORMAL,System Normal ✅,System Load Increasing,Normal
230.4,4.82,1111.0,NORMAL,System Normal ✅,System Load Increasing,Normal
235.2,4.71,1108.0,WARNING,High Voltage ⚠️,System Load Increasing,Normal
223.4,5.54,1238.0,NORMAL,System Normal ✅,Stable,Normal
236.0,4.82,1138.0,WARNING,High Voltage ⚠️,System Load Increasing,Normal
214.7,5.19,1114.0,NORMAL,System Normal ✅,Stable,Normal
213.8,5.72,1223.0,NORMAL,System Normal ✅,Stable,Normal
239.6,5.82,1394.0,CRITICAL,High Voltage ⚠️,System Load Increasing,Normal
232.2,4.34,1008.0,NORMAL,System Normal ✅,System Load Increasing,Normal
220.9,5.56,1228.0,NORMAL,System Normal ✅,Stable,Normal
215.9,4.37,943.0,NORMAL,System Normal ✅,Stable,Normal
236.7,5.25,1243.0,WARNING,High Voltage ⚠️,System Load Increasing,Normal
223.0,4.38,977.0,NORMAL,System Normal ✅,Stable,Normal
224.0,5.39,1207.0,NORMAL,System Normal ✅,Stable,Normal
229.6,6.0,1378.0,NORMAL,System Normal ✅,Stable,Normal
238.3,4.38,1044.0,CRITICAL,High Voltage ⚠️,System Load Increasing,Normal
234.7,4.48,1051.0,NORMAL,System Normal ✅,System Load Increasing,Normal
210.6,4.06,855.0,NORMAL,System Normal ✅,Stable,Normal
233.1,6.0,1399.0,NORMAL,System Normal ✅,Stable,Normal
213.6,4.97,1062.0,NORMAL,System Normal ✅,Stable,Normal
232.3,5.85,1359.0,NORMAL,System Normal ✅,System Load Increasing,Normal
230.5,5.81,1339.0,NORMAL,System Normal ✅,Stable,Normal
231.7,5.75,1332.0,NORMAL,System Normal ✅,Stable,Normal
233.7,4.68,1094.0,NORMAL,System Normal ✅,System Load Increasing,Normal
235.7,4.1,966.0,WARNING,High Voltage ⚠️,System Load Increasing,Normal
236.2,5.82,1375.0,WARNING,High Voltage ⚠️,System Load Increasing,Normal
226.8,4.83,1095.0,NORMAL,System Normal ✅,Stable,Normal
231.9,5.89,1366.0,NORMAL,System Normal ✅,Stable,Normal
215.8,5.92,1278.0,NORMAL,System Normal ✅,Stable,Normal
226.2,4.85,1097.0,NORMAL,System Normal ✅,Stable,Normal
227.1,4.77,1083.0,NORMAL,System Normal ✅,Stable,Normal
214.9,5.53,1188.0,NORMAL,System Normal ✅,Stable,Normal
227.4,5.99,1362.0,NORMAL,System Normal ✅,Stable,Normal
212.2,4.73,1004.0,NORMAL,System Normal ✅,Stable,Normal
219.0,5.91,1294.0,NORMAL,System Normal ✅,Stable,Normal
236.8,4.32,1023.0,WARNING,High Voltage ⚠️,System Load Increasing,Normal
227.9,5.66,1290.0,NORMAL,System Normal ✅,Stable,Normal
227.6,5.11,1163.0,NORMAL,System Normal ✅,Stable,Normal
210.1,4.74,996.0,NORMAL,System Normal ✅,Stable,Normal
235.2,5.64,1327.0,WARNING,High Voltage ⚠️,System Load Increasing,Normal
210.7,4.89,1030.0,NORMAL,System Normal ✅,Stable,Normal
220.9,5.47,1208.0,NORMAL,System Normal ✅,Stable,Normal
222.7,5.26,1171.0,NORMAL,System Normal ✅,Stable,Normal
217.9,5.65,1231.0,NORMAL,System Normal ✅,Stable,Normal
221.7,5.23,1159.0,NORMAL,System Normal ✅,Stable,Normal
211.0,5.5,1160.0,NORMAL,System Normal ✅,Stable,Normal
228.6,5.59,1278.0,NORMAL,System Normal ✅,System Load Increasing,Normal
212.2,4.74,1006.0,NORMAL,System Normal ✅,Stable,Normal
210.9,4.67,985.0,NORMAL,System Normal ✅,Stable,Normal
219.3,4.99,1094.0,NORMAL,System Normal ✅,Stable,Normal
219.8,5.93,1303.0,NORMAL,System Normal ✅,Stable,Normal
215.9,5.24,1131.0,NORMAL,System Normal ✅,Stable,Normal
230.2,5.6,1289.0,NORMAL,System Normal ✅,System Load Increasing,Normal
226.3,5.7,1290.0,NORMAL,System Normal ✅,System Load Increasing,Normal
234.5,5.75,1348.0,NORMAL,System Normal ✅,System Load Increasing,Normal
234.9,5.08,1193.0,NORMAL,System Normal ✅,System Load Increasing,Normal
215.6,5.43,1171.0,NORMAL,System Normal ✅,Stable,Normal
233.7,4.0,935.0,NORMAL,System Normal ✅,System Load Increasing,Normal
229.4,5.3,1216.0,NORMAL,System Normal ✅,System Load Increasing,Normal
230.9,5.64,1302.0,NORMAL,System Normal ✅,System Load Increasing,Normal
214.6,4.78,1026.0,NORMAL,System Normal ✅,Stable,Normal
228.9,4.57,1046.0,NORMAL,System Normal ✅,System Load Increasing,Normal
218.4,5.18,1131.0,NORMAL,System Normal ✅,Stable,Normal
216.5,5.01,1085.0,NORMAL,System Normal ✅,Stable,Normal
222.6,5.25,1169.0,NORMAL,System Normal ✅,Stable,Normal
230.8,5.14,1186.0,NORMAL,System Normal ✅,System Load Increasing,Normal
239.2,4.83,1155.0,CRITICAL,High Voltage ⚠️,System Load Increasing,Normal
216.3,5.54,1198.0,NORMAL,System Normal ✅,Stable,Normal
225.7,5.75,1298.0,NORMAL,System Normal ✅,Stable,Normal
233.2,5.32,1241.0,NORMAL,System Normal ✅,System Load Increasing,Normal
225.8,4.87,1100.0,NORMAL,System Normal ✅,Stable,Normal
217.9,4.41,961.0,NORMAL,System Normal ✅,Stable,Normal
225.3,5.85,1318.0,NORMAL,System Normal ✅,Stable,Normal
230.8,5.37,1239.0,NORMAL,System Normal ✅,Stable,Normal
221.7,5.14,1140.0,NORMAL,System Normal ✅,Stable,Normal
233.1,5.66,1319.0,NORMAL,System Normal ✅,System Load Increasing,Normal
234.6,5.53,1297.0,NORMAL,System Normal ✅,System Load Increasing,Normal
231.9,4.98,1155.0,NORMAL,System Normal ✅,System Load Increasing,Normal
228.9,5.8,1328.0,NORMAL,System Normal ✅,Stable,Normal
222.8,5.17,1152.0,NORMAL,System Normal ✅,Stable,Normal
228.3,4.44,1014.0,NORMAL,System Normal ✅,Stable,Normal
213.3,4.65,992.0,NORMAL,System Normal ✅,Stable,Normal
225.0,4.6,1035.0,NORMAL,System Normal ✅,Stable,Normal
229.9,4.73,1087.0,NORMAL,System Normal ✅,Stable,Normal
212.4,5.31,1128.0,NORMAL,System Normal ✅,Stable,Normal
237.2,5.86,1390.0,WARNING,High Voltage ⚠️,System Load Increasing,Normal
236.8,5.63,1333.0,WARNING,High Voltage ⚠️,System Load Increasing,Normal
226.2,4.9,1108.0,NORMAL,System Normal ✅,Stable,Normal
236.5,4.18,989.0,WARNING,High Voltage ⚠️,System Load Increasing,Normal
225.4,4.26,960.0,NORMAL,System Normal ✅,Stable,Normal
233.5,4.27,997.0,NORMAL,System Normal ✅,System Load Increasing,Normal
231.6,4.48,1038.0,NORMAL,System Normal ✅,Stable,Normal
230.1,4.73,1088.0,NORMAL,System Normal ✅,Stable,Normal
219.1,5.68,1244.0,NORMAL,System Normal ✅,Stable,Normal
214.7,4.69,1007.0,NORMAL,System Normal ✅,Stable,Normal
220.9,5.53,1222.0,NORMAL,System Normal ✅,Stable,Normal
221.6,5.89,1305.0,NORMAL,System Normal ✅,Stable,Normal
228.8,5.25,1201.0,NORMAL,System Normal ✅,Stable,Normal
210.0,5.96,1252.0,NORMAL,System Normal ✅,Stable,Normal
236.1,4.22,996.0,WARNING,High Voltage ⚠️,System Load Increasing,Normal
224.3,5.38,1207.0,NORMAL,System Normal ✅,Stable,Normal
215.3,5.16,1111.0,NORMAL,System Normal ✅,Stable,Normal
213.5,4.53,967.0,NORMAL,System Normal ✅,Stable,Normal
220.4,4.54,1001.0,NORMAL,System Normal ✅,Stable,Normal
230.9,5.32,1228.0,NORMAL,System Normal ✅,System Load Increasing,Normal
211.6,5.74,1215.0,NORMAL,System Normal ✅,Stable,Normal
239.9,5.65,1355.0,CRITICAL,High Voltage ⚠️,System Load Increasing,Normal
230.5,4.56,1051.0,NORMAL,System Normal ✅,System Load Increasing,Normal
236.9,5.62,1331.0,WARNING,High Voltage ⚠️,System Load Increasing,Normal
216.4,4.19,907.0,NORMAL,System Normal ✅,Stable,Normal
232.5,5.31,1235.0,NORMAL,System Normal ✅,System Load Increasing,Normal
214.1,5.17,1107.0,NORMAL,System Normal ✅,Stable,Normal
232.2,4.35,1010.0,NORMAL,System Normal ✅,System Load Increasing,Normal
228.3,4.97,1135.0,NORMAL,System Normal ✅,Stable,Normal
214.8,4.63,995.0,NORMAL,System Normal ✅,Stable,Normal
219.5,5.09,1117.0,NORMAL,System Normal ✅,Stable,Normal
229.0,5.51,1262.0,NORMAL,System Normal ✅,Stable,Normal
225.1,4.18,941.0,NORMAL,System Normal ✅,Stable,Normal
212.7,4.43,942.0,NORMAL,System Normal ✅,Stable,Normal
224.0,4.64,1039.0,NORMAL,System Normal ✅,Stable,Normal
210.8,5.42,1143.0,NORMAL,System Normal ✅,Stable,Normal
216.0,5.42,1171.0,NORMAL,System Normal ✅,Stable,Normal
232.2,5.17,1200.0,NORMAL,System Normal ✅,System Load Increasing,Normal
217.4,5.92,1287.0,NORMAL,System Normal ✅,Stable,Normal
212.8,4.57,972.0,NORMAL,System Normal ✅,Stable,Normal
219.9,5.54,1218.0,NORMAL,System Normal ✅,Stable,Normal
222.0,5.43,1205.0,NORMAL,System Normal ✅,Stable,Normal
239.8,5.38,1290.0,CRITICAL,High Voltage ⚠️,System Load Increasing,Normal
224.4,4.23,949.0,NORMAL,System Normal ✅,Stable,Normal
237.4,5.86,1391.0,WARNING,High Voltage ⚠️,System Load Increasing,Normal
215.0,4.68,1006.0,NORMAL,System Normal ✅,Stable,Normal
226.3,4.67,1057.0,NORMAL,System Normal ✅,Stable,Normal
231.6,5.82,1348.0,NORMAL,System Normal ✅,System Load Increasing,Normal
235.5,4.5,1060.0,WARNING,High Voltage ⚠️,System Load Increasing,Normal
227.7,4.06,924.0,NORMAL,System Normal ✅,Stable,Normal
230.9,4.59,1060.0,NORMAL,System Normal ✅,System Load Increasing,Normal
233.1,5.5,1282.0,NORMAL,System Normal ✅,System Load Increasing,Normal
211.0,4.91,1036.0,NORMAL,System Normal ✅,Stable,Normal
233.2,4.22,984.0,NORMAL,System Normal ✅,System Load Increasing,Normal
231.2,4.18,966.0,NORMAL,System Normal ✅,System Load Increasing,Normal
231.4,4.55,1053.0,NORMAL,System Normal ✅,Stable,Normal
212.0,4.48,950.0,NORMAL,System Normal ✅,Stable,Normal
221.4,4.82,1067.0,NORMAL,System Normal ✅,Stable,Normal
211.2,4.88,1031.0,NORMAL,System Normal ✅,Stable,Normal
214.4,4.74,1016.0,NORMAL,System Normal ✅,Stable,Normal
210.2,5.39,1133.0,NORMAL,System Normal ✅,Stable,Normal
221.5,4.55,1008.0,NORMAL,System Normal ✅,Stable,Normal
219.1,4.39,962.0,NORMAL,System Normal ✅,Stable,Normal
235.0,5.93,1394.0,NORMAL,System Normal ✅,System Load Increasing,Normal
215.1,5.53,1190.0,NORMAL,System Normal ✅,Stable,Normal
223.7,5.1,1141.0,NORMAL,System Normal ✅,Stable,Normal
211.4,5.79,1224.0,NORMAL,System Normal ✅,Stable,Normal
227.4,5.94,1351.0,NORMAL,System Normal ✅,Stable,Normal
220.9,4.73,1045.0,NORMAL,System Normal ✅,Stable,Normal
231.3,5.55,1284.0,NORMAL,System Normal ✅,System Load Increasing,Normal
230.6,5.53,1275.0,NORMAL,System Normal ✅,System Load Increasing,Normal
216.0,5.66,1223.0,NORMAL,System Normal ✅,Stable,Normal
228.4,4.07,930.0,NORMAL,System Normal ✅,System Load Increasing,Normal
230.5,4.9,1129.0,NORMAL,System Normal ✅,System Load Increasing,Normal
217.6,4.8,1044.0,NORMAL,System Normal ✅,Stable,Normal
226.1,4.27,965.0,NORMAL,System Normal ✅,Stable,Normal
210.6,4.72,994.0,NORMAL,System Normal ✅,Stable,Normal
232.1,5.53,1284.0,NORMAL,System Normal ✅,System Load Increasing,Normal
229.2,5.0,1146.0,NORMAL,System Normal ✅,System Load Increasing,Normal
211.8,4.32,915.0,NORMAL,System Normal ✅,Stable,Normal
229.8,5.78,1328.0,NORMAL,System Normal ✅,System Load Increasing,Normal
220.1,5.92,1303.0,NORMAL,System Normal ✅,Stable,Normal
231.3,4.68,1082.0,NORMAL,System Normal ✅,System Load Increasing,Normal
227.3,4.04,918.0,NORMAL,System Normal ✅,Stable,Normal
238.2,5.71,1360.0,CRITICAL,High Voltage ⚠️,System Load Increasing,Normal
222.8,5.0,1114.0,NORMAL,System Normal ✅,Stable,Normal
223.1,4.62,1031.0,NORMAL,System Normal ✅,Stable,Normal
238.4,4.55,1085.0,CRITICAL,High Voltage ⚠️,System Load Increasing,Normal
236.5,5.26,1244.0,WARNING,High Voltage ⚠️,System Load Increasing,Normal
228.1,5.14,1172.0,NORMAL,System Normal ✅,Stable,Normal
232.0,4.76,1104.0,NORMAL,System Normal ✅,System Load Increasing,Normal
234.6,4.52,1060.0,NORMAL,System Normal ✅,System Load Increasing,Normal
230.9,5.9,1362.0,NORMAL,System Normal ✅,Stable,Normal
229.6,5.78,1327.0,NORMAL,System Normal ✅,Stable,Normal
212.9,4.5,958.0,NORMAL,System Normal ✅,Stable,Normal
215.1,4.52,972.0,NORMAL,System Normal ✅,Stable,Normal
216.0,5.43,1173.0,NORMAL,System Normal ✅,Stable,Normal
221.9,5.71,1267.0,NORMAL,System Normal ✅,Stable,Normal
215.0,4.21,905.0,NORMAL,System Normal ✅,Stable,Normal
218.1,5.33,1162.0,NORMAL,System Normal ✅,Stable,Normal
234.1,4.38,1025.0,NORMAL,System Normal ✅,System Load Increasing,Normal
225.6,5.68,1281.0,NORMAL,System Normal ✅,Stable,Normal
228.9,4.38,1003.0,NORMAL,System Normal ✅,Stable,Normal
213.7,5.59,1195.0,NORMAL,System Normal ✅,Stable,Normal
221.4,4.01,888.0,NORMAL,System Normal ✅,Stable,Normal
226.2,5.29,1197.0,NORMAL,System Normal ✅,Stable,Normal
239.3,5.46,1307.0,CRITICAL,High Voltage ⚠️,System Load Increasing,Normal
228.5,4.47,1021.0,NORMAL,System Normal ✅,Stable,Normal
234.4,4.04,947.0,NORMAL,System Normal ✅,System Load Increasing,Normal
236.0,4.61,1088.0,WARNING,High Voltage ⚠️,System Load Increasing,Normal
236.5,4.98,1178.0,WARNING,High Voltage ⚠️,System Load Increasing,Normal
214.7,4.39,943.0,NORMAL,System Normal ✅,Stable,Normal
230.3,4.74,1092.0,NORMAL,System Normal ✅,System Load Increasing,Normal
213.0,5.96,1269.0,NORMAL,System Normal ✅,Stable,Normal
232.5,4.21,979.0,NORMAL,System Normal ✅,System Load Increasing,Normal
235.3,4.54,1068.0,WARNING,High Voltage ⚠️,System Load Increasing,Normal
214.7,5.09,1093.0,NORMAL,System Normal ✅,Stable,Normal
232.4,4.71,1095.0,NORMAL,System Normal ✅,System Load Increasing,Normal
228.4,4.49,1026.0,NORMAL,System Normal ✅,Stable,Normal
215.4,5.7,1228.0,NORMAL,System Normal ✅,Stable,Normal
227.0,5.91,1342.0,NORMAL,System Normal ✅,Stable,Normal
233.4,4.43,1034.0,NORMAL,System Normal ✅,System Load Increasing,Normal
227.7,5.63,1282.0,NORMAL,System Normal ✅,Stable,Normal
219.5,5.77,1267.0,NORMAL,System Normal ✅,Stable,Normal
216.8,4.48,971.0,NORMAL,System Normal ✅,Stable,Normal
214.8,5.94,1276.0,NORMAL,System Normal ✅,Stable,Normal
232.3,4.05,941.0,NORMAL,System Normal ✅,System Load Increasing,Normal
211.2,4.67,986.0,NORMAL,System Normal ✅,Stable,Normal
231.8,4.48,1038.0,NORMAL,System Normal ✅,System Load Increasing,Normal
217.2,5.67,1232.0,NORMAL,System Normal ✅,Stable,Normal
227.7,4.54,1034.0,NORMAL,System Normal ✅,Stable,Normal
225.0,4.84,1089.0,NORMAL,System Normal ✅,Stable,Normal
213.3,4.78,1020.0,NORMAL,System Normal ✅,Stable,Normal
218.5,4.25,929.0,NORMAL,System Normal ✅,Stable,Normal
221.7,4.1,909.0,NORMAL,System Normal ✅,Stable,Normal
218.5,5.95,1300.0,NORMAL,System Normal ✅,Stable,Normal
227.9,5.62,1281.0,NORMAL,System Normal ✅,Stable,Normal
228.6,4.83,1104.0,NORMAL,System Normal ✅,System Load Increasing,Normal
216.6,5.49,1189.0,NORMAL,System Normal ✅,Stable,Normal
231.4,4.26,986.0,NORMAL,System Normal ✅,System Load Increasing,Normal
211.6,5.66,1198.0,NORMAL,System Normal ✅,Stable,Normal
213.0,5.95,1267.0,NORMAL,System Normal ✅,Stable,Normal
231.4,4.46,1032.0,NORMAL,System Normal ✅,System Load Increasing,Normal
236.0,5.23,1234.0,WARNING,High Voltage ⚠️,System Load Increasing,Normal
215.8,4.1,885.0,NORMAL,System Normal ✅,Stable,Normal
236.0,4.56,1076.0,WARNING,High Voltage ⚠️,System Load Increasing,Normal
216.7,4.12,893.0,NORMAL,System Normal ✅,Stable,Normal
224.3,4.91,1101.0,NORMAL,System Normal ✅,Stable,Normal
219.0,4.49,983.0,NORMAL,System Normal ✅,Stable,Normal
232.8,4.82,1122.0,NORMAL,System Normal ✅,System Load Increasing,Normal
232.2,4.84,1124.0,NORMAL,System Normal ✅,System Load Increasing,Normal
239.3,4.94,1182.0,CRITICAL,High Voltage ⚠️,System Load Increasing,Normal
212.1,5.78,1226.0,NORMAL,System Normal ✅,Stable,Normal
234.1,5.57,1304.0,NORMAL,System Normal ✅,System Load Increasing,Normal
214.6,5.65,1212.0,NORMAL,System Normal ✅,Stable,Normal
218.9,5.26,1151.0,NORMAL,System Normal ✅,Stable,Normal
230.0,5.91,1359.0,NORMAL,System Normal ✅,System Load Increasing,Normal
215.8,5.73,1237.0,NORMAL,System Normal ✅,Stable,Normal
212.3,4.27,907.0,NORMAL,System Normal ✅,Stable,Normal
219.0,4.8,1051.0,NORMAL,System Normal ✅,Stable,Normal
230.0,5.13,1180.0,NORMAL,System Normal ✅,System Load Increasing,Normal
224.5,5.69,1277.0,NORMAL,System Normal ✅,Stable,Normal
216.4,4.9,1060.0,NORMAL,System Normal ✅,Stable,Normal
223.0,5.88,1311.0,NORMAL,System Normal ✅,Stable,Normal
219.6,4.98,1094.0,NORMAL,System Normal ✅,Stable,Normal
229.5,4.1,941.0,NORMAL,System Normal ✅,System Load Increasing,Normal
237.5,5.74,1363.0,WARNING,High Voltage ⚠️,System Load Increasing,Normal
235.4,4.57,1076.0,WARNING,High Voltage ⚠️,System Load Increasing,Normal
214.9,4.52,971.0,NORMAL,System Normal ✅,Stable,Normal
222.6,5.73,1275.0,NORMAL,System Normal ✅,Stable,Normal
232.6,4.89,1137.0,NORMAL,System Normal ✅,System Load Increasing,Normal
231.4,5.86,1356.0,NORMAL,System Normal ✅,System Load Increasing,Normal
212.4,5.95,1264.0,NORMAL,System Normal ✅,Stable,Normal
238.2,4.04,962.0,CRITICAL,High Voltage ⚠️,System Load Increasing,Normal
224.7,4.57,1027.0,NORMAL,System Normal ✅,Stable,Normal
236.9,4.16,986.0,WARNING,High Voltage ⚠️,System Load Increasing,Normal
219.2,4.61,1011.0,NORMAL,System Normal ✅,Stable,Normal
236.8,4.42,1047.0,WARNING,High Voltage ⚠️,System Load Increasing,Normal
237.9,4.11,978.0,WARNING,High Voltage ⚠️,System Load Increasing,Normal
234.2,5.75,1347.0,NORMAL,System Normal ✅,System Load Increasing,Normal
212.8,5.2,1107.0,NORMAL,System Normal ✅,Stable,Normal
216.9,5.0,1084.0,NORMAL,System Normal ✅,Stable,Normal
226.8,4.51,1023.0,NORMAL,System Normal ✅,Stable,Normal
212.9,4.64,988.0,NORMAL,System Normal ✅,Stable,Normal
239.4,5.54,1326.0,CRITICAL,High Voltage ⚠️,System Load Increasing,Normal
230.5,4.67,1076.0,NORMAL,System Normal ✅,Stable,Normal
215.0,5.17,1112.0,NORMAL,System Normal ✅,Stable,Normal
226.1,5.97,1350.0,NORMAL,System Normal ✅,Stable,Normal
225.1,4.55,1024.0,NORMAL,System Normal ✅,Stable,Normal
220.4,4.86,1071.0,NORMAL,System Normal ✅,Stable,Normal
237.0,4.67,1107.0,WARNING,High Voltage ⚠️,System Load Increasing,Normal
220.2,4.31,949.0,NORMAL,System Normal ✅,Stable,Normal
211.3,4.95,1046.0,NORMAL,System Normal ✅,Stable,Normal
211.6,5.28,1117.0,NORMAL,System Normal ✅,Stable,Normal
221.4,5.18,1147.0,NORMAL,System Normal ✅,Stable,Normal
234.6,5.47,1283.0,NORMAL,System Normal ✅,System Load Increasing,Normal
216.9,4.43,961.0,NORMAL,System Normal ✅,Stable,Normal
237.2,4.95,1174.0,WARNING,High Voltage ⚠️,System Load Increasing,Normal
225.6,5.47,1234.0,NORMAL,System Normal ✅,Stable,Normal
213.1,5.42,1155.0,NORMAL,System Normal ✅,Stable,Normal
213.7,4.65,994.0,NORMAL,System Normal ✅,Stable,Normal
225.6,4.16,938.0,NORMAL,System Normal ✅,Stable,Normal
226.9,5.96,1352.0,NORMAL,System Normal ✅,Stable,Normal
233.5,5.72,1336.0,NORMAL,System Normal ✅,System Load Increasing,Normal
230.6,4.88,1125.0,NORMAL,System Normal ✅,System Load Increasing,Normal
232.9,5.19,1209.0,NORMAL,System Normal ✅,System Load Increasing,Normal
211.0,4.56,962.0,NORMAL,System Normal ✅,Stable,Normal
211.9,5.86,1242.0,NORMAL,System Normal ✅,Stable,Normal
236.4,4.77,1128.0,WARNING,High Voltage ⚠️,System Load Increasing,Normal
212.5,4.11,873.0,NORMAL,System Normal ✅,Stable,Normal
220.5,4.5,992.0,NORMAL,System Normal ✅,Stable,Normal
231.5,4.68,1083.0,NORMAL,System Normal ✅,System Load Increasing,Normal
213.5,5.8,1238.0,NORMAL,System Normal ✅,Stable,Normal
230.1,4.67,1075.0,NORMAL,System Normal ✅,System Load Increasing,Normal
237.5,4.66,1107.0,WARNING,High Voltage ⚠️,System Load Increasing,Normal
225.9,5.48,1238.0,NORMAL,System Normal ✅,Stable,Normal
236.8,5.62,1331.0,WARNING,High Voltage ⚠️,System Load Increasing,Normal
222.1,4.59,1019.0,NORMAL,System Normal ✅,Stable,Normal
236.5,5.19,1227.0,WARNING,High Voltage ⚠️,System Load Increasing,Normal
223.4,4.86,1086.0,NORMAL,System Normal ✅,Stable,Normal
215.6,4.49,968.0,NORMAL,System Normal ✅,Stable,Normal
214.8,5.03,1080.0,NORMAL,System Normal ✅,Stable,Normal
231.5,4.28,991.0,NORMAL,System Normal ✅,System Load Increasing,Normal
213.2,5.06,1079.0,NORMAL,System Normal ✅,Stable,Normal
230.6,4.13,952.0,NORMAL,System Normal ✅,System Load Increasing,Normal
235.3,5.63,1325.0,WARNING,High Voltage ⚠️,System Load Increasing,Normal
228.0,4.23,964.0,NORMAL,System Normal ✅,Stable,Normal
216.0,4.7,1015.0,NORMAL,System Normal ✅,Stable,Normal
229.5,5.56,1276.0,NORMAL,System Normal ✅,Stable,Normal
237.4,5.63,1337.0,WARNING,High Voltage ⚠️,System Load Increasing,Normal
217.0,4.91,1065.0,NORMAL,System Normal ✅,Stable,Normal
232.2,5.1,1184.0,NORMAL,System Normal ✅,System Load Increasing,Normal
223.0,5.99,1336.0,NORMAL,System Normal ✅,Stable,Normal
214.2,4.55,975.0,NORMAL,System Normal ✅,Stable,Normal
220.7,5.87,1296.0,NORMAL,System Normal ✅,Stable,Normal
230.8,5.57,1286.0,NORMAL,System Normal ✅,System Load Increasing,Normal
220.7,4.96,1095.0,NORMAL,System Normal ✅,Stable,Normal
214.6,5.28,1133.0,NORMAL,System Normal ✅,Stable,Normal
236.6,4.53,1072.0,WARNING,High Voltage ⚠️,System Load Increasing,Normal
223.7,5.88,1315.0,NORMAL,System Normal ✅,Stable,Normal
233.1,5.01,1168.0,NORMAL,System Normal ✅,System Load Increasing,Normal
232.0,5.88,1364.0,NORMAL,System Normal ✅,System Load Increasing,Normal
232.4,4.86,1129.0,NORMAL,System Normal ✅,System Load Increasing,Normal
225.0,4.75,1069.0,NORMAL,System Normal ✅,Stable,Normal
224.3,4.21,944.0,NORMAL,System Normal ✅,Stable,Normal
233.2,5.67,1322.0,NORMAL,System Normal ✅,System Load Increasing,Normal
232.6,5.3,1233.0,NORMAL,System Normal ✅,System Load Increasing,Normal
212.0,5.6,1187.0,NORMAL,System Normal ✅,Stable,Normal
225.0,4.01,902.0,NORMAL,System Normal ✅,Stable,Normal
215.4,4.85,1045.0,NORMAL,System Normal ✅,Stable,Normal
237.3,5.59,1327.0,WARNING,High Voltage ⚠️,System Load Increasing,Normal
215.1,5.14,1106.0,NORMAL,System Normal ✅,Stable,Normal
226.7,4.79,1086.0,NORMAL,System Normal ✅,Stable,Normal
233.7,5.14,1201.0,NORMAL,System Normal ✅,System Load Increasing,Normal
224.7,5.07,1139.0,NORMAL,System Normal ✅,Stable,Normal
215.3,4.52,973.0,NORMAL,System Normal ✅,Stable,Normal
227.2,5.36,1218.0,NORMAL,System Normal ✅,Stable,Normal
227.5,5.42,1233.0,NORMAL,System Normal ✅,Stable,Normal
214.3,5.68,1217.0,NORMAL,System Normal ✅,Stable,Normal
224.0,4.25,952.0,NORMAL,System Normal ✅,Stable,Normal
223.2,4.96,1107.0,NORMAL,System Normal ✅,Stable,Normal
224.4,4.34,974.0,NORMAL,System Normal ✅,Stable,Normal
222.9,4.05,903.0,NORMAL,System Normal ✅,Stable,Normal
230.4,4.45,1025.0,NORMAL,System Normal ✅,System Load Increasing,Normal
233.2,4.63,1080.0,NORMAL,System Normal ✅,System Load Increasing,Normal
233.1,4.98,1161.0,NORMAL,System Normal ✅,System Load Increasing,Normal
227.3,5.31,1207.0,NORMAL,System Normal ✅,Stable,Normal
232.0,4.49,1042.0,NORMAL,System Normal ✅,System Load Increasing,Normal
228.5,4.47,1021.0,NORMAL,System Normal ✅,Stable,Normal
226.8,4.69,1064.0,NORMAL,System Normal ✅,Stable,Normal
214.8,4.12,885.0,NORMAL,System Normal ✅,Stable,Normal
239.9,5.05,1211.0,CRITICAL,High Voltage ⚠️,Voltage Spike Risk,Anomaly 🚨
222.1,4.4,977.0,NORMAL,System Normal ✅,Stable,Normal
237.3,5.48,1300.0,WARNING,High Voltage ⚠️,System Load Increasing,Normal
228.5,5.13,1172.0,NORMAL,System Normal ✅,Stable,Normal
234.0,5.95,1392.0,NORMAL,System Normal ✅,System Load Increasing,Normal
224.1,4.35,975.0,NORMAL,System Normal ✅,Stable,Normal
239.9,5.86,1406.0,CRITICAL,High Voltage ⚠️,System Load Increasing,Normal
237.9,5.21,1239.0,WARNING,High Voltage ⚠️,System Load Increasing,Normal
230.2,5.86,1349.0,NORMAL,System Normal ✅,Stable,Normal
233.2,5.17,1206.0,NORMAL,System Normal ✅,Stable,Normal
239.1,4.91,1174.0,CRITICAL,High Voltage ⚠️,System Load Increasing,Normal
232.7,4.04,940.0,NORMAL,System Normal ✅,Stable,Normal
217.0,5.52,1198.0,NORMAL,System Normal ✅,Stable,Normal
234.2,5.33,1248.0,NORMAL,System Normal ✅,Stable,Normal
212.3,5.03,1068.0,NORMAL,System Normal ✅,Voltage Spike Risk,Anomaly 🚨
237.8,4.27,1015.0,WARNING,High Voltage ⚠️,System Load Increasing,Normal
213.9,5.42,1159.0,NORMAL,System Normal ✅,Stable,Normal
227.2,5.99,1361.0,NORMAL,System Normal ✅,Stable,Normal
226.4,4.35,985.0,NORMAL,System Normal ✅,Stable,Normal
223.8,4.6,1029.0,NORMAL,System Normal ✅,Stable,Normal
223.4,5.34,1193.0,NORMAL,System Normal ✅,Stable,Normal
218.4,4.59,1002.0,NORMAL,System Normal ✅,Stable,Normal
227.7,5.39,1227.0,NORMAL,System Normal ✅,Stable,Normal
235.4,4.17,982.0,WARNING,High Voltage ⚠️,System Load Increasing,Normal
227.8,5.42,1235.0,NORMAL,System Normal ✅,Stable,Normal
227.8,5.97,1360.0,NORMAL,System Normal ✅,Stable,Normal
211.7,4.7,995.0,NORMAL,System Normal ✅,Stable,Normal
213.5,5.15,1100.0,NORMAL,System Normal ✅,Stable,Normal
213.9,4.03,862.0,NORMAL,System Normal ✅,Stable,Normal
215.4,4.21,907.0,NORMAL,System Normal ✅,Stable,Normal
212.0,5.49,1164.0,NORMAL,System Normal ✅,Stable,Normal
213.4,4.84,1033.0,NORMAL,System Normal ✅,Stable,Normal
237.5,5.56,1320.0,WARNING,High Voltage ⚠️,System Load Increasing,Normal
236.9,5.78,1369.0,WARNING,High Voltage ⚠️,System Load Increasing,Normal
226.0,4.67,1055.0,NORMAL,System Normal ✅,Stable,Normal
238.7,4.92,1174.0,CRITICAL,High Voltage ⚠️,System Load Increasing,Normal
226.0,4.55,1028.0,NORMAL,System Normal ✅,Stable,Normal
225.9,5.06,1143.0,NORMAL,System Normal ✅,Stable,Normal
231.8,4.23,981.0,NORMAL,System Normal ✅,System Load Increasing,Normal
232.9,4.35,1013.0,NORMAL,System Normal ✅,System Load Increasing,Normal
215.5,5.59,1205.0,NORMAL,System Normal ✅,Stable,Normal
230.7,4.09,944.0,NORMAL,System Normal ✅,System Load Increasing,Normal
223.7,5.09,1139.0,NORMAL,System Normal ✅,Stable,Normal
225.1,5.99,1348.0,NORMAL,System Normal ✅,Stable,Normal
236.1,5.22,1232.0,WARNING,High Voltage ⚠️,System Load Increasing,Normal
237.4,4.35,1033.0,WARNING,High Voltage ⚠️,System Load Increasing,Normal
228.2,4.1,936.0,NORMAL,System Normal ✅,Stable,Normal
216.3,5.32,1151.0,NORMAL,System Normal ✅,Stable,Normal
226.6,5.65,1280.0,NORMAL,System Normal ✅,Stable,Normal
229.3,4.28,981.0,NORMAL,System Normal ✅,Stable,Normal
224.5,4.59,1030.0,NORMAL,System Normal ✅,Stable,Normal
239.9,4.51,1082.0,CRITICAL,High Voltage ⚠️,System Load Increasing,Normal
210.2,5.68,1194.0,NORMAL,System Normal ✅,Voltage Spike Risk,Anomaly 🚨
237.3,4.59,1089.0,WARNING,High Voltage ⚠️,System Load Increasing,Normal
210.9,5.93,1251.0,NORMAL,System Normal ✅,Stable,Normal
223.6,5.88,1315.0,NORMAL,System Normal ✅,Stable,Normal
214.2,4.92,1054.0,NORMAL,System Normal ✅,Stable,Normal
239.3,5.16,1235.0,CRITICAL,High Voltage ⚠️,System Load Increasing,Normal
217.5,4.04,879.0,NORMAL,System Normal ✅,Stable,Normal
224.0,4.6,1030.0,NORMAL,System Normal ✅,Stable,Normal
219.6,5.66,1243.0,NORMAL,System Normal ✅,Stable,Normal
237.4,4.51,1071.0,WARNING,High Voltage ⚠️,System Load Increasing,Normal
225.0,5.26,1184.0,NORMAL,System Normal ✅,Collecting Data,Normal
223.2,4.54,1013.0,NORMAL,System Normal ✅,Collecting Data,Normal
217.2,4.78,1038.0,NORMAL,System Normal ✅,Collecting Data,Normal
223.6,5.79,1295.0,NORMAL,System Normal ✅,Collecting Data,Normal
218.4,5.51,1203.0,NORMAL,System Normal ✅,Stable,Normal
231.5,5.27,1220.0,NORMAL,System Normal ✅,System Load Increasing,Normal
214.3,5.53,1185.0,NORMAL,System Normal ✅,Stable,Normal
225.7,4.19,946.0,NORMAL,System Normal ✅,Stable,Normal
217.7,5.3,1154.0,NORMAL,System Normal ✅,Stable,Normal
234.6,4.58,1074.0,NORMAL,System Normal ✅,System Load Increasing,Normal
219.3,4.21,923.0,NORMAL,System Normal ✅,Stable,Normal
234.7,5.55,1303.0,NORMAL,System Normal ✅,System Load Increasing,Normal
231.9,5.86,1359.0,NORMAL,System Normal ✅,System Load Increasing,Normal
218.0,5.71,1245.0,NORMAL,System Normal ✅,Stable,Normal
217.7,5.07,1104.0,NORMAL,System Normal ✅,Stable,Normal
221.5,5.38,1192.0,NORMAL,System Normal ✅,Stable,Normal
216.1,4.2,908.0,NORMAL,System Normal ✅,Stable,Normal
224.9,5.33,1199.0,NORMAL,System Normal ✅,Stable,Normal
224.6,5.15,1157.0,NORMAL,System Normal ✅,Stable,Normal
230.3,5.07,1168.0,NORMAL,System Normal ✅,System Load Increasing,Normal
214.1,4.18,895.0,NORMAL,System Normal ✅,Stable,Normal
224.6,4.09,919.0,NORMAL,System Normal ✅,Stable,Normal
217.4,4.15,902.0,NORMAL,System Normal ✅,Stable,Normal
229.5,5.43,1246.0,NORMAL,System Normal ✅,System Load Increasing,Normal
216.0,4.5,972.0,NORMAL,System Normal ✅,Stable,Normal
238.7,5.77,1377.0,CRITICAL,High Voltage ⚠️,Voltage Spike Risk,Anomaly 🚨
225.4,4.4,992.0,NORMAL,System Normal ✅,Stable,Normal
230.7,4.43,1022.0,NORMAL,System Normal ✅,System Load Increasing,Normal
222.7,5.03,1120.0,NORMAL,System Normal ✅,Stable,Normal
227.3,5.69,1293.0,NORMAL,System Normal ✅,Stable,Normal
220.2,4.82,1061.0,NORMAL,System Normal ✅,Stable,Normal
212.5,5.2,1105.0,NORMAL,System Normal ✅,Stable,Normal
211.3,5.58,1179.0,NORMAL,System Normal ✅,Stable,Normal
227.5,4.42,1006.0,NORMAL,System Normal ✅,Stable,Normal
230.0,4.2,966.0,NORMAL,System Normal ✅,System Load Increasing,Normal
237.2,5.74,1362.0,WARNING,High Voltage ⚠️,System Load Increasing,Normal
237.2,4.58,1086.0,WARNING,High Voltage ⚠️,System Load Increasing,Normal
222.6,5.82,1296.0,NORMAL,System Normal ✅,Stable,Normal
234.8,4.03,946.0,NORMAL,System Normal ✅,System Load Increasing,Normal
238.2,4.15,989.0,CRITICAL,High Voltage ⚠️,System Load Increasing,Normal
212.1,4.26,904.0,NORMAL,System Normal ✅,Stable,Normal
238.9,5.95,1421.0,CRITICAL,High Voltage ⚠️,System Load Increasing,Normal
229.9,4.08,938.0,NORMAL,System Normal ✅,Stable,Normal
230.1,4.55,1047.0,NORMAL,System Normal ✅,Stable,Normal
227.8,5.02,1144.0,NORMAL,System Normal ✅,Stable,Normal
237.5,4.66,1107.0,WARNING,High Voltage ⚠️,System Load Increasing,Normal
236.9,4.49,1064.0,WARNING,High Voltage ⚠️,System Load Increasing,Normal
217.9,5.2,1133.0,NORMAL,System Normal ✅,Stable,Normal
227.4,5.99,1362.0,NORMAL,System Normal ✅,Stable,Normal
215.8,4.13,891.0,NORMAL,System Normal ✅,Stable,Normal
212.4,4.43,941.0,NORMAL,System Normal ✅,Stable,Normal
217.7,5.87,1278.0,NORMAL,System Normal ✅,Stable,Normal
225.8,4.18,944.0,NORMAL,System Normal ✅,Stable,Normal
213.8,4.52,966.0,NORMAL,System Normal ✅,Stable,Normal
212.8,4.81,1024.0,NORMAL,System Normal ✅,Stable,Normal
232.7,5.63,1310.0,NORMAL,System Normal ✅,System Load Increasing,Normal
214.5,5.95,1276.0,NORMAL,System Normal ✅,Stable,Normal
229.9,5.13,1179.0,NORMAL,System Normal ✅,Stable,Normal
229.8,4.03,926.0,NORMAL,System Normal ✅,Stable,Normal
238.9,4.65,1111.0,CRITICAL,High Voltage ⚠️,System Load Increasing,Normal
217.2,5.0,1086.0,NORMAL,System Normal ✅,Stable,Normal
238.4,4.54,1082.0,CRITICAL,High Voltage ⚠️,System Load Increasing,Normal
214.7,4.93,1058.0,NORMAL,System Normal ✅,Stable,Normal
211.4,5.7,1205.0,NORMAL,System Normal ✅,Stable,Normal
220.1,4.09,900.0,NORMAL,System Normal ✅,Stable,Normal
233.1,5.09,1186.0,NORMAL,System Normal ✅,System Load Increasing,Normal
239.4,5.66,1355.0,CRITICAL,High Voltage ⚠️,System Load Increasing,Normal
214.1,4.01,859.0,NORMAL,System Normal ✅,Stable,Normal
227.8,4.53,1032.0,NORMAL,System Normal ✅,Stable,Normal
229.8,4.98,1144.0,NORMAL,System Normal ✅,System Load Increasing,Normal
213.1,4.33,923.0,NORMAL,System Normal ✅,Stable,Normal
216.5,5.43,1176.0,NORMAL,System Normal ✅,Stable,Normal
210.5,4.61,970.0,NORMAL,System Normal ✅,Stable,Normal
234.2,4.61,1080.0,NORMAL,System Normal ✅,System Load Increasing,Normal
232.9,5.17,1204.0,NORMAL,System Normal ✅,System Load Increasing,Normal
231.0,5.74,1326.0,NORMAL,System Normal ✅,System Load Increasing,Normal
216.1,4.49,970.0,NORMAL,System Normal ✅,Stable,Normal
232.0,4.88,1132.0,NORMAL,System Normal ✅,System Load Increasing,Normal
236.4,5.21,1232.0,WARNING,High Voltage ⚠️,System Load Increasing,Normal
238.9,5.39,1288.0,CRITICAL,High Voltage ⚠️,System Load Increasing,Normal
214.5,5.93,1272.0,NORMAL,System Normal ✅,Stable,Normal
226.9,4.72,1071.0,NORMAL,System Normal ✅,Stable,Normal
221.9,4.96,1101.0,NORMAL,System Normal ✅,Stable,Normal
222.2,5.0,1111.0,NORMAL,System Normal ✅,Stable,Normal
237.3,4.23,1004.0,WARNING,High Voltage ⚠️,System Load Increasing,Normal
223.5,5.87,1312.0,NORMAL,System Normal ✅,Stable,Normal
229.2,5.55,1272.0,NORMAL,System Normal ✅,Stable,Normal
222.6,5.47,1218.0,NORMAL,System Normal ✅,Stable,Normal
231.2,5.08,1174.0,NORMAL,System Normal ✅,System Load Increasing,Normal
221.8,5.82,1291.0,NORMAL,System Normal ✅,Stable,Normal
233.3,5.58,1302.0,NORMAL,System Normal ✅,System Load Increasing,Normal
223.6,5.4,1207.0,NORMAL,System Normal ✅,Stable,Normal
233.7,5.41,1264.0,NORMAL,System Normal ✅,System Load Increasing,Normal
228.4,5.13,1172.0,NORMAL,System Normal ✅,Stable,Normal
212.3,4.96,1053.0,NORMAL,System Normal ✅,Stable,Normal
235.3,5.79,1362.0,WARNING,High Voltage ⚠️,System Load Increasing,Normal
236.8,4.49,1063.0,WARNING,High Voltage ⚠️,System Load Increasing,Normal
213.7,5.63,1203.0,NORMAL,System Normal ✅,Stable,Normal
231.0,5.77,1333.0,NORMAL,System Normal ✅,Stable,Normal
226.1,4.86,1099.0,NORMAL,System Normal ✅,Stable,Normal
213.5,4.61,984.0,NORMAL,System Normal ✅,Stable,Normal
224.9,5.79,1302.0,NORMAL,System Normal ✅,Stable,Normal
230.7,4.86,1121.0,NORMAL,System Normal ✅,Stable,Normal
221.2,4.46,987.0,NORMAL,System Normal ✅,Stable,Normal
233.5,4.54,1060.0,NORMAL,System Normal ✅,System Load Increasing,Normal
234.4,4.75,1113.0,NORMAL,System Normal ✅,System Load Increasing,Normal
217.1,5.81,1261.0,NORMAL,System Normal ✅,Stable,Normal
223.8,5.17,1157.0,NORMAL,System Normal ✅,Stable,Normal
223.7,5.81,1300.0,NORMAL,System Normal ✅,Stable,Normal
225.0,4.03,907.0,NORMAL,System Normal ✅,Stable,Normal
237.5,5.5,1306.0,WARNING,High Voltage ⚠️,System Load Increasing,Normal
232.2,5.59,1298.0,NORMAL,System Normal ✅,System Load Increasing,Normal
225.7,5.81,1311.0,NORMAL,System Normal ✅,Stable,Normal
234.5,4.56,1069.0,NORMAL,System Normal ✅,System Load Increasing,Normal
211.2,5.16,1090.0,NORMAL,System Normal ✅,Stable,Normal
234.6,4.18,981.0,NORMAL,System Normal ✅,System Load Increasing,Normal
229.7,4.13,949.0,NORMAL,System Normal ✅,Stable,Normal
213.4,4.64,990.0,NORMAL,System Normal ✅,Stable,Normal
224.2,4.77,1069.0,NORMAL,System Normal ✅,Stable,Normal
215.7,4.24,915.0,NORMAL,System Normal ✅,Stable,Normal
214.6,5.54,1189.0,NORMAL,System Normal ✅,Stable,Normal
238.4,4.2,1001.0,CRITICAL,High Voltage ⚠️,System Load Increasing,Normal
217.2,5.74,1247.0,NORMAL,System Normal ✅,Stable,Normal
224.5,5.5,1235.0,NORMAL,System Normal ✅,Stable,Normal
217.4,5.93,1289.0,NORMAL,System Normal ✅,Stable,Normal
211.3,4.22,892.0,NORMAL,System Normal ✅,Stable,Normal
218.5,4.73,1034.0,NORMAL,System Normal ✅,Stable,Normal
238.6,4.08,973.0,CRITICAL,High Voltage ⚠️,System Load Increasing,Normal
226.1,4.03,911.0,NORMAL,System Normal ✅,Stable,Normal
224.6,5.4,1213.0,NORMAL,System Normal ✅,Stable,Normal
218.9,5.73,1254.0,NORMAL,System Normal ✅,Stable,Normal
236.6,4.18,989.0,WARNING,High Voltage ⚠️,System Load Increasing,Normal
213.4,4.01,856.0,NORMAL,System Normal ✅,Stable,Normal
234.7,5.45,1279.0,NORMAL,System Normal ✅,System Load Increasing,Normal
217.5,4.72,1027.0,NORMAL,System Normal ✅,Stable,Normal
231.6,4.79,1109.0,NORMAL,System Normal ✅,System Load Increasing,Normal
239.7,4.57,1095.0,CRITICAL,High Voltage ⚠️,System Load Increasing,Normal
232.3,4.58,1064.0,NORMAL,System Normal ✅,System Load Increasing,Normal
212.0,4.65,986.0,NORMAL,System Normal ✅,Stable,Normal
233.1,4.24,988.0,NORMAL,System Normal ✅,System Load Increasing,Normal
220.3,4.48,987.0,NORMAL,System Normal ✅,Stable,Normal
213.4,5.61,1197.0,NORMAL,System Normal ✅,Stable,Normal
230.0,4.48,1030.0,NORMAL,System Normal ✅,System Load Increasing,Normal
232.1,5.08,1179.0,NORMAL,System Normal ✅,System Load Increasing,Normal
215.4,5.44,1172.0,NORMAL,System Normal ✅,Stable,Normal
235.0,4.38,1029.0,NORMAL,System Normal ✅,System Load Increasing,Normal
227.9,4.4,1003.0,NORMAL,System Normal ✅,Stable,Normal
221.1,4.58,1013.0,NORMAL,System Normal ✅,Stable,Normal
217.1,5.91,1283.0,NORMAL,System Normal ✅,Stable,Normal
223.9,5.99,1341.0,NORMAL,System Normal ✅,Stable,Normal
221.0,5.15,1138.0,NORMAL,System Normal ✅,Stable,Normal
225.6,5.27,1189.0,NORMAL,System Normal ✅,Stable,Normal
235.8,4.91,1158.0,WARNING,High Voltage ⚠️,System Load Increasing,Normal
236.0,4.87,1149.0,WARNING,High Voltage ⚠️,System Load Increasing,Normal
236.4,5.45,1288.0,WARNING,High Voltage ⚠️,System Load Increasing,Normal
212.9,4.5,958.0,NORMAL,System Normal ✅,Stable,Normal
221.8,5.75,1275.0,NORMAL,System Normal ✅,Stable,Normal
217.3,4.49,976.0,NORMAL,System Normal ✅,Stable,Normal
230.0,4.65,1070.0,NORMAL,System Normal ✅,Stable,Normal
212.1,4.02,853.0,NORMAL,System Normal ✅,Stable,Normal
217.1,5.1,1107.0,NORMAL,System Normal ✅,Stable,Normal
217.2,5.47,1188.0,NORMAL,System Normal ✅,Stable,Normal
235.4,4.1,965.0,WARNING,High Voltage ⚠️,System Load Increasing,Normal
235.7,5.73,1351.0,WARNING,High Voltage ⚠️,System Load Increasing,Normal
237.0,5.93,1405.0,WARNING,High Voltage ⚠️,System Load Increasing,Normal
211.4,4.92,1040.0,NORMAL,System Normal ✅,Stable,Normal
217.2,4.2,912.0,NORMAL,System Normal ✅,Stable,Normal
219.3,4.76,1044.0,NORMAL,System Normal ✅,Stable,Normal
227.5,5.78,1315.0,NORMAL,System Normal ✅,Stable,Normal
225.9,4.12,931.0,NORMAL,System Normal ✅,Stable,Normal
236.9,5.54,1312.0,WARNING,High Voltage ⚠️,System Load Increasing,Normal
237.0,4.75,1126.0,WARNING,High Voltage ⚠️,System Load Increasing,Normal
216.9,4.96,1076.0,NORMAL,System Normal ✅,Stable,Normal
214.1,4.34,929.0,NORMAL,System Normal ✅,Stable,Normal
212.3,5.56,1180.0,NORMAL,System Normal ✅,Stable,Normal
220.7,5.94,1311.0,NORMAL,System Normal ✅,Stable,Normal
233.5,5.06,1182.0,NORMAL,System Normal ✅,System Load Increasing,Normal
215.1,5.18,1114.0,NORMAL,System Normal ✅,Stable,Normal
231.3,5.27,1219.0,NORMAL,System Normal ✅,System Load Increasing,Normal
227.8,5.54,1262.0,NORMAL,System Normal ✅,Stable,Normal
214.2,5.67,1215.0,NORMAL,System Normal ✅,Stable,Normal
234.3,4.38,1026.0,NORMAL,System Normal ✅,System Load Increasing,Normal
229.2,4.39,1006.0,NORMAL,System Normal ✅,Stable,Normal
232.8,4.45,1036.0,NORMAL,System Normal ✅,System Load Increasing,Normal
228.0,5.38,1227.0,NORMAL,System Normal ✅,Stable,Normal
224.3,4.67,1047.0,NORMAL,System Normal ✅,Stable,Normal
224.8,4.48,1007.0,NORMAL,System Normal ✅,Stable,Normal
231.4,4.69,1085.0,NORMAL,System Normal ✅,System Load Increasing,Normal
224.2,4.69,1051.0,NORMAL,System Normal ✅,Stable,Normal
212.9,4.85,1033.0,NORMAL,System Normal ✅,Stable,Normal
211.0,5.9,1245.0,NORMAL,System Normal ✅,Stable,Normal
213.1,4.0,852.0,NORMAL,System Normal ✅,Stable,Normal
230.8,4.25,981.0,NORMAL,System Normal ✅,System Load Increasing,Normal
218.3,5.44,1188.0,NORMAL,System Normal ✅,Stable,Normal
213.9,4.94,1057.0,NORMAL,System Normal ✅,Stable,Normal
232.4,5.07,1178.0,NORMAL,System Normal ✅,System Load Increasing,Normal
211.5,5.18,1096.0,NORMAL,System Normal ✅,Stable,Normal
231.0,4.4,1016.0,NORMAL,System Normal ✅,System Load Increasing,Normal
210.7,5.69,1199.0,NORMAL,System Normal ✅,Stable,Normal
232.8,4.47,1041.0,NORMAL,System Normal ✅,System Load Increasing,Normal
220.9,5.55,1226.0,NORMAL,System Normal ✅,Stable,Normal
237.9,4.12,980.0,WARNING,High Voltage ⚠️,System Load Increasing,Normal
216.3,4.72,1021.0,NORMAL,System Normal ✅,Stable,Normal
214.6,4.52,970.0,NORMAL,System Normal ✅,Stable,Normal
230.8,4.81,1110.0,NORMAL,System Normal ✅,System Load Increasing,Normal
226.6,5.39,1221.0,NORMAL,System Normal ✅,Stable,Normal
231.1,4.47,1033.0,NORMAL,System Normal ✅,System Load Increasing,Normal
224.7,4.18,939.0,NORMAL,System Normal ✅,Stable,Normal
211.8,5.29,1120.0,NORMAL,System Normal ✅,Stable,Normal
221.8,5.14,1140.0,NORMAL,System Normal ✅,Stable,Normal
224.7,5.68,1276.0,NORMAL,System Normal ✅,Stable,Normal
225.0,5.04,1134.0,NORMAL,System Normal ✅,Stable,Normal
215.9,4.84,1045.0,NORMAL,System Normal ✅,Stable,Normal
236.7,5.43,1285.0,WARNING,High Voltage ⚠️,System Load Increasing,Normal
231.6,4.72,1093.0,NORMAL,System Normal ✅,System Load Increasing,Normal
239.5,5.46,1308.0,CRITICAL,High Voltage ⚠️,System Load Increasing,Normal
214.5,4.17,894.0,NORMAL,System Normal ✅,Stable,Normal
218.9,4.73,1035.0,NORMAL,System Normal ✅,Stable,Normal
231.8,5.68,1317.0,NORMAL,System Normal ✅,System Load Increasing,Normal
229.9,5.09,1170.0,NORMAL,System Normal ✅,Stable,Normal
226.9,5.35,1214.0,NORMAL,System Normal ✅,Stable,Normal
214.5,4.77,1023.0,NORMAL,System Normal ✅,Stable,Normal
230.5,4.0,922.0,NORMAL,System Normal ✅,System Load Increasing,Normal
222.6,5.08,1131.0,NORMAL,System Normal ✅,Stable,Normal
220.2,4.04,890.0,NORMAL,System Normal ✅,Stable,Normal
227.4,4.89,1112.0,NORMAL,System Normal ✅,Stable,Normal
234.1,4.99,1168.0,NORMAL,System Normal ✅,System Load Increasing,Normal
212.0,4.61,977.0,NORMAL,System Normal ✅,Stable,Normal
239.3,4.87,1165.0,CRITICAL,High Voltage ⚠️,System Load Increasing,Normal
236.6,5.0,1183.0,WARNING,High Voltage ⚠️,System Load Increasing,Normal
211.9,5.26,1115.0,NORMAL,System Normal ✅,Stable,Normal
230.9,5.02,1159.0,NORMAL,System Normal ✅,Stable,Normal
234.6,5.86,1375.0,NORMAL,System Normal ✅,System Load Increasing,Normal
239.8,4.47,1072.0,CRITICAL,High Voltage ⚠️,System Load Increasing,Normal
237.5,5.87,1394.0,WARNING,High Voltage ⚠️,System Load Increasing,Normal
215.1,4.54,977.0,NORMAL,System Normal ✅,Stable,Normal
223.5,4.26,952.0,NORMAL,System Normal ✅,Stable,Normal
225.6,5.04,1137.0,NORMAL,System Normal ✅,Stable,Normal
218.2,4.65,1015.0,NORMAL,System Normal ✅,Stable,Normal
223.9,5.64,1263.0,NORMAL,System Normal ✅,Stable,Normal
226.5,5.04,1142.0,NORMAL,System Normal ✅,Stable,Normal
238.7,5.24,1251.0,CRITICAL,High Voltage ⚠️,System Load Increasing,Normal
225.4,4.23,953.0,NORMAL,System Normal ✅,Stable,Normal
236.1,4.33,1022.0,WARNING,High Voltage ⚠️,System Load Increasing,Normal
230.1,5.79,1332.0,NORMAL,System Normal ✅,Stable,Normal
237.4,5.8,1377.0,WARNING,High Voltage ⚠️,System Load Increasing,Normal
232.7,5.9,1373.0,NORMAL,System Normal ✅,Stable,Normal
232.8,5.88,1369.0,NORMAL,System Normal ✅,Stable,Normal
238.5,4.18,997.0,CRITICAL,High Voltage ⚠️,System Load Increasing,Normal
229.8,4.34,997.0,NORMAL,System Normal ✅,Stable,Normal
231.8,5.37,1245.0,NORMAL,System Normal ✅,Stable,Normal
225.2,4.4,991.0,NORMAL,System Normal ✅,Stable,Normal
213.1,4.45,948.0,NORMAL,System Normal ✅,Voltage Spike Risk,Anomaly 🚨
215.6,5.14,1108.0,NORMAL,System Normal ✅,Stable,Normal
213.9,5.14,1099.0,NORMAL,System Normal ✅,Stable,Normal
210.7,4.03,849.0,NORMAL,System Normal ✅,Stable,Normal
213.9,5.65,1209.0,NORMAL,System Normal ✅,Stable,Normal
228.6,5.32,1216.0,NORMAL,System Normal ✅,Stable,Normal
214.3,5.12,1097.0,NORMAL,System Normal ✅,Stable,Normal
212.0,4.8,1018.0,NORMAL,System Normal ✅,Stable,Normal
229.0,5.9,1351.0,NORMAL,System Normal ✅,Stable,Normal
238.7,5.6,1337.0,CRITICAL,High Voltage ⚠️,System Load Increasing,Normal
211.4,5.39,1139.0,NORMAL,System Normal ✅,Stable,Normal
216.6,4.58,992.0,NORMAL,System Normal ✅,Stable,Normal
216.5,4.8,1039.0,NORMAL,System Normal ✅,Stable,Normal
232.9,4.35,1013.0,NORMAL,System Normal ✅,System Load Increasing,Normal
231.1,4.24,980.0,NORMAL,System Normal ✅,System Load Increasing,Normal
214.5,5.69,1221.0,NORMAL,System Normal ✅,Stable,Normal
225.8,4.06,917.0,NORMAL,System Normal ✅,Stable,Normal
219.8,5.49,1207.0,NORMAL,System Normal ✅,Stable,Normal
211.7,4.22,893.0,NORMAL,System Normal ✅,Stable,Normal
222.8,4.37,974.0,NORMAL,System Normal ✅,Stable,Normal
227.4,4.83,1098.0,NORMAL,System Normal ✅,System Load Increasing,Normal
218.7,5.16,1128.0,NORMAL,System Normal ✅,Stable,Normal
215.9,5.24,1131.0,NORMAL,System Normal ✅,Stable,Normal
220.8,5.45,1203.0,NORMAL,System Normal ✅,Stable,Normal
226.6,4.83,1094.0,NORMAL,System Normal ✅,Stable,Normal
237.8,5.34,1270.0,WARNING,High Voltage ⚠️,System Load Increasing,Normal
210.6,5.72,1205.0,NORMAL,System Normal ✅,Stable,Normal
219.5,4.29,942.0,NORMAL,System Normal ✅,Stable,Normal
224.5,5.31,1192.0,NORMAL,System Normal ✅,Stable,Normal
237.1,5.77,1368.0,WARNING,High Voltage ⚠️,System Load Increasing,Normal
220.0,5.38,1184.0,NORMAL,System Normal ✅,Stable,Normal
218.9,5.65,1237.0,NORMAL,System Normal ✅,Stable,Normal
236.5,5.35,1265.0,WARNING,High Voltage ⚠️,System Load Increasing,Normal
236.3,4.7,1111.0,WARNING,High Voltage ⚠️,System Load Increasing,Normal
225.9,5.26,1188.0,NORMAL,System Normal ✅,Stable,Normal
228.3,5.46,1247.0,NORMAL,System Normal ✅,Stable,Normal
212.8,5.58,1187.0,NORMAL,System Normal ✅,Stable,Normal
235.6,4.83,1138.0,WARNING,High Voltage ⚠️,System Load Increasing,Normal
227.6,5.91,1345.0,NORMAL,System Normal ✅,Stable,Normal
220.0,5.93,1305.0,NORMAL,System Normal ✅,Stable,Normal
223.4,5.96,1331.0,NORMAL,System Normal ✅,Stable,Normal
217.0,4.61,1000.0,NORMAL,System Normal ✅,Stable,Normal
210.5,5.86,1234.0,NORMAL,System Normal ✅,Stable,Normal
214.4,5.32,1141.0,NORMAL,System Normal ✅,Stable,Normal
233.5,5.94,1387.0,NORMAL,System Normal ✅,System Load Increasing,Normal
214.6,5.75,1234.0,NORMAL,System Normal ✅,Stable,Normal
213.7,4.87,1041.0,NORMAL,System Normal ✅,Stable,Normal
230.8,4.16,960.0,NORMAL,System Normal ✅,System Load Increasing,Normal
227.0,5.49,1246.0,NORMAL,System Normal ✅,Stable,Normal
234.7,5.85,1373.0,NORMAL,System Normal ✅,System Load Increasing,Normal
229.0,4.25,973.0,NORMAL,System Normal ✅,Stable,Normal
227.7,5.49,1250.0,NORMAL,System Normal ✅,Stable,Normal
238.8,4.65,1110.0,CRITICAL,High Voltage ⚠️,System Load Increasing,Normal
215.7,4.31,930.0,NORMAL,System Normal ✅,Stable,Normal
234.0,5.06,1184.0,NORMAL,System Normal ✅,System Load Increasing,Normal
228.2,5.55,1267.0,NORMAL,System Normal ✅,Stable,Normal
213.8,4.21,900.0,NORMAL,System Normal ✅,Stable,Normal
234.9,4.28,1005.0,NORMAL,System Normal ✅,System Load Increasing,Normal
210.2,5.36,1127.0,NORMAL,System Normal ✅,Stable,Normal
239.2,4.93,1179.0,CRITICAL,High Voltage ⚠️,System Load Increasing,Normal
232.9,4.98,1160.0,NORMAL,System Normal ✅,System Load Increasing,Normal
234.8,5.61,1317.0,NORMAL,System Normal ✅,System Load Increasing,Normal
234.5,4.0,938.0,NORMAL,System Normal ✅,System Load Increasing,Normal
223.8,4.7,1052.0,NORMAL,System Normal ✅,Stable,Normal
210.0,5.79,1216.0,NORMAL,System Normal ✅,Stable,Normal
221.3,4.37,967.0,NORMAL,System Normal ✅,Stable,Normal
226.9,5.14,1166.0,NORMAL,System Normal ✅,Stable,Normal
236.1,4.02,949.0,WARNING,High Voltage ⚠️,System Load Increasing,Normal
211.3,5.64,1192.0,NORMAL,System Normal ✅,Stable,Normal
229.6,4.38,1006.0,NORMAL,System Normal ✅,Stable,Normal
224.0,4.24,950.0,NORMAL,System Normal ✅,Stable,Normal
236.2,4.57,1079.0,WARNING,High Voltage ⚠️,System Load Increasing,Normal
216.4,5.61,1214.0,NORMAL,System Normal ✅,Stable,Normal
224.3,5.34,1198.0,NORMAL,System Normal ✅,Stable,Normal
210.9,5.07,1069.0,NORMAL,System Normal ✅,Stable,Normal
221.5,4.99,1105.0,NORMAL,System Normal ✅,Stable,Normal
236.6,4.62,1093.0,WARNING,High Voltage ⚠️,System Load Increasing,Normal
214.6,5.64,1210.0,NORMAL,System Normal ✅,Stable,Normal
213.9,4.24,907.0,NORMAL,System Normal ✅,Stable,Normal
231.7,5.69,1318.0,NORMAL,System Normal ✅,System Load Increasing,Normal
235.0,4.77,1121.0,NORMAL,System Normal ✅,System Load Increasing,Normal
229.7,4.2,965.0,NORMAL,System Normal ✅,System Load Increasing,Normal
226.2,5.33,1206.0,NORMAL,System Normal ✅,Stable,Normal
222.6,4.19,933.0,NORMAL,System Normal ✅,Stable,Normal
234.3,5.48,1284.0,NORMAL,System Normal ✅,System Load Increasing,Normal
220.4,4.14,912.0,NORMAL,System Normal ✅,Stable,Normal
221.7,4.14,918.0,NORMAL,System Normal ✅,Stable,Normal
231.7,4.03,934.0,NORMAL,System Normal ✅,System Load Increasing,Normal
237.1,5.28,1252.0,WARNING,High Voltage ⚠️,System Load Increasing,Normal
237.2,5.18,1229.0,WARNING,High Voltage ⚠️,System Load Increasing,Normal
219.1,5.82,1275.0,NORMAL,System Normal ✅,Stable,Normal
227.8,5.89,1342.0,NORMAL,System Normal ✅,Stable,Normal
234.4,5.35,1254.0,NORMAL,System Normal ✅,System Load Increasing,Normal
229.2,4.84,1109.0,NORMAL,System Normal ✅,Stable,Normal
212.5,5.0,1062.0,NORMAL,System Normal ✅,Stable,Normal
238.2,4.54,1081.0,CRITICAL,High Voltage ⚠️,System Load Increasing,Normal
221.9,4.21,934.0,NORMAL,System Normal ✅,Stable,Normal
226.5,5.48,1241.0,NORMAL,System Normal ✅,Stable,Normal
211.0,5.32,1123.0,NORMAL,System Normal ✅,Voltage Spike Risk,Anomaly 🚨
227.3,4.58,1041.0,NORMAL,System Normal ✅,Stable,Normal
212.9,5.33,1135.0,NORMAL,System Normal ✅,Stable,Normal
230.0,4.57,1051.0,NORMAL,System Normal ✅,Stable,Normal
220.9,4.95,1093.0,NORMAL,System Normal ✅,Stable,Normal
223.7,5.88,1315.0,NORMAL,System Normal ✅,Stable,Normal
239.4,4.64,1111.0,CRITICAL,High Voltage ⚠️,System Load Increasing,Normal
220.8,4.3,949.0,NORMAL,System Normal ✅,Stable,Normal
236.4,4.71,1113.0,WARNING,High Voltage ⚠️,System Load Increasing,Normal
231.0,4.39,1014.0,NORMAL,System Normal ✅,Stable,Normal
216.5,4.32,935.0,NORMAL,System Normal ✅,Stable,Normal
239.8,4.99,1197.0,CRITICAL,High Voltage ⚠️,System Load Increasing,Normal
228.6,5.74,1312.0,NORMAL,System Normal ✅,Stable,Normal
237.6,4.01,953.0,WARNING,High Voltage ⚠️,System Load Increasing,Normal
232.9,4.73,1102.0,NORMAL,System Normal ✅,System Load Increasing,Normal
217.2,4.28,930.0,NORMAL,System Normal ✅,Stable,Normal
223.3,5.05,1128.0,NORMAL,System Normal ✅,Stable,Normal
235.0,4.55,1069.0,NORMAL,System Normal ✅,System Load Increasing,Normal
218.1,4.06,885.0,NORMAL,System Normal ✅,Stable,Normal
211.4,4.39,928.0,NORMAL,System Normal ✅,Stable,Normal
233.1,5.33,1242.0,NORMAL,System Normal ✅,System Load Increasing,Normal
227.9,4.3,980.0,NORMAL,System Normal ✅,Stable,Normal
238.2,4.67,1112.0,CRITICAL,High Voltage ⚠️,System Load Increasing,Normal
238.7,4.87,1162.0,CRITICAL,High Voltage ⚠️,System Load Increasing,Normal
222.6,5.57,1240.0,NORMAL,System Normal ✅,Stable,Normal
235.6,5.18,1220.0,WARNING,High Voltage ⚠️,System Load Increasing,Normal
215.1,4.33,931.0,NORMAL,System Normal ✅,Stable,Normal
230.1,4.99,1148.0,NORMAL,System Normal ✅,Stable,Normal
234.9,5.33,1252.0,NORMAL,System Normal ✅,System Load Increasing,Normal
213.0,4.23,901.0,NORMAL,System Normal ✅,Stable,Normal
238.1,5.81,1383.0,CRITICAL,High Voltage ⚠️,System Load Increasing,Normal
225.7,5.12,1156.0,NORMAL,System Normal ✅,Stable,Normal
215.0,5.83,1253.0,NORMAL,System Normal ✅,Stable,Normal
231.6,5.44,1260.0,NORMAL,System Normal ✅,Stable,Normal
224.6,5.13,1152.0,NORMAL,System Normal ✅,Stable,Normal
221.2,5.99,1325.0,NORMAL,System Normal ✅,Stable,Normal
236.9,5.06,1199.0,WARNING,High Voltage ⚠️,System Load Increasing,Normal
228.3,4.28,977.0,NORMAL,System Normal ✅,Stable,Normal
212.0,5.24,1111.0,NORMAL,System Normal ✅,Stable,Normal
232.8,5.21,1213.0,NORMAL,System Normal ✅,System Load Increasing,Normal
234.9,4.74,1113.0,NORMAL,System Normal ✅,System Load Increasing,Normal
225.6,4.51,1017.0,NORMAL,System Normal ✅,Stable,Normal
231.7,5.98,1386.0,NORMAL,System Normal ✅,Stable,Normal
211.4,5.25,1110.0,NORMAL,System Normal ✅,Stable,Normal
218.1,4.06,885.0,NORMAL,System Normal ✅,Stable,Normal
229.0,5.85,1340.0,NORMAL,System Normal ✅,Stable,Normal
214.1,4.87,1043.0,NORMAL,System Normal ✅,Stable,Normal
215.6,4.89,1054.0,NORMAL,System Normal ✅,Stable,Normal
234.5,4.36,1022.0,NORMAL,System Normal ✅,System Load Increasing,Normal
228.8,5.31,1215.0,NORMAL,System Normal ✅,Stable,Normal
213.9,5.23,1119.0,NORMAL,System Normal ✅,Stable,Normal
215.1,4.06,873.0,NORMAL,System Normal ✅,Stable,Normal
226.0,4.17,942.0,NORMAL,System Normal ✅,Stable,Normal
230.2,5.22,1202.0,NORMAL,System Normal ✅,System Load Increasing,Normal
216.8,4.41,956.0,NORMAL,System Normal ✅,Stable,Normal
219.9,4.88,1073.0,NORMAL,System Normal ✅,Stable,Normal
211.7,4.43,938.0,NORMAL,System Normal ✅,Stable,Normal
215.7,5.49,1184.0,NORMAL,System Normal ✅,Stable,Normal
223.9,5.02,1124.0,NORMAL,System Normal ✅,Stable,Normal
226.5,4.19,949.0,NORMAL,System Normal ✅,Stable,Normal
233.5,5.12,1196.0,NORMAL,System Normal ✅,System Load Increasing,Normal
213.3,4.75,1013.0,NORMAL,System Normal ✅,Stable,Normal
213.9,4.49,960.0,NORMAL,System Normal ✅,Stable,Normal
226.4,5.67,1284.0,NORMAL,System Normal ✅,System Load Increasing,Normal
214.0,5.28,1130.0,NORMAL,System Normal ✅,Stable,Normal
212.6,4.37,929.0,NORMAL,System Normal ✅,Stable,Normal
212.9,4.38,933.0,NORMAL,System Normal ✅,Stable,Normal
217.8,5.0,1089.0,NORMAL,System Normal ✅,Stable,Normal
235.3,5.69,1339.0,WARNING,High Voltage ⚠️,System Load Increasing,Normal
226.8,5.27,1195.0,NORMAL,System Normal ✅,System Load Increasing,Normal
239.4,5.84,1398.0,CRITICAL,High Voltage ⚠️,Voltage Spike Risk,Anomaly 🚨
228.1,4.94,1127.0,NORMAL,System Normal ✅,System Load Increasing,Normal
238.1,5.78,1376.0,CRITICAL,High Voltage ⚠️,System Load Increasing,Normal
211.6,4.37,925.0,NORMAL,System Normal ✅,Stable,Normal
222.4,4.94,1099.0,NORMAL,System Normal ✅,Stable,Normal
238.8,5.07,1211.0,CRITICAL,High Voltage ⚠️,System Load Increasing,Normal
231.0,4.64,1072.0,NORMAL,System Normal ✅,System Load Increasing,Normal
230.5,5.69,1312.0,NORMAL,System Normal ✅,System Load Increasing,Normal
238.5,4.29,1023.0,CRITICAL,High Voltage ⚠️,System Load Increasing,Normal
229.4,5.77,1324.0,NORMAL,System Normal ✅,Stable,Normal
235.4,5.21,1226.0,WARNING,High Voltage ⚠️,System Load Increasing,Normal
218.8,5.46,1195.0,NORMAL,System Normal ✅,Stable,Normal
232.6,4.91,1142.0,NORMAL,System Normal ✅,System Load Increasing,Normal
226.4,5.16,1168.0,NORMAL,System Normal ✅,Stable,Normal
238.8,5.66,1352.0,CRITICAL,High Voltage ⚠️,System Load Increasing,Normal
230.1,4.93,1134.0,NORMAL,System Normal ✅,Stable,Normal
222.5,4.7,1046.0,NORMAL,System Normal ✅,Stable,Normal
238.2,4.34,1034.0,CRITICAL,High Voltage ⚠️,System Load Increasing,Normal
224.8,5.5,1236.0,NORMAL,System Normal ✅,Stable,Normal
229.1,6.0,1375.0,NORMAL,System Normal ✅,Stable,Normal
210.4,5.08,1069.0,NORMAL,System Normal ✅,Voltage Spike Risk,Anomaly 🚨
225.8,4.41,996.0,NORMAL,System Normal ✅,Stable,Normal
232.9,5.53,1288.0,NORMAL,System Normal ✅,Stable,Normal
236.2,5.23,1235.0,WARNING,High Voltage ⚠️,System Load Increasing,Normal
210.7,4.59,967.0,NORMAL,System Normal ✅,Voltage Spike Risk,Anomaly 🚨
218.0,5.23,1140.0,NORMAL,System Normal ✅,Stable,Normal
233.5,4.07,950.0,NORMAL,System Normal ✅,System Load Increasing,Normal
231.7,4.41,1022.0,NORMAL,System Normal ✅,Stable,Normal
232.1,4.05,940.0,NORMAL,System Normal ✅,Stable,Normal
228.3,5.68,1297.0,NORMAL,System Normal ✅,Stable,Normal
210.1,5.9,1240.0,NORMAL,System Normal ✅,Stable,Normal
210.8,4.94,1041.0,NORMAL,System Normal ✅,Stable,Normal
223.3,5.07,1132.0,NORMAL,System Normal ✅,Stable,Normal
235.8,5.79,1365.0,WARNING,High Voltage ⚠️,System Load Increasing,Normal
214.1,4.85,1038.0,NORMAL,System Normal ✅,Stable,Normal
229.7,5.62,1291.0,NORMAL,System Normal ✅,Stable,Normal
218.3,5.48,1196.0,NORMAL,System Normal ✅,Stable,Normal
235.8,5.9,1391.0,WARNING,High Voltage ⚠️,System Load Increasing,Normal
223.2,4.89,1091.0,NORMAL,System Normal ✅,Stable,Normal
233.0,4.82,1123.0,NORMAL,System Normal ✅,System Load Increasing,Normal
210.3,4.21,885.0,NORMAL,System Normal ✅,Stable,Normal
233.1,4.19,977.0,NORMAL,System Normal ✅,System Load Increasing,Normal
224.8,4.66,1048.0,NORMAL,System Normal ✅,Stable,Normal
233.8,4.54,1061.0,NORMAL,System Normal ✅,System Load Increasing,Normal
212.7,4.8,1021.0,NORMAL,System Normal ✅,Stable,Normal
223.8,4.64,1038.0,NORMAL,System Normal ✅,Stable,Normal
233.7,5.94,1388.0,NORMAL,System Normal ✅,System Load Increasing,Normal
214.9,5.8,1246.0,NORMAL,System Normal ✅,Stable,Normal
238.6,4.68,1117.0,CRITICAL,High Voltage ⚠️,System Load Increasing,Normal
227.9,5.95,1356.0,NORMAL,System Normal ✅,Stable,Normal
237.0,5.12,1213.0,WARNING,High Voltage ⚠️,System Load Increasing,Normal
219.8,4.34,954.0,NORMAL,System Normal ✅,Stable,Normal
218.9,5.11,1119.0,NORMAL,System Normal ✅,Stable,Normal
223.8,5.31,1188.0,NORMAL,System Normal ✅,Stable,Normal
226.7,5.83,1322.0,NORMAL,System Normal ✅,Stable,Normal
212.8,5.47,1164.0,NORMAL,System Normal ✅,Stable,Normal
220.4,4.26,939.0,NORMAL,System Normal ✅,Stable,Normal
215.6,4.76,1026.0,NORMAL,System Normal ✅,Stable,Normal
239.5,4.22,1011.0,CRITICAL,High Voltage ⚠️,System Load Increasing,Normal
210.8,4.76,1003.0,NORMAL,System Normal ✅,Stable,Normal
234.2,5.11,1197.0,NORMAL,System Normal ✅,System Load Increasing,Normal
228.3,4.64,1059.0,NORMAL,System Normal ✅,Stable,Normal
233.5,5.11,1193.0,NORMAL,System Normal ✅,System Load Increasing,Normal
232.7,4.5,1047.0,NORMAL,System Normal ✅,System Load Increasing,Normal
211.4,5.89,1245.0,NORMAL,System Normal ✅,Stable,Normal
219.4,5.69,1248.0,NORMAL,System Normal ✅,Stable,Normal
230.9,4.12,951.0,NORMAL,System Normal ✅,System Load Increasing,Normal
216.0,4.02,868.0,NORMAL,System Normal ✅,Stable,Normal
225.4,5.37,1210.0,NORMAL,System Normal ✅,Stable,Normal
213.8,4.03,862.0,NORMAL,System Normal ✅,Stable,Normal
213.5,5.97,1275.0,NORMAL,System Normal ✅,Stable,Normal
219.7,4.27,938.0,NORMAL,System Normal ✅,Stable,Normal
230.7,5.13,1183.0,NORMAL,System Normal ✅,System Load Increasing,Normal
235.2,5.39,1268.0,WARNING,High Voltage ⚠️,System Load Increasing,Normal
223.8,5.81,1300.0,NORMAL,System Normal ✅,Stable,Normal
213.2,5.67,1209.0,NORMAL,System Normal ✅,Stable,Normal
218.2,4.69,1023.0,NORMAL,System Normal ✅,Stable,Normal
239.8,4.61,1105.0,CRITICAL,High Voltage ⚠️,System Load Increasing,Normal
218.8,4.8,1050.0,NORMAL,System Normal ✅,Stable,Normal
239.3,4.06,972.0,CRITICAL,High Voltage ⚠️,System Load Increasing,Normal
228.7,4.48,1025.0,NORMAL,System Normal ✅,Stable,Normal
214.1,4.45,953.0,NORMAL,System Normal ✅,Stable,Normal
235.3,5.72,1346.0,WARNING,High Voltage ⚠️,System Load Increasing,Normal
238.1,5.3,1262.0,CRITICAL,High Voltage ⚠️,System Load Increasing,Normal
230.2,4.22,971.0,NORMAL,System Normal ✅,Stable,Normal
234.5,4.97,1165.0,NORMAL,System Normal ✅,System Load Increasing,Normal
219.3,4.47,980.0,NORMAL,System Normal ✅,Stable,Normal
230.6,4.94,1139.0,NORMAL,System Normal ✅,Stable,Normal
213.9,4.06,868.0,NORMAL,System Normal ✅,Stable,Normal
231.1,4.2,971.0,NORMAL,System Normal ✅,Stable,Normal
217.4,5.76,1252.0,NORMAL,System Normal ✅,Stable,Normal
210.2,4.65,977.0,NORMAL,System Normal ✅,Stable,Normal
238.6,5.73,1367.0,CRITICAL,High Voltage ⚠️,System Load Increasing,Normal
224.7,5.02,1128.0,NORMAL,System Normal ✅,Stable,Normal
215.2,4.83,1039.0,NORMAL,System Normal ✅,Stable,Normal
211.6,5.62,1189.0,NORMAL,System Normal ✅,Stable,Normal
232.6,4.25,989.0,NORMAL,System Normal ✅,System Load Increasing,Normal
234.6,4.74,1112.0,NORMAL,System Normal ✅,System Load Increasing,Normal
231.7,5.14,1191.0,NORMAL,System Normal ✅,System Load Increasing,Normal
215.1,4.25,914.0,NORMAL,System Normal ✅,Stable,Normal
232.4,5.7,1325.0,NORMAL,System Normal ✅,System Load Increasing,Normal
231.5,4.79,1109.0,NORMAL,System Normal ✅,System Load Increasing,Normal
230.5,5.75,1325.0,NORMAL,System Normal ✅,Stable,Normal
225.4,4.28,965.0,NORMAL,System Normal ✅,Stable,Normal
221.5,4.4,975.0,NORMAL,System Normal ✅,Stable,Normal
213.2,4.18,891.0,NORMAL,System Normal ✅,Stable,Normal
219.1,5.9,1293.0,NORMAL,System Normal ✅,Stable,Normal
217.6,4.84,1053.0,NORMAL,System Normal ✅,Stable,Normal
222.1,4.39,975.0,NORMAL,System Normal ✅,Stable,Normal
239.2,4.91,1174.0,CRITICAL,High Voltage ⚠️,System Load Increasing,Normal
224.9,5.64,1268.0,NORMAL,System Normal ✅,Stable,Normal
231.2,5.25,1214.0,NORMAL,System Normal ✅,System Load Increasing,Normal
215.3,5.43,1169.0,NORMAL,System Normal ✅,Stable,Normal
219.7,5.55,1219.0,NORMAL,System Normal ✅,Stable,Normal
232.9,5.31,1237.0,NORMAL,System Normal ✅,System Load Increasing,Normal
239.9,5.68,1363.0,CRITICAL,High Voltage ⚠️,System Load Increasing,Normal
221.9,4.2,932.0,NORMAL,System Normal ✅,Stable,Normal
227.8,4.62,1052.0,NORMAL,System Normal ✅,Stable,Normal
215.7,4.07,878.0,NORMAL,System Normal ✅,Stable,Normal
228.7,4.69,1073.0,NORMAL,System Normal ✅,Stable,Normal
238.4,5.4,1287.0,CRITICAL,High Voltage ⚠️,System Load Increasing,Normal
220.4,5.26,1159.0,NORMAL,System Normal ✅,Stable,Normal
232.5,5.44,1265.0,NORMAL,System Normal ✅,System Load Increasing,Normal
215.3,4.9,1055.0,NORMAL,System Normal ✅,Stable,Normal
218.7,4.32,945.0,NORMAL,System Normal ✅,Stable,Normal
226.3,5.83,1319.0,NORMAL,System Normal ✅,Stable,Normal
220.6,4.09,902.0,NORMAL,System Normal ✅,Stable,Normal
225.5,5.26,1186.0,NORMAL,System Normal ✅,Stable,Normal
219.7,5.0,1098.0,NORMAL,System Normal ✅,Stable,Normal
228.6,5.13,1173.0,NORMAL,System Normal ✅,Stable,Normal
210.0,4.72,991.0,NORMAL,System Normal ✅,Stable,Normal
239.7,4.4,1055.0,CRITICAL,High Voltage ⚠️,System Load Increasing,Normal
220.8,5.17,1142.0,NORMAL,System Normal ✅,Stable,Normal
222.9,5.46,1217.0,NORMAL,System Normal ✅,Stable,Normal
227.5,4.08,928.0,NORMAL,System Normal ✅,Stable,Normal
210.7,4.61,971.0,NORMAL,System Normal ✅,Stable,Normal
215.1,4.03,867.0,NORMAL,System Normal ✅,Stable,Normal
215.5,5.48,1181.0,NORMAL,System Normal ✅,Stable,Normal
223.3,4.86,1085.0,NORMAL,System Normal ✅,Stable,Normal
231.0,4.16,961.0,NORMAL,System Normal ✅,System Load Increasing,Normal
238.7,5.57,1330.0,CRITICAL,High Voltage ⚠️,System Load Increasing,Normal
226.5,5.59,1266.0,NORMAL,System Normal ✅,Stable,Normal
238.2,5.71,1360.0,CRITICAL,High Voltage ⚠️,System Load Increasing,Normal
226.2,4.42,1000.0,NORMAL,System Normal ✅,Stable,Normal
230.9,5.47,1263.0,NORMAL,System Normal ✅,System Load Increasing,Normal
222.7,4.62,1029.0,NORMAL,System Normal ✅,Stable,Normal
228.9,5.95,1362.0,NORMAL,System Normal ✅,Stable,Normal
230.6,5.26,1213.0,NORMAL,System Normal ✅,System Load Increasing,Normal
212.4,5.87,1247.0,NORMAL,System Normal ✅,Stable,Normal
234.1,4.25,995.0,NORMAL,System Normal ✅,System Load Increasing,Normal
210.5,5.83,1227.0,NORMAL,System Normal ✅,Stable,Normal
229.0,4.68,1072.0,NORMAL,System Normal ✅,Stable,Normal
219.0,5.37,1176.0,NORMAL,System Normal ✅,Stable,Normal
226.3,4.02,910.0,NORMAL,System Normal ✅,Stable,Normal
214.9,5.55,1193.0,NORMAL,System Normal ✅,Stable,Normal
239.8,5.24,1257.0,CRITICAL,High Voltage ⚠️,System Load Increasing,Normal
217.2,4.06,882.0,NORMAL,System Normal ✅,Stable,Normal
213.0,5.58,1189.0,NORMAL,System Normal ✅,Stable,Normal
221.7,4.41,978.0,NORMAL,System Normal ✅,Stable,Normal
224.7,4.27,959.0,NORMAL,System Normal ✅,Stable,Normal
218.4,5.32,1162.0,NORMAL,System Normal ✅,Stable,Normal
238.4,4.77,1137.0,CRITICAL,High Voltage ⚠️,System Load Increasing,Normal
224.7,4.29,964.0,NORMAL,System Normal ✅,Stable,Normal
235.5,5.45,1283.0,WARNING,High Voltage ⚠️,System Load Increasing,Normal
234.8,4.6,1080.0,NORMAL,System Normal ✅,System Load Increasing,Normal
228.7,5.68,1299.0,NORMAL,System Normal ✅,Stable,Normal
236.7,4.35,1030.0,WARNING,High Voltage ⚠️,System Load Increasing,Normal
236.3,4.69,1108.0,WARNING,High Voltage ⚠️,System Load Increasing,Normal
213.5,4.52,965.0,NORMAL,System Normal ✅,Stable,Normal
228.2,5.82,1328.0,NORMAL,System Normal ✅,Stable,Normal
211.4,5.72,1209.0,NORMAL,System Normal ✅,Stable,Normal
215.0,4.8,1032.0,NORMAL,System Normal ✅,Stable,Normal
236.1,5.42,1280.0,WARNING,High Voltage ⚠️,System Load Increasing,Normal
236.7,5.55,1314.0,WARNING,High Voltage ⚠️,System Load Increasing,Normal
218.2,5.73,1250.0,NORMAL,System Normal ✅,Stable,Normal
210.4,5.33,1121.0,NORMAL,System Normal ✅,Stable,Normal
228.4,5.8,1325.0,NORMAL,System Normal ✅,Stable,Normal
214.0,4.86,1040.0,NORMAL,System Normal ✅,Stable,Normal
229.1,5.81,1331.0,NORMAL,System Normal ✅,Stable,Normal
220.9,5.82,1286.0,NORMAL,System Normal ✅,Stable,Normal
219.5,5.4,1185.0,NORMAL,System Normal ✅,Stable,Normal
228.9,4.27,977.0,NORMAL,System Normal ✅,Stable,Normal
235.2,4.5,1058.0,WARNING,High Voltage ⚠️,System Load Increasing,Normal
228.1,5.94,1355.0,NORMAL,System Normal ✅,Stable,Normal
212.0,5.79,1227.0,NORMAL,System Normal ✅,Stable,Normal
222.7,5.72,1274.0,NORMAL,System Normal ✅,Stable,Normal
224.2,5.4,1211.0,NORMAL,System Normal ✅,Stable,Normal
212.2,4.35,923.0,NORMAL,System Normal ✅,Stable,Normal
219.3,5.68,1246.0,NORMAL,System Normal ✅,Stable,Normal
221.8,5.52,1224.0,NORMAL,System Normal ✅,Stable,Normal
232.4,5.15,1197.0,NORMAL,System Normal ✅,System Load Increasing,Normal
239.7,5.14,1232.0,CRITICAL,High Voltage ⚠️,System Load Increasing,Normal
223.4,5.66,1264.0,NORMAL,System Normal ✅,Stable,Normal
233.9,4.06,950.0,NORMAL,System Normal ✅,System Load Increasing,Normal
212.7,4.38,932.0,NORMAL,System Normal ✅,Stable,Normal
235.6,4.45,1048.0,WARNING,High Voltage ⚠️,System Load Increasing,Normal
216.4,5.82,1259.0,NORMAL,System Normal ✅,Stable,Normal
215.4,5.0,1077.0,NORMAL,System Normal ✅,Stable,Normal
234.2,5.14,1204.0,NORMAL,System Normal ✅,System Load Increasing,Normal
223.8,4.3,962.0,NORMAL,System Normal ✅,Stable,Normal
238.4,5.6,1335.0,CRITICAL,High Voltage ⚠️,System Load Increasing,Normal
223.5,5.81,1299.0,NORMAL,System Normal ✅,Stable,Normal
211.1,5.68,1199.0,NORMAL,System Normal ✅,Stable,Normal
238.4,4.61,1099.0,CRITICAL,High Voltage ⚠️,System Load Increasing,Normal
235.6,4.6,1084.0,WARNING,High Voltage ⚠️,System Load Increasing,Normal
238.6,5.71,1362.0,CRITICAL,High Voltage ⚠️,System Load Increasing,Normal
227.4,4.73,1076.0,NORMAL,System Normal ✅,Stable,Normal
211.6,4.09,865.0,NORMAL,System Normal ✅,Stable,Normal
214.1,4.28,916.0,NORMAL,System Normal ✅,Stable,Normal
231.6,5.27,1221.0,NORMAL,System Normal ✅,Stable,Normal
234.9,4.16,977.0,NORMAL,System Normal ✅,System Load Increasing,Normal
219.8,5.65,1242.0,NORMAL,System Normal ✅,Stable,Normal
225.3,5.19,1169.0,NORMAL,System Normal ✅,Stable,Normal
224.0,4.8,1075.0,NORMAL,System Normal ✅,Stable,Normal
226.4,4.48,1014.0,NORMAL,System Normal ✅,Stable,Normal
239.1,5.42,1296.0,CRITICAL,High Voltage ⚠️,System Load Increasing,Normal
213.4,4.87,1039.0,NORMAL,System Normal ✅,Stable,Normal
212.5,4.28,910.0,NORMAL,System Normal ✅,Stable,Normal
224.6,5.38,1208.0,NORMAL,System Normal ✅,Stable,Normal
232.7,5.32,1238.0,NORMAL,System Normal ✅,System Load Increasing,Normal
218.8,4.94,1081.0,NORMAL,System Normal ✅,Stable,Normal
233.6,4.24,990.0,NORMAL,System Normal ✅,System Load Increasing,Normal
235.1,4.77,1121.0,WARNING,High Voltage ⚠️,System Load Increasing,Normal
226.1,4.01,907.0,NORMAL,System Normal ✅,Stable,Normal
225.5,4.64,1046.0,NORMAL,System Normal ✅,Stable,Normal
232.7,4.92,1145.0,NORMAL,System Normal ✅,System Load Increasing,Normal
237.0,4.49,1064.0,WARNING,High Voltage ⚠️,System Load Increasing,Normal
239.0,4.51,1078.0,CRITICAL,High Voltage ⚠️,System Load Increasing,Normal
239.4,5.86,1403.0,CRITICAL,High Voltage ⚠️,System Load Increasing,Normal
219.5,4.57,1003.0,NORMAL,System Normal ✅,Stable,Normal
221.3,5.15,1140.0,NORMAL,System Normal ✅,Stable,Normal
224.7,4.18,939.0,NORMAL,System Normal ✅,Stable,Normal
216.2,4.67,1010.0,NORMAL,System Normal ✅,Stable,Normal
216.8,4.06,880.0,NORMAL,System Normal ✅,Stable,Normal
223.4,4.88,1090.0,NORMAL,System Normal ✅,Stable,Normal
210.0,5.59,1174.0,NORMAL,System Normal ✅,Stable,Normal
227.8,5.31,1210.0,NORMAL,System Normal ✅,Stable,Normal
219.7,4.69,1030.0,NORMAL,System Normal ✅,Stable,Normal
228.8,5.16,1181.0,NORMAL,System Normal ✅,Stable,Normal
224.8,5.22,1173.0,NORMAL,System Normal ✅,Stable,Normal
224.9,5.61,1262.0,NORMAL,System Normal ✅,Stable,Normal
239.1,4.49,1074.0,CRITICAL,High Voltage ⚠️,System Load Increasing,Normal
229.9,5.3,1218.0,NORMAL,System Normal ✅,Stable,Normal
210.5,4.53,954.0,NORMAL,System Normal ✅,Stable,Normal
236.4,4.93,1165.0,WARNING,High Voltage ⚠️,System Load Increasing,Normal
226.3,5.4,1222.0,NORMAL,System Normal ✅,Stable,Normal
214.6,5.12,1099.0,NORMAL,System Normal ✅,Stable,Normal
239.8,4.48,1074.0,CRITICAL,High Voltage ⚠️,System Load Increasing,Normal
217.3,5.83,1267.0,NORMAL,System Normal ✅,Stable,Normal
232.9,4.51,1050.0,NORMAL,System Normal ✅,System Load Increasing,Normal
236.0,4.89,1154.0,WARNING,High Voltage ⚠️,System Load Increasing,Normal
215.5,4.14,892.0,NORMAL,System Normal ✅,Stable,Normal
222.2,5.78,1284.0,NORMAL,System Normal ✅,Stable,Normal
220.6,5.04,1112.0,NORMAL,System Normal ✅,Stable,Normal
229.8,5.55,1275.0,NORMAL,System Normal ✅,Stable,Normal
219.1,4.07,892.0,NORMAL,System Normal ✅,Stable,Normal
217.2,4.39,954.0,NORMAL,System Normal ✅,Stable,Normal
214.0,4.5,963.0,NORMAL,System Normal ✅,Stable,Normal
226.7,5.7,1292.0,NORMAL,System Normal ✅,Stable,Normal
236.1,4.56,1077.0,WARNING,High Voltage ⚠️,System Load Increasing,Normal
236.7,5.92,1401.0,WARNING,High Voltage ⚠️,System Load Increasing,Normal
237.2,5.0,1186.0,WARNING,High Voltage ⚠️,System Load Increasing,Normal
221.6,4.38,971.0,NORMAL,System Normal ✅,Stable,Normal
220.3,4.78,1053.0,NORMAL,System Normal ✅,Stable,Normal
234.3,5.41,1268.0,NORMAL,System Normal ✅,System Load Increasing,Normal
234.2,5.14,1204.0,NORMAL,System Normal ✅,System Load Increasing,Normal
217.2,5.9,1281.0,NORMAL,System Normal ✅,Stable,Normal
234.6,4.33,1016.0,NORMAL,System Normal ✅,System Load Increasing,Normal
224.6,5.41,1215.0,NORMAL,System Normal ✅,Stable,Normal
232.9,4.26,992.0,NORMAL,System Normal ✅,System Load Increasing,Normal
212.6,5.57,1184.0,NORMAL,System Normal ✅,Stable,Normal
235.9,5.87,1385.0,WARNING,High Voltage ⚠️,System Load Increasing,Normal
217.2,4.73,1027.0,NORMAL,System Normal ✅,Stable,Normal
213.6,4.15,886.0,NORMAL,System Normal ✅,Stable,Normal
210.7,4.58,965.0,NORMAL,System Normal ✅,Stable,Normal
227.8,5.11,1164.0,NORMAL,System Normal ✅,Stable,Normal
216.2,5.11,1105.0,NORMAL,System Normal ✅,Stable,Normal
230.4,4.45,1025.0,NORMAL,System Normal ✅,Stable,Normal
230.4,4.82,1111.0,NORMAL,System Normal ✅,Stable,Normal
228.2,5.49,1253.0,NORMAL,System Normal ✅,Stable,Normal
219.5,4.53,994.0,NORMAL,System Normal ✅,Stable,Normal
212.4,4.98,1058.0,NORMAL,System Normal ✅,Stable,Normal
224.8,5.26,1182.0,NORMAL,System Normal ✅,Stable,Normal
227.5,5.5,1251.0,NORMAL,System Normal ✅,Stable,Normal
217.9,4.76,1037.0,NORMAL,System Normal ✅,Stable,Normal
225.0,4.92,1107.0,NORMAL,System Normal ✅,Stable,Normal
235.3,4.12,969.0,WARNING,High Voltage ⚠️,System Load Increasing,Normal
230.2,4.37,1006.0,NORMAL,System Normal ✅,System Load Increasing,Normal
226.5,4.91,1112.0,NORMAL,System Normal ✅,Stable,Normal
238.9,5.91,1412.0,CRITICAL,High Voltage ⚠️,System Load Increasing,Normal
224.8,5.32,1196.0,NORMAL,System Normal ✅,Stable,Normal
239.5,5.03,1205.0,CRITICAL,High Voltage ⚠️,System Load Increasing,Normal
217.7,4.54,988.0,NORMAL,System Normal ✅,Stable,Normal
218.9,5.87,1285.0,NORMAL,System Normal ✅,Stable,Normal
224.4,5.71,1281.0,NORMAL,System Normal ✅,Stable,Normal
210.3,5.83,1226.0,NORMAL,System Normal ✅,Stable,Normal
232.6,4.41,1026.0,NORMAL,System Normal ✅,System Load Increasing,Normal
222.5,5.31,1181.0,NORMAL,System Normal ✅,Stable,Normal
219.8,5.01,1101.0,NORMAL,System Normal ✅,Stable,Normal
220.1,5.38,1184.0,NORMAL,System Normal ✅,Stable,Normal
226.6,4.89,1108.0,NORMAL,System Normal ✅,Stable,Normal
221.5,5.27,1167.0,NORMAL,System Normal ✅,Stable,Normal
227.0,5.34,1212.0,NORMAL,System Normal ✅,Stable,Normal
230.8,5.55,1281.0,NORMAL,System Normal ✅,System Load Increasing,Normal
223.2,5.21,1163.0,NORMAL,System Normal ✅,Stable,Normal
230.8,4.19,967.0,NORMAL,System Normal ✅,Stable,Normal
224.2,4.18,937.0,NORMAL,System Normal ✅,Stable,Normal
217.8,4.13,900.0,NORMAL,System Normal ✅,Stable,Normal
231.9,5.54,1285.0,NORMAL,System Normal ✅,System Load Increasing,Normal
219.2,4.1,899.0,NORMAL,System Normal ✅,Stable,Normal
221.8,4.71,1045.0,NORMAL,System Normal ✅,Stable,Normal
230.2,4.38,1008.0,NORMAL,System Normal ✅,System Load Increasing,Normal
224.2,4.93,1105.0,NORMAL,System Normal ✅,Stable,Normal
224.7,4.61,1036.0,NORMAL,System Normal ✅,Stable,Normal
236.1,4.17,985.0,WARNING,High Voltage ⚠️,System Load Increasing,Normal
230.9,4.43,1023.0,NORMAL,System Normal ✅,System Load Increasing,Normal
218.9,5.58,1221.0,NORMAL,System Normal ✅,Stable,Normal
215.3,5.3,1141.0,NORMAL,System Normal ✅,Stable,Normal
233.1,5.84,1361.0,NORMAL,System Normal ✅,System Load Increasing,Normal
214.8,4.43,952.0,NORMAL,System Normal ✅,Stable,Normal
226.0,5.62,1270.0,NORMAL,System Normal ✅,Stable,Normal
214.4,5.76,1235.0,NORMAL,System Normal ✅,Stable,Normal
218.6,4.65,1016.0,NORMAL,System Normal ✅,Stable,Normal
211.9,4.7,996.0,NORMAL,System Normal ✅,Stable,Normal
229.1,4.75,1088.0,NORMAL,System Normal ✅,System Load Increasing,Normal
231.4,5.53,1280.0,NORMAL,System Normal ✅,System Load Increasing,Normal
211.3,4.11,868.0,NORMAL,System Normal ✅,Stable,Normal
234.8,4.94,1160.0,NORMAL,System Normal ✅,System Load Increasing,Normal
230.9,5.74,1325.0,NORMAL,System Normal ✅,System Load Increasing,Normal
211.9,5.9,1250.0,NORMAL,System Normal ✅,Stable,Normal
235.0,4.86,1142.0,NORMAL,System Normal ✅,System Load Increasing,Normal
228.8,4.64,1062.0,NORMAL,System Normal ✅,Stable,Normal
239.3,5.54,1326.0,CRITICAL,High Voltage ⚠️,System Load Increasing,Normal
230.9,5.38,1242.0,NORMAL,System Normal ✅,System Load Increasing,Normal
216.5,5.85,1267.0,NORMAL,System Normal ✅,Stable,Normal
213.3,4.05,864.0,NORMAL,System Normal ✅,Stable,Normal
210.1,4.36,916.0,NORMAL,System Normal ✅,Stable,Normal
224.0,4.86,1089.0,NORMAL,System Normal ✅,Stable,Normal
227.4,5.06,1151.0,NORMAL,System Normal ✅,Stable,Normal
212.2,4.38,929.0,NORMAL,System Normal ✅,Stable,Normal
223.8,4.44,994.0,NORMAL,System Normal ✅,Stable,Normal
225.5,4.35,981.0,NORMAL,System Normal ✅,Stable,Normal
219.9,5.19,1141.0,NORMAL,System Normal ✅,Stable,Normal
218.5,5.29,1156.0,NORMAL,System Normal ✅,Stable,Normal
210.4,4.62,972.0,NORMAL,System Normal ✅,Stable,Normal
226.1,4.49,1015.0,NORMAL,System Normal ✅,Stable,Normal
218.4,5.72,1249.0,NORMAL,System Normal ✅,Stable,Normal
236.1,4.56,1077.0,WARNING,High Voltage ⚠️,System Load Increasing,Normal
223.5,4.48,1001.0,NORMAL,System Normal ✅,Stable,Normal
232.4,5.41,1257.0,NORMAL,System Normal ✅,System Load Increasing,Normal
229.5,4.46,1024.0,NORMAL,System Normal ✅,System Load Increasing,Normal
212.3,4.15,881.0,NORMAL,System Normal ✅,Stable,Normal
214.4,4.9,1051.0,NORMAL,System Normal ✅,Stable,Normal
232.4,5.86,1362.0,NORMAL,System Normal ✅,System Load Increasing,Normal
210.9,4.25,896.0,NORMAL,System Normal ✅,Stable,Normal
220.5,5.82,1283.0,NORMAL,System Normal ✅,Stable,Normal
222.7,4.04,900.0,NORMAL,System Normal ✅,Stable,Normal
225.4,5.26,1186.0,NORMAL,System Normal ✅,Stable,Normal
221.5,5.42,1201.0,NORMAL,System Normal ✅,Stable,Normal
227.2,5.71,1297.0,NORMAL,System Normal ✅,Stable,Normal
213.1,5.81,1238.0,NORMAL,System Normal ✅,Stable,Normal
224.1,4.05,908.0,NORMAL,System Normal ✅,Stable,Normal
213.5,4.82,1029.0,NORMAL,System Normal ✅,Stable,Normal
222.3,4.64,1031.0,NORMAL,System Normal ✅,Stable,Normal
235.6,5.22,1230.0,WARNING,High Voltage ⚠️,System Load Increasing,Normal
239.7,5.91,1417.0,CRITICAL,High Voltage ⚠️,System Load Increasing,Normal
212.0,4.98,1056.0,NORMAL,System Normal ✅,Stable,Normal
233.5,4.2,981.0,NORMAL,System Normal ✅,System Load Increasing,Normal
214.6,4.97,1067.0,NORMAL,System Normal ✅,Stable,Normal
219.4,4.24,930.0,NORMAL,System Normal ✅,Stable,Normal
227.7,5.06,1152.0,NORMAL,System Normal ✅,System Load Increasing,Normal
237.7,4.9,1165.0,WARNING,High Voltage ⚠️,System Load Increasing,Normal
239.8,4.75,1139.0,CRITICAL,High Voltage ⚠️,System Load Increasing,Normal
224.7,5.14,1155.0,NORMAL,System Normal ✅,Stable,Normal
226.4,5.75,1302.0,NORMAL,System Normal ✅,Stable,Normal
221.8,4.58,1016.0,NORMAL,System Normal ✅,Stable,Normal
232.8,5.63,1311.0,NORMAL,System Normal ✅,System Load Increasing,Normal
236.3,5.72,1352.0,WARNING,High Voltage ⚠️,System Load Increasing,Normal
224.7,4.65,1045.0,NORMAL,System Normal ✅,Stable,Normal
232.8,4.92,1145.0,NORMAL,System Normal ✅,System Load Increasing,Normal
230.8,4.57,1055.0,NORMAL,System Normal ✅,Stable,Normal
224.8,5.03,1131.0,NORMAL,System Normal ✅,Stable,Normal
231.1,5.69,1315.0,NORMAL,System Normal ✅,Stable,Normal
219.9,4.81,1058.0,NORMAL,System Normal ✅,Stable,Normal
211.1,5.42,1144.0,NORMAL,System Normal ✅,Stable,Normal
218.8,5.85,1280.0,NORMAL,System Normal ✅,Stable,Normal
214.5,4.45,955.0,NORMAL,System Normal ✅,Stable,Normal
231.2,4.19,969.0,NORMAL,System Normal ✅,System Load Increasing,Normal
220.0,5.14,1131.0,NORMAL,System Normal ✅,Stable,Normal
230.5,4.71,1086.0,NORMAL,System Normal ✅,Stable,Normal
218.7,4.23,925.0,NORMAL,System Normal ✅,Stable,Normal
220.2,4.46,982.0,NORMAL,System Normal ✅,Stable,Normal
212.4,4.25,903.0,NORMAL,System Normal ✅,Stable,Normal
229.0,5.79,1326.0,NORMAL,System Normal ✅,Stable,Normal
233.1,4.39,1023.0,NORMAL,System Normal ✅,System Load Increasing,Normal
231.1,4.73,1093.0,NORMAL,System Normal ✅,System Load Increasing,Normal
222.3,4.88,1085.0,NORMAL,System Normal ✅,Stable,Normal
220.0,4.68,1030.0,NORMAL,System Normal ✅,Stable,Normal
217.7,5.22,1136.0,NORMAL,System Normal ✅,Stable,Normal
237.1,5.46,1295.0,WARNING,High Voltage ⚠️,System Load Increasing,Normal
213.1,5.69,1213.0,NORMAL,System Normal ✅,Stable,Normal
234.8,5.19,1219.0,NORMAL,System Normal ✅,System Load Increasing,Normal
237.8,5.5,1308.0,WARNING,High Voltage ⚠️,System Load Increasing,Normal
223.1,5.48,1223.0,NORMAL,System Normal ✅,Stable,Normal
225.8,4.18,944.0,NORMAL,System Normal ✅,Stable,Normal
236.8,4.39,1040.0,WARNING,High Voltage ⚠️,System Load Increasing,Normal
217.5,4.81,1046.0,NORMAL,System Normal ✅,Stable,Normal
234.2,5.47,1281.0,NORMAL,System Normal ✅,System Load Increasing,Normal
222.0,5.61,1245.0,NORMAL,System Normal ✅,Stable,Normal
211.9,4.34,920.0,NORMAL,System Normal ✅,Stable,Normal
211.6,4.77,1009.0,NORMAL,System Normal ✅,Stable,Normal
238.9,5.93,1417.0,CRITICAL,High Voltage ⚠️,System Load Increasing,Normal
219.5,5.03,1104.0,NORMAL,System Normal ✅,Stable,Normal
235.7,4.41,1039.0,WARNING,High Voltage ⚠️,System Load Increasing,Normal
231.0,4.09,945.0,NORMAL,System Normal ✅,Stable,Normal
237.0,5.82,1379.0,WARNING,High Voltage ⚠️,System Load Increasing,Normal
220.4,4.48,987.0,NORMAL,System Normal ✅,Stable,Normal
213.5,4.79,1023.0,NORMAL,System Normal ✅,Stable,Normal
214.5,4.69,1006.0,NORMAL,System Normal ✅,Stable,Normal
226.0,4.03,911.0,NORMAL,System Normal ✅,Stable,Normal
228.7,5.21,1192.0,NORMAL,System Normal ✅,Stable,Normal
232.6,4.59,1068.0,NORMAL,System Normal ✅,System Load Increasing,Normal
218.7,4.99,1091.0,NORMAL,System Normal ✅,Stable,Normal
232.6,4.89,1137.0,NORMAL,System Normal ✅,System Load Increasing,Normal
231.1,5.52,1276.0,NORMAL,System Normal ✅,System Load Increasing,Normal
220.3,4.57,1007.0,NORMAL,System Normal ✅,Stable,Normal
223.2,4.12,920.0,NORMAL,System Normal ✅,Stable,Normal
212.0,4.45,943.0,NORMAL,System Normal ✅,Stable,Normal
220.1,4.61,1015.0,NORMAL,System Normal ✅,Stable,Normal
223.7,5.48,1226.0,NORMAL,System Normal ✅,Stable,Normal
230.2,4.81,1107.0,NORMAL,System Normal ✅,Stable,Normal
218.5,5.41,1182.0,NORMAL,System Normal ✅,Stable,Normal
221.2,5.5,1217.0,NORMAL,System Normal ✅,Stable,Normal
225.4,4.16,938.0,NORMAL,System Normal ✅,Stable,Normal
235.3,5.04,1186.0,WARNING,High Voltage ⚠️,System Load Increasing,Normal
239.9,5.51,1322.0,CRITICAL,High Voltage ⚠️,Voltage Spike Risk,Anomaly 🚨
211.6,4.05,857.0,NORMAL,System Normal ✅,Stable,Normal
216.7,4.1,888.0,NORMAL,System Normal ✅,Stable,Normal
216.7,4.01,869.0,NORMAL,System Normal ✅,Stable,Normal
223.6,5.79,1295.0,NORMAL,System Normal ✅,Stable,Normal
239.5,4.8,1150.0,CRITICAL,High Voltage ⚠️,System Load Increasing,Normal
222.6,5.15,1146.0,NORMAL,System Normal ✅,Stable,Normal
228.7,4.39,1004.0,NORMAL,System Normal ✅,Stable,Normal
230.8,5.06,1168.0,NORMAL,System Normal ✅,System Load Increasing,Normal
228.5,4.02,919.0,NORMAL,System Normal ✅,Stable,Normal
234.9,4.17,980.0,NORMAL,System Normal ✅,System Load Increasing,Normal
210.2,5.21,1095.0,NORMAL,System Normal ✅,Stable,Normal
232.4,5.01,1164.0,NORMAL,System Normal ✅,System Load Increasing,Normal
226.5,5.1,1155.0,NORMAL,System Normal ✅,Stable,Normal
224.9,6.0,1349.0,NORMAL,System Normal ✅,Stable,Normal
215.4,5.96,1284.0,NORMAL,System Normal ✅,Stable,Normal
228.0,4.94,1126.0,NORMAL,System Normal ✅,Stable,Normal
211.5,4.15,878.0,NORMAL,System Normal ✅,Stable,Normal
220.5,4.99,1100.0,NORMAL,System Normal ✅,Stable,Normal
231.3,5.77,1335.0,NORMAL,System Normal ✅,System Load Increasing,Normal
210.5,5.61,1181.0,NORMAL,System Normal ✅,Stable,Normal
214.2,4.31,923.0,NORMAL,System Normal ✅,Stable,Normal
210.1,4.72,992.0,NORMAL,System Normal ✅,Stable,Normal
230.9,4.86,1122.0,NORMAL,System Normal ✅,System Load Increasing,Normal
227.1,5.09,1156.0,NORMAL,System Normal ✅,Stable,Normal
225.6,4.38,988.0,NORMAL,System Normal ✅,Stable,Normal
214.5,5.41,1160.0,NORMAL,System Normal ✅,Stable,Normal
235.9,5.16,1217.0,WARNING,High Voltage ⚠️,System Load Increasing,Normal
230.4,4.43,1021.0,NORMAL,System Normal ✅,System Load Increasing,Normal
224.7,5.99,1346.0,NORMAL,System Normal ✅,Stable,Normal
229.9,4.16,956.0,NORMAL,System Normal ✅,System Load Increasing,Normal
219.6,5.97,1311.0,NORMAL,System Normal ✅,Stable,Normal
230.5,4.65,1072.0,NORMAL,System Normal ✅,System Load Increasing,Normal
222.8,4.95,1103.0,NORMAL,System Normal ✅,Stable,Normal
228.9,4.04,925.0,NORMAL,System Normal ✅,System Load Increasing,Normal
223.4,5.37,1200.0,NORMAL,System Normal ✅,Stable,Normal
239.3,5.86,1402.0,CRITICAL,High Voltage ⚠️,System Load Increasing,Normal
231.7,4.54,1052.0,NORMAL,System Normal ✅,System Load Increasing,Normal
239.9,5.76,1382.0,CRITICAL,High Voltage ⚠️,System Load Increasing,Normal
214.4,5.82,1248.0,NORMAL,System Normal ✅,Stable,Normal
223.3,4.23,945.0,NORMAL,System Normal ✅,Stable,Normal
239.0,4.26,1018.0,CRITICAL,High Voltage ⚠️,System Load Increasing,Normal
212.8,4.14,881.0,NORMAL,System Normal ✅,Stable,Normal
236.0,4.78,1128.0,WARNING,High Voltage ⚠️,System Load Increasing,Normal
210.6,5.75,1211.0,NORMAL,System Normal ✅,Stable,Normal
239.3,4.15,993.0,CRITICAL,High Voltage ⚠️,System Load Increasing,Normal
232.8,4.73,1101.0,NORMAL,System Normal ✅,Stable,Normal
220.9,4.03,890.0,NORMAL,System Normal ✅,Stable,Normal
228.2,5.26,1200.0,NORMAL,System Normal ✅,Stable,Normal
216.0,4.44,959.0,NORMAL,System Normal ✅,Stable,Normal
215.9,4.89,1056.0,NORMAL,System Normal ✅,Stable,Normal
228.7,4.9,1121.0,NORMAL,System Normal ✅,Stable,Normal
237.2,4.4,1044.0,WARNING,High Voltage ⚠️,System Load Increasing,Normal
225.4,4.86,1095.0,NORMAL,System Normal ✅,Stable,Normal
227.5,4.65,1058.0,NORMAL,System Normal ✅,Stable,Normal
222.3,4.45,989.0,NORMAL,System Normal ✅,Stable,Normal
225.2,4.48,1009.0,NORMAL,System Normal ✅,Stable,Normal
232.1,5.99,1390.0,NORMAL,System Normal ✅,System Load Increasing,Normal
226.3,5.81,1315.0,NORMAL,System Normal ✅,Stable,Normal
210.8,4.72,995.0,NORMAL,System Normal ✅,Stable,Normal
216.1,5.67,1225.0,NORMAL,System Normal ✅,Stable,Normal
236.2,4.21,994.0,WARNING,High Voltage ⚠️,System Load Increasing,Normal
239.1,5.8,1387.0,CRITICAL,High Voltage ⚠️,System Load Increasing,Normal
213.3,5.46,1165.0,NORMAL,System Normal ✅,Stable,Normal
237.9,5.47,1301.0,WARNING,High Voltage ⚠️,System Load Increasing,Normal
213.5,5.5,1174.0,NORMAL,System Normal ✅,Stable,Normal
215.4,4.92,1060.0,NORMAL,System Normal ✅,Stable,Normal
232.2,4.13,959.0,NORMAL,System Normal ✅,System Load Increasing,Normal
226.2,4.89,1106.0,NORMAL,System Normal ✅,Stable,Normal
217.6,4.52,984.0,NORMAL,System Normal ✅,Stable,Normal
236.5,4.35,1029.0,WARNING,High Voltage ⚠️,System Load Increasing,Normal
233.8,5.17,1209.0,NORMAL,System Normal ✅,System Load Increasing,Normal
228.8,4.35,995.0,NORMAL,System Normal ✅,Stable,Normal
215.5,5.49,1183.0,NORMAL,System Normal ✅,Stable,Normal
239.1,5.07,1212.0,CRITICAL,High Voltage ⚠️,System Load Increasing,Normal
238.0,5.36,1276.0,WARNING,High Voltage ⚠️,System Load Increasing,Normal
238.3,4.29,1022.0,CRITICAL,High Voltage ⚠️,System Load Increasing,Normal
219.2,5.3,1162.0,NORMAL,System Normal ✅,Stable,Normal
226.9,5.73,1300.0,NORMAL,System Normal ✅,Stable,Normal
224.9,4.34,976.0,NORMAL,System Normal ✅,Stable,Normal
214.0,5.4,1156.0,NORMAL,System Normal ✅,Stable,Normal
238.6,4.16,993.0,CRITICAL,High Voltage ⚠️,System Load Increasing,Normal
239.5,4.76,1140.0,CRITICAL,High Voltage ⚠️,System Load Increasing,Normal
228.1,5.32,1213.0,NORMAL,System Normal ✅,Stable,Normal
214.9,5.66,1216.0,NORMAL,System Normal ✅,Stable,Normal
239.1,5.49,1313.0,CRITICAL,High Voltage ⚠️,System Load Increasing,Normal
235.5,5.25,1236.0,WARNING,High Voltage ⚠️,System Load Increasing,Normal
223.3,4.49,1003.0,NORMAL,System Normal ✅,Stable,Normal
216.1,5.91,1277.0,NORMAL,System Normal ✅,Stable,Normal
226.5,5.85,1325.0,NORMAL,System Normal ✅,Stable,Normal
222.4,4.5,1001.0,NORMAL,System Normal ✅,Stable,Normal
220.9,4.41,974.0,NORMAL,System Normal ✅,Stable,Normal
215.6,5.39,1162.0,NORMAL,System Normal ✅,Stable,Normal
235.5,5.92,1394.0,WARNING,High Voltage ⚠️,System Load Increasing,Normal
215.0,5.95,1279.0,NORMAL,System Normal ✅,Stable,Normal
236.6,4.79,1133.0,WARNING,High Voltage ⚠️,System Load Increasing,Normal
214.3,4.51,966.0,NORMAL,System Normal ✅,Stable,Normal
229.4,5.31,1218.0,NORMAL,System Normal ✅,Stable,Normal
237.9,4.34,1032.0,WARNING,High Voltage ⚠️,System Load Increasing,Normal
218.5,4.25,929.0,NORMAL,System Normal ✅,Stable,Normal
224.1,5.89,1320.0,NORMAL,System Normal ✅,Stable,Normal
228.7,4.95,1132.0,NORMAL,System Normal ✅,Stable,Normal
224.3,4.36,978.0,NORMAL,System Normal ✅,Stable,Normal
235.3,5.83,1372.0,WARNING,High Voltage ⚠️,System Load Increasing,Normal
211.4,4.02,850.0,NORMAL,System Normal ✅,Stable,Normal
235.9,5.07,1196.0,WARNING,High Voltage ⚠️,System Load Increasing,Normal
239.9,5.43,1303.0,CRITICAL,High Voltage ⚠️,System Load Increasing,Normal
220.2,4.96,1092.0,NORMAL,System Normal ✅,Stable,Normal
229.9,5.72,1315.0,NORMAL,System Normal ✅,Stable,Normal
236.2,5.67,1339.0,WARNING,High Voltage ⚠️,System Load Increasing,Normal
232.2,5.55,1289.0,NORMAL,System Normal ✅,System Load Increasing,Normal
214.5,4.84,1038.0,NORMAL,System Normal ✅,Stable,Normal
216.6,5.5,1191.0,NORMAL,System Normal ✅,Stable,Normal
222.2,4.49,998.0,NORMAL,System Normal ✅,Stable,Normal
212.1,4.72,1001.0,NORMAL,System Normal ✅,Stable,Normal
221.1,4.08,902.0,NORMAL,System Normal ✅,Stable,Normal
215.5,4.3,927.0,NORMAL,System Normal ✅,Stable,Normal
239.7,4.91,1177.0,CRITICAL,High Voltage ⚠️,System Load Increasing,Normal
227.1,5.19,1179.0,NORMAL,System Normal ✅,Stable,Normal
219.0,5.33,1167.0,NORMAL,System Normal ✅,Stable,Normal
214.8,4.13,887.0,NORMAL,System Normal ✅,Stable,Normal
211.3,5.78,1221.0,NORMAL,System Normal ✅,Stable,Normal
220.5,4.5,992.0,NORMAL,System Normal ✅,Stable,Normal
233.0,4.75,1107.0,NORMAL,System Normal ✅,System Load Increasing,Normal
214.1,5.96,1276.0,NORMAL,System Normal ✅,Stable,Normal
239.3,5.46,1307.0,CRITICAL,High Voltage ⚠️,System Load Increasing,Normal
225.4,4.74,1068.0,NORMAL,System Normal ✅,Stable,Normal
218.0,4.02,876.0,NORMAL,System Normal ✅,Stable,Normal
230.0,5.83,1341.0,NORMAL,System Normal ✅,System Load Increasing,Normal
232.6,4.72,1098.0,NORMAL,System Normal ✅,System Load Increasing,Normal
211.0,4.15,876.0,NORMAL,System Normal ✅,Stable,Normal
234.1,4.7,1100.0,NORMAL,System Normal ✅,System Load Increasing,Normal
238.4,4.72,1125.0,CRITICAL,High Voltage ⚠️,System Load Increasing,Normal
239.7,5.54,1328.0,CRITICAL,High Voltage ⚠️,System Load Increasing,Normal
210.2,4.42,929.0,NORMAL,System Normal ✅,Stable,Normal
236.3,4.42,1044.0,WARNING,High Voltage ⚠️,System Load Increasing,Normal
232.8,4.9,1141.0,NORMAL,System Normal ✅,System Load Increasing,Normal
225.2,5.25,1182.0,NORMAL,System Normal ✅,Stable,Normal
221.4,5.24,1160.0,NORMAL,System Normal ✅,Stable,Normal
215.5,5.93,1278.0,NORMAL,System Normal ✅,Stable,Normal
226.5,4.81,1089.0,NORMAL,System Normal ✅,Stable,Normal
212.6,4.65,989.0,NORMAL,System Normal ✅,Stable,Normal
214.9,4.22,907.0,NORMAL,System Normal ✅,Stable,Normal
215.1,5.99,1288.0,NORMAL,System Normal ✅,Stable,Normal
219.0,5.69,1246.0,NORMAL,System Normal ✅,Stable,Normal
227.6,4.78,1088.0,NORMAL,System Normal ✅,Stable,Normal
232.4,4.07,946.0,NORMAL,System Normal ✅,System Load Increasing,Normal
225.4,4.62,1041.0,NORMAL,System Normal ✅,Stable,Normal
235.8,4.88,1151.0,WARNING,High Voltage ⚠️,System Load Increasing,Normal
223.2,5.34,1192.0,NORMAL,System Normal ✅,Stable,Normal
214.1,4.97,1064.0,NORMAL,System Normal ✅,Stable,Normal
239.8,5.92,1420.0,CRITICAL,High Voltage ⚠️,System Load Increasing,Normal
230.4,4.17,961.0,NORMAL,System Normal ✅,System Load Increasing,Normal
232.4,4.34,1009.0,NORMAL,System Normal ✅,System Load Increasing,Normal
238.0,5.89,1402.0,WARNING,High Voltage ⚠️,System Load Increasing,Normal
216.0,4.18,903.0,NORMAL,System Normal ✅,Stable,Normal
216.3,4.36,943.0,NORMAL,System Normal ✅,Stable,Normal
231.7,4.49,1040.0,NORMAL,System Normal ✅,System Load Increasing,Normal
214.3,4.48,960.0,NORMAL,System Normal ✅,Stable,Normal
218.9,4.84,1059.0,NORMAL,System Normal ✅,Stable,Normal
215.8,5.0,1079.0,NORMAL,System Normal ✅,Stable,Normal
234.1,5.13,1201.0,NORMAL,System Normal ✅,System Load Increasing,Normal
221.1,5.2,1150.0,NORMAL,System Normal ✅,Stable,Normal
210.4,4.68,985.0,NORMAL,System Normal ✅,Stable,Normal
238.1,4.9,1167.0,CRITICAL,High Voltage ⚠️,System Load Increasing,Normal
223.1,5.11,1140.0,NORMAL,System Normal ✅,Stable,Normal
215.7,6.0,1294.0,NORMAL,System Normal ✅,Stable,Normal
225.6,5.86,1322.0,NORMAL,System Normal ✅,Stable,Normal
231.3,4.75,1099.0,NORMAL,System Normal ✅,System Load Increasing,Normal
234.8,5.65,1327.0,NORMAL,System Normal ✅,System Load Increasing,Normal
235.5,4.13,973.0,WARNING,High Voltage ⚠️,System Load Increasing,Normal
221.7,4.29,951.0,NORMAL,System Normal ✅,Stable,Normal
234.4,5.18,1214.0,NORMAL,System Normal ✅,System Load Increasing,Normal
229.7,5.26,1208.0,NORMAL,System Normal ✅,Stable,Normal
217.7,5.83,1269.0,NORMAL,System Normal ✅,Stable,Normal
211.5,5.79,1225.0,NORMAL,System Normal ✅,Stable,Normal
221.5,4.77,1057.0,NORMAL,System Normal ✅,Stable,Normal
211.9,4.4,932.0,NORMAL,System Normal ✅,Stable,Normal
211.5,5.73,1212.0,NORMAL,System Normal ✅,Stable,Normal
217.8,5.59,1218.0,NORMAL,System Normal ✅,Stable,Normal
216.8,5.67,1229.0,NORMAL,System Normal ✅,Stable,Normal
230.1,5.84,1344.0,NORMAL,System Normal ✅,System Load Increasing,Normal
217.6,5.47,1190.0,NORMAL,System Normal ✅,Stable,Normal
229.1,5.32,1219.0,NORMAL,System Normal ✅,System Load Increasing,Normal
228.2,4.03,920.0,NORMAL,System Normal ✅,Stable,Normal
232.8,5.01,1166.0,NORMAL,System Normal ✅,System Load Increasing,Normal
220.3,4.05,892.0,NORMAL,System Normal ✅,Stable,Normal
230.9,5.43,1254.0,NORMAL,System Normal ✅,System Load Increasing,Normal
212.6,5.36,1140.0,NORMAL,System Normal ✅,Stable,Normal
229.1,4.8,1100.0,NORMAL,System Normal ✅,System Load Increasing,Normal
223.8,4.56,1021.0,NORMAL,System Normal ✅,Stable,Normal
211.8,5.8,1228.0,NORMAL,System Normal ✅,Stable,Normal
236.6,4.31,1020.0,WARNING,High Voltage ⚠️,System Load Increasing,Normal
230.3,4.29,988.0,NORMAL,System Normal ✅,System Load Increasing,Normal
220.4,5.65,1245.0,NORMAL,System Normal ✅,Stable,Normal
215.7,4.4,949.0,NORMAL,System Normal ✅,Stable,Normal
231.7,4.78,1108.0,NORMAL,System Normal ✅,System Load Increasing,Normal
228.1,4.11,937.0,NORMAL,System Normal ✅,Stable,Normal
218.9,4.33,948.0,NORMAL,System Normal ✅,Stable,Normal
225.1,5.76,1297.0,NORMAL,System Normal ✅,Stable,Normal
225.2,4.33,975.0,NORMAL,System Normal ✅,Stable,Normal
210.8,5.59,1178.0,NORMAL,System Normal ✅,Stable,Normal
220.0,4.17,917.0,NORMAL,System Normal ✅,Stable,Normal
212.1,4.08,865.0,NORMAL,System Normal ✅,Stable,Normal
229.5,5.45,1251.0,NORMAL,System Normal ✅,System Load Increasing,Normal
228.9,4.99,1142.0,NORMAL,System Normal ✅,System Load Increasing,Normal
219.2,5.43,1190.0,NORMAL,System Normal ✅,Stable,Normal
215.3,5.71,1229.0,NORMAL,System Normal ✅,Stable,Normal
238.8,4.24,1013.0,CRITICAL,High Voltage ⚠️,System Load Increasing,Normal
225.6,4.98,1123.0,NORMAL,System Normal ✅,Stable,Normal
222.4,5.56,1237.0,NORMAL,System Normal ✅,Stable,Normal
224.9,4.2,945.0,NORMAL,System Normal ✅,Stable,Normal
230.5,5.49,1265.0,NORMAL,System Normal ✅,System Load Increasing,Normal
232.3,5.09,1182.0,NORMAL,System Normal ✅,System Load Increasing,Normal
224.9,5.04,1133.0,NORMAL,System Normal ✅,Stable,Normal
217.0,4.38,950.0,NORMAL,System Normal ✅,Stable,Normal
228.4,5.48,1252.0,NORMAL,System Normal ✅,Stable,Normal
211.6,5.64,1193.0,NORMAL,System Normal ✅,Stable,Normal
232.7,4.53,1054.0,NORMAL,System Normal ✅,System Load Increasing,Normal
235.6,5.83,1374.0,WARNING,High Voltage ⚠️,System Load Increasing,Normal
218.9,4.47,978.0,NORMAL,System Normal ✅,Stable,Normal
221.3,4.99,1104.0,NORMAL,System Normal ✅,Stable,Normal
230.2,4.99,1149.0,NORMAL,System Normal ✅,System Load Increasing,Normal
233.2,5.55,1294.0,NORMAL,System Normal ✅,System Load Increasing,Normal
228.1,5.86,1337.0,NORMAL,System Normal ✅,Stable,Normal
231.7,5.93,1374.0,NORMAL,System Normal ✅,System Load Increasing,Normal
213.9,5.21,1114.0,NORMAL,System Normal ✅,Stable,Normal
216.4,5.7,1233.0,NORMAL,System Normal ✅,Stable,Normal
231.5,4.76,1102.0,NORMAL,System Normal ✅,System Load Increasing,Normal
213.7,4.32,923.0,NORMAL,System Normal ✅,Stable,Normal
234.6,4.4,1032.0,NORMAL,System Normal ✅,System Load Increasing,Normal
220.3,4.11,905.0,NORMAL,System Normal ✅,Stable,Normal
239.7,4.98,1194.0,CRITICAL,High Voltage ⚠️,System Load Increasing,Normal
210.6,4.55,958.0,NORMAL,System Normal ✅,Stable,Normal
227.2,5.37,1220.0,NORMAL,System Normal ✅,Stable,Normal
231.7,5.73,1328.0,NORMAL,System Normal ✅,System Load Increasing,Normal
235.5,5.39,1269.0,WARNING,High Voltage ⚠️,System Load Increasing,Normal
215.2,5.26,1132.0,NORMAL,System Normal ✅,Stable,Normal
215.7,5.64,1217.0,NORMAL,System Normal ✅,Stable,Normal
220.4,4.44,979.0,NORMAL,System Normal ✅,Stable,Normal
225.5,5.03,1134.0,NORMAL,System Normal ✅,Stable,Normal
214.5,4.16,892.0,NORMAL,System Normal ✅,Stable,Normal
215.6,4.26,918.0,NORMAL,System Normal ✅,Stable,Normal
230.2,4.8,1105.0,NORMAL,System Normal ✅,System Load Increasing,Normal
237.1,4.76,1129.0,WARNING,High Voltage ⚠️,System Load Increasing,Normal
223.3,4.22,942.0,NORMAL,System Normal ✅,Stable,Normal
229.7,4.45,1022.0,NORMAL,System Normal ✅,System Load Increasing,Normal
224.6,5.57,1251.0,NORMAL,System Normal ✅,Stable,Normal
211.3,4.25,898.0,NORMAL,System Normal ✅,Stable,Normal
236.4,4.15,981.0,WARNING,High Voltage ⚠️,System Load Increasing,Normal
213.4,4.89,1044.0,NORMAL,System Normal ✅,Stable,Normal
226.6,5.34,1210.0,NORMAL,System Normal ✅,Stable,Normal
220.4,4.62,1018.0,NORMAL,System Normal ✅,Stable,Normal
215.4,5.34,1150.0,NORMAL,System Normal ✅,Stable,Normal
210.8,5.79,1221.0,NORMAL,System Normal ✅,Stable,Normal
218.7,5.84,1277.0,NORMAL,System Normal ✅,Stable,Normal
229.3,5.85,1341.0,NORMAL,System Normal ✅,System Load Increasing,Normal
236.2,5.23,1235.0,WARNING,High Voltage ⚠️,System Load Increasing,Normal
224.7,4.14,930.0,NORMAL,System Normal ✅,Stable,Normal
220.3,4.08,899.0,NORMAL,System Normal ✅,Stable,Normal
212.5,4.83,1026.0,NORMAL,System Normal ✅,Stable,Normal
216.9,5.93,1286.0,NORMAL,System Normal ✅,Stable,Normal
222.6,5.96,1327.0,NORMAL,System Normal ✅,Stable,Normal
224.6,5.07,1139.0,NORMAL,System Normal ✅,Stable,Normal
222.9,4.56,1016.0,NORMAL,System Normal ✅,Stable,Normal
233.0,5.79,1349.0,NORMAL,System Normal ✅,System Load Increasing,Normal
229.6,4.92,1130.0,NORMAL,System Normal ✅,System Load Increasing,Normal
214.7,5.3,1138.0,NORMAL,System Normal ✅,Stable,Normal
219.4,5.2,1141.0,NORMAL,System Normal ✅,Stable,Normal
232.1,5.48,1272.0,NORMAL,System Normal ✅,System Load Increasing,Normal
223.6,5.18,1158.0,NORMAL,System Normal ✅,Stable,Normal
234.9,5.99,1407.0,NORMAL,System Normal ✅,System Load Increasing,Normal
233.6,4.94,1154.0,NORMAL,System Normal ✅,System Load Increasing,Normal
229.6,4.08,937.0,NORMAL,System Normal ✅,System Load Increasing,Normal
226.5,4.72,1069.0,NORMAL,System Normal ✅,Stable,Normal
230.4,5.1,1175.0,NORMAL,System Normal ✅,Stable,Normal
222.8,5.71,1272.0,NORMAL,System Normal ✅,Stable,Normal
216.6,5.41,1172.0,NORMAL,System Normal ✅,Stable,Normal
211.5,4.54,960.0,NORMAL,System Normal ✅,Stable,Normal
213.4,5.33,1137.0,NORMAL,System Normal ✅,Stable,Normal
226.1,4.82,1090.0,NORMAL,System Normal ✅,Stable,Normal
219.0,5.76,1261.0,NORMAL,System Normal ✅,Stable,Normal
211.3,4.23,894.0,NORMAL,System Normal ✅,Stable,Normal
230.6,4.16,959.0,NORMAL,System Normal ✅,System Load Increasing,Normal
229.7,5.26,1208.0,NORMAL,System Normal ✅,System Load Increasing,Normal
237.5,5.97,1418.0,WARNING,High Voltage ⚠️,System Load Increasing,Normal
216.8,5.01,1086.0,NORMAL,System Normal ✅,Stable,Normal
239.9,4.04,969.0,CRITICAL,High Voltage ⚠️,System Load Increasing,Normal
222.1,4.84,1075.0,NORMAL,System Normal ✅,Stable,Normal
236.1,4.28,1011.0,WARNING,High Voltage ⚠️,System Load Increasing,Normal
239.6,5.0,1198.0,CRITICAL,High Voltage ⚠️,System Load Increasing,Normal
222.4,4.94,1099.0,NORMAL,System Normal ✅,Stable,Normal
237.6,5.77,1371.0,WARNING,High Voltage ⚠️,System Load Increasing,Normal
218.2,5.11,1115.0,NORMAL,System Normal ✅,Stable,Normal
233.4,5.2,1214.0,NORMAL,System Normal ✅,System Load Increasing,Normal
215.0,4.83,1038.0,NORMAL,System Normal ✅,Stable,Normal
215.9,4.62,997.0,NORMAL,System Normal ✅,Stable,Normal
214.3,5.05,1082.0,NORMAL,System Normal ✅,Stable,Normal
217.9,5.7,1242.0,NORMAL,System Normal ✅,Stable,Normal
237.1,5.06,1200.0,WARNING,High Voltage ⚠️,System Load Increasing,Normal
216.7,5.75,1246.0,NORMAL,System Normal ✅,Stable,Normal
227.6,4.1,933.0,NORMAL,System Normal ✅,Stable,Normal
213.3,5.41,1154.0,NORMAL,System Normal ✅,Stable,Normal
216.7,5.46,1183.0,NORMAL,System Normal ✅,Stable,Normal
212.3,5.81,1233.0,NORMAL,System Normal ✅,Stable,Normal
212.1,5.14,1090.0,NORMAL,System Normal ✅,Stable,Normal
213.9,5.7,1219.0,NORMAL,System Normal ✅,Stable,Normal
232.4,4.17,969.0,NORMAL,System Normal ✅,System Load Increasing,Normal
220.1,5.77,1270.0,NORMAL,System Normal ✅,Stable,Normal
233.7,4.47,1045.0,NORMAL,System Normal ✅,System Load Increasing,Normal
212.9,5.88,1252.0,NORMAL,System Normal ✅,Stable,Normal
222.2,5.36,1191.0,NORMAL,System Normal ✅,Stable,Normal
239.0,5.63,1346.0,CRITICAL,High Voltage ⚠️,System Load Increasing,Normal
221.4,4.02,890.0,NORMAL,System Normal ✅,Stable,Normal
228.6,5.44,1244.0,NORMAL,System Normal ✅,System Load Increasing,Normal
231.8,5.08,1178.0,NORMAL,System Normal ✅,System Load Increasing,Normal
216.5,4.98,1078.0,NORMAL,System Normal ✅,Stable,Normal
235.5,5.73,1349.0,WARNING,High Voltage ⚠️,System Load Increasing,Normal
239.7,5.0,1198.0,CRITICAL,High Voltage ⚠️,System Load Increasing,Normal
238.9,4.35,1039.0,CRITICAL,High Voltage ⚠️,System Load Increasing,Normal
217.7,5.56,1210.0,NORMAL,System Normal ✅,Stable,Normal
223.8,4.47,1000.0,NORMAL,System Normal ✅,Stable,Normal
228.3,5.51,1258.0,NORMAL,System Normal ✅,Stable,Normal
210.5,4.88,1027.0,NORMAL,System Normal ✅,Collecting Data,Normal
231.4,5.33,1233.0,NORMAL,System Normal ✅,Collecting Data,Normal
230.2,5.84,1344.0,NORMAL,System Normal ✅,Collecting Data,Normal
230.6,4.56,1052.0,NORMAL,System Normal ✅,Collecting Data,Normal
212.4,5.22,1109.0,NORMAL,System Normal ✅,Stable,Normal
219.9,5.09,1119.0,NORMAL,System Normal ✅,Stable,Normal
211.7,5.23,1107.0,NORMAL,System Normal ✅,Stable,Normal
219.1,5.39,1181.0,NORMAL,System Normal ✅,Stable,Normal
233.5,4.63,1081.0,NORMAL,System Normal ✅,System Load Increasing,Normal
231.3,5.57,1288.0,NORMAL,System Normal ✅,System Load Increasing,Normal
232.3,4.61,1071.0,NORMAL,System Normal ✅,System Load Increasing,Normal
214.0,5.49,1175.0,NORMAL,System Normal ✅,Stable,Normal
218.6,4.91,1073.0,NORMAL,System Normal ✅,Stable,Normal
224.0,4.41,988.0,NORMAL,System Normal ✅,Stable,Normal
215.2,4.33,932.0,NORMAL,System Normal ✅,Stable,Normal
232.5,4.28,995.0,NORMAL,System Normal ✅,System Load Increasing,Normal
210.7,5.66,1193.0,NORMAL,System Normal ✅,Stable,Normal
220.1,4.33,953.0,NORMAL,System Normal ✅,Stable,Normal
229.5,4.52,1037.0,NORMAL,System Normal ✅,System Load Increasing,Normal
224.7,5.29,1189.0,NORMAL,System Normal ✅,Stable,Normal
226.7,4.44,1007.0,NORMAL,System Normal ✅,Stable,Normal
217.9,5.79,1262.0,NORMAL,System Normal ✅,Stable,Normal
238.1,4.96,1181.0,CRITICAL,High Voltage ⚠️,System Load Increasing,Normal
232.6,4.62,1075.0,NORMAL,System Normal ✅,System Load Increasing,Normal
234.9,5.41,1271.0,NORMAL,System Normal ✅,System Load Increasing,Normal
229.9,5.74,1320.0,NORMAL,System Normal ✅,System Load Increasing,Normal
232.2,4.04,938.0,NORMAL,System Normal ✅,System Load Increasing,Normal
227.3,5.39,1225.0,NORMAL,System Normal ✅,Stable,Normal
234.0,4.97,1163.0,NORMAL,System Normal ✅,System Load Increasing,Normal
230.8,4.35,1004.0,NORMAL,System Normal ✅,Stable,Normal
216.0,4.09,883.0,NORMAL,System Normal ✅,Stable,Normal
226.5,4.59,1040.0,NORMAL,System Normal ✅,Stable,Normal
232.5,4.53,1053.0,NORMAL,System Normal ✅,System Load Increasing,Normal
233.7,4.64,1084.0,NORMAL,System Normal ✅,System Load Increasing,Normal
239.3,5.81,1390.0,CRITICAL,High Voltage ⚠️,System Load Increasing,Normal
235.4,4.53,1066.0,WARNING,High Voltage ⚠️,System Load Increasing,Normal
225.7,4.29,968.0,NORMAL,System Normal ✅,Stable,Normal
227.1,5.01,1138.0,NORMAL,System Normal ✅,Stable,Normal
217.3,5.56,1208.0,NORMAL,System Normal ✅,Stable,Normal
230.2,4.36,1004.0,NORMAL,System Normal ✅,Stable,Normal
238.0,6.0,1428.0,WARNING,High Voltage ⚠️,System Load Increasing,Normal
239.2,4.69,1122.0,CRITICAL,High Voltage ⚠️,System Load Increasing,Normal
225.3,5.75,1295.0,NORMAL,System Normal ✅,Stable,Normal
215.0,4.27,918.0,NORMAL,System Normal ✅,Voltage Spike Risk,Anomaly 🚨
223.7,5.47,1224.0,NORMAL,System Normal ✅,Stable,Normal
225.7,5.91,1334.0,NORMAL,System Normal ✅,Stable,Normal
219.4,4.65,1020.0,NORMAL,System Normal ✅,Stable,Normal
216.9,5.48,1189.0,NORMAL,System Normal ✅,Stable,Normal
238.3,4.84,1153.0,CRITICAL,High Voltage ⚠️,System Load Increasing,Normal
226.4,4.6,1041.0,NORMAL,System Normal ✅,Stable,Normal
215.5,4.65,1002.0,NORMAL,System Normal ✅,Stable,Normal
221.6,5.42,1201.0,NORMAL,System Normal ✅,Stable,Normal
230.6,5.57,1284.0,NORMAL,System Normal ✅,Stable,Normal
212.3,4.19,890.0,NORMAL,System Normal ✅,Stable,Normal
227.7,4.66,1061.0,NORMAL,System Normal ✅,Stable,Normal
221.3,5.61,1241.0,NORMAL,System Normal ✅,Stable,Normal
237.1,5.11,1212.0,WARNING,High Voltage ⚠️,System Load Increasing,Normal
219.7,5.05,1109.0,NORMAL,System Normal ✅,Stable,Normal
232.3,4.61,1071.0,NORMAL,System Normal ✅,System Load Increasing,Normal
216.3,4.11,889.0,NORMAL,System Normal ✅,Stable,Normal
223.5,5.67,1267.0,NORMAL,System Normal ✅,Stable,Normal
223.2,4.85,1083.0,NORMAL,System Normal ✅,Stable,Normal
214.1,5.38,1152.0,NORMAL,System Normal ✅,Stable,Normal
222.3,5.57,1238.0,NORMAL,System Normal ✅,Stable,Normal
238.6,4.07,971.0,CRITICAL,High Voltage ⚠️,System Load Increasing,Normal
239.0,5.85,1398.0,CRITICAL,High Voltage ⚠️,System Load Increasing,Normal
239.6,5.27,1263.0,CRITICAL,High Voltage ⚠️,System Load Increasing,Normal
223.2,4.03,899.0,NORMAL,System Normal ✅,Stable,Normal
224.1,5.8,1300.0,NORMAL,System Normal ✅,Stable,Normal
218.2,5.77,1259.0,NORMAL,System Normal ✅,Stable,Normal
234.9,4.33,1017.0,NORMAL,System Normal ✅,System Load Increasing,Normal
218.3,5.53,1207.0,NORMAL,System Normal ✅,Stable,Normal
219.6,4.85,1065.0,NORMAL,System Normal ✅,Stable,Normal
211.7,5.58,1181.0,NORMAL,System Normal ✅,Stable,Normal
229.1,5.46,1251.0,NORMAL,System Normal ✅,Stable,Normal
238.4,4.67,1113.0,CRITICAL,High Voltage ⚠️,System Load Increasing,Normal
212.9,4.67,994.0,NORMAL,System Normal ✅,Stable,Normal
238.6,4.16,993.0,CRITICAL,High Voltage ⚠️,System Load Increasing,Normal
218.2,5.4,1178.0,NORMAL,System Normal ✅,Stable,Normal
220.2,5.5,1211.0,NORMAL,System Normal ✅,Stable,Normal
229.5,5.03,1154.0,NORMAL,System Normal ✅,Stable,Normal
217.6,5.2,1132.0,NORMAL,System Normal ✅,Stable,Normal
219.3,4.27,936.0,NORMAL,System Normal ✅,Stable,Normal
217.6,5.04,1097.0,NORMAL,System Normal ✅,Stable,Normal
223.4,5.23,1168.0,NORMAL,System Normal ✅,Stable,Normal
230.9,5.5,1270.0,NORMAL,System Normal ✅,System Load Increasing,Normal
211.3,5.41,1143.0,NORMAL,System Normal ✅,Stable,Normal
236.6,4.62,1093.0,WARNING,High Voltage ⚠️,System Load Increasing,Normal
220.2,4.37,962.0,NORMAL,System Normal ✅,Stable,Normal
213.7,4.42,945.0,NORMAL,System Normal ✅,Stable,Normal
237.8,4.64,1103.0,WARNING,High Voltage ⚠️,System Load Increasing,Normal
233.2,5.33,1243.0,NORMAL,System Normal ✅,System Load Increasing,Normal
229.6,4.68,1075.0,NORMAL,System Normal ✅,System Load Increasing,Normal
222.1,4.48,995.0,NORMAL,System Normal ✅,Stable,Normal
219.9,4.38,963.0,NORMAL,System Normal ✅,Stable,Normal
211.3,4.25,898.0,NORMAL,System Normal ✅,Stable,Normal
223.9,4.69,1050.0,NORMAL,System Normal ✅,Stable,Normal
234.9,4.17,980.0,NORMAL,System Normal ✅,System Load Increasing,Normal
236.7,4.7,1112.0,WARNING,High Voltage ⚠️,System Load Increasing,Normal
229.8,4.48,1030.0,NORMAL,System Normal ✅,Stable,Normal
215.5,5.96,1284.0,NORMAL,System Normal ✅,Stable,Normal
235.9,4.32,1019.0,WARNING,High Voltage ⚠️,System Load Increasing,Normal
220.4,4.52,996.0,NORMAL,System Normal ✅,Stable,Normal
219.3,4.56,1000.0,NORMAL,System Normal ✅,Stable,Normal
224.5,4.12,925.0,NORMAL,System Normal ✅,Stable,Normal
227.0,5.29,1201.0,NORMAL,System Normal ✅,Stable,Normal
228.0,4.47,1019.0,NORMAL,System Normal ✅,Stable,Normal
210.4,4.98,1048.0,NORMAL,System Normal ✅,Stable,Normal
226.5,4.35,985.0,NORMAL,System Normal ✅,Stable,Normal
226.3,4.19,948.0,NORMAL,System Normal ✅,Stable,Normal
234.9,5.3,1245.0,NORMAL,System Normal ✅,System Load Increasing,Normal
238.9,5.5,1314.0,CRITICAL,High Voltage ⚠️,System Load Increasing,Normal
217.2,5.91,1284.0,NORMAL,System Normal ✅,Stable,Normal
215.0,5.95,1279.0,NORMAL,System Normal ✅,Stable,Normal
210.2,4.4,925.0,NORMAL,System Normal ✅,Stable,Normal
210.5,4.63,975.0,NORMAL,System Normal ✅,Stable,Normal
221.0,5.12,1132.0,NORMAL,System Normal ✅,Stable,Normal
217.9,4.95,1079.0,NORMAL,System Normal ✅,Stable,Normal
226.9,5.36,1216.0,NORMAL,System Normal ✅,Stable,Normal
230.5,5.83,1344.0,NORMAL,System Normal ✅,System Load Increasing,Normal
220.0,4.32,950.0,NORMAL,System Normal ✅,Stable,Normal
213.0,5.98,1274.0,NORMAL,System Normal ✅,Stable,Normal
215.6,5.09,1097.0,NORMAL,System Normal ✅,Stable,Normal
232.0,4.77,1107.0,NORMAL,System Normal ✅,System Load Increasing,Normal
212.2,4.68,993.0,NORMAL,System Normal ✅,Stable,Normal
216.3,5.59,1209.0,NORMAL,System Normal ✅,Stable,Normal
236.2,4.1,968.0,WARNING,High Voltage ⚠️,System Load Increasing,Normal
229.7,5.29,1215.0,NORMAL,System Normal ✅,System Load Increasing,Normal
224.3,5.63,1263.0,NORMAL,System Normal ✅,Stable,Normal
210.9,5.51,1162.0,NORMAL,System Normal ✅,Stable,Normal
236.5,4.63,1095.0,WARNING,High Voltage ⚠️,System Load Increasing,Normal
237.7,4.41,1048.0,WARNING,High Voltage ⚠️,System Load Increasing,Normal
210.5,5.08,1069.0,NORMAL,System Normal ✅,Stable,Normal
214.8,4.93,1059.0,NORMAL,System Normal ✅,Stable,Normal
214.8,4.26,915.0,NORMAL,System Normal ✅,Stable,Normal
231.2,5.53,1279.0,NORMAL,System Normal ✅,System Load Increasing,Normal
231.8,4.11,953.0,NORMAL,System Normal ✅,System Load Increasing,Normal
236.6,5.07,1200.0,WARNING,High Voltage ⚠️,System Load Increasing,Normal
214.9,4.75,1021.0,NORMAL,System Normal ✅,Stable,Normal
231.9,5.65,1310.0,NORMAL,System Normal ✅,System Load Increasing,Normal
232.4,5.39,1253.0,NORMAL,System Normal ✅,System Load Increasing,Normal
214.5,4.91,1053.0,NORMAL,System Normal ✅,Stable,Normal
239.6,5.84,1399.0,CRITICAL,High Voltage ⚠️,System Load Increasing,Normal
223.0,4.56,1017.0,NORMAL,System Normal ✅,Stable,Normal
218.7,4.99,1091.0,NORMAL,System Normal ✅,Stable,Normal
227.6,5.64,1284.0,NORMAL,System Normal ✅,Stable,Normal
227.1,4.44,1008.0,NORMAL,System Normal ✅,Stable,Normal
226.0,4.81,1087.0,NORMAL,System Normal ✅,Stable,Normal
233.7,4.31,1007.0,NORMAL,System Normal ✅,System Load Increasing,Normal
221.1,5.42,1198.0,NORMAL,System Normal ✅,Stable,Normal
225.3,4.08,919.0,NORMAL,System Normal ✅,Stable,Normal
218.4,5.63,1230.0,NORMAL,System Normal ✅,Stable,Normal
222.2,5.15,1144.0,NORMAL,System Normal ✅,Stable,Normal
232.3,5.99,1391.0,NORMAL,System Normal ✅,System Load Increasing,Normal
221.0,4.89,1081.0,NORMAL,System Normal ✅,Stable,Normal
222.4,5.49,1221.0,NORMAL,System Normal ✅,Stable,Normal
237.0,4.9,1161.0,WARNING,High Voltage ⚠️,System Load Increasing,Normal
219.0,5.47,1198.0,NORMAL,System Normal ✅,Stable,Normal
219.1,5.09,1115.0,NORMAL,System Normal ✅,Stable,Normal
227.9,4.58,1044.0,NORMAL,System Normal ✅,Stable,Normal
235.9,5.28,1246.0,WARNING,High Voltage ⚠️,System Load Increasing,Normal
221.2,4.03,891.0,NORMAL,System Normal ✅,Stable,Normal
212.3,4.51,957.0,NORMAL,System Normal ✅,Stable,Normal
214.7,5.78,1241.0,NORMAL,System Normal ✅,Stable,Normal
222.3,4.35,967.0,NORMAL,System Normal ✅,Stable,Normal
215.0,5.46,1174.0,NORMAL,System Normal ✅,Stable,Normal
215.1,4.27,918.0,NORMAL,System Normal ✅,Stable,Normal
213.8,4.99,1067.0,NORMAL,System Normal ✅,Stable,Normal
219.4,5.28,1158.0,NORMAL,System Normal ✅,Stable,Normal
226.0,4.6,1040.0,NORMAL,System Normal ✅,Stable,Normal
230.2,5.58,1285.0,NORMAL,System Normal ✅,System Load Increasing,Normal
238.2,4.82,1148.0,CRITICAL,High Voltage ⚠️,System Load Increasing,Normal
232.3,5.78,1343.0,NORMAL,System Normal ✅,System Load Increasing,Normal
234.6,6.0,1408.0,NORMAL,System Normal ✅,System Load Increasing,Normal
216.0,5.36,1158.0,NORMAL,System Normal ✅,Stable,Normal
224.8,5.51,1239.0,NORMAL,System Normal ✅,Stable,Normal
220.6,4.79,1057.0,NORMAL,System Normal ✅,Stable,Normal
213.8,5.32,1137.0,NORMAL,System Normal ✅,Stable,Normal
232.9,5.51,1283.0,NORMAL,System Normal ✅,System Load Increasing,Normal
226.9,5.72,1298.0,NORMAL,System Normal ✅,Stable,Normal
232.9,5.7,1328.0,NORMAL,System Normal ✅,System Load Increasing,Normal
213.2,4.04,861.0,NORMAL,System Normal ✅,Stable,Normal
220.2,5.76,1268.0,NORMAL,System Normal ✅,Stable,Normal
213.2,5.7,1215.0,NORMAL,System Normal ✅,Stable,Normal
217.3,4.1,891.0,NORMAL,System Normal ✅,Stable,Normal
210.1,5.4,1135.0,NORMAL,System Normal ✅,Stable,Normal
234.0,4.77,1116.0,NORMAL,System Normal ✅,System Load Increasing,Normal
228.5,5.15,1177.0,NORMAL,System Normal ✅,Stable,Normal
220.8,5.47,1208.0,NORMAL,System Normal ✅,Stable,Normal
217.8,5.87,1278.0,NORMAL,System Normal ✅,Stable,Normal
228.6,4.33,990.0,NORMAL,System Normal ✅,Stable,Normal
214.1,4.51,966.0,NORMAL,System Normal ✅,Stable,Normal
219.6,4.09,898.0,NORMAL,System Normal ✅,Stable,Normal
218.3,5.6,1222.0,NORMAL,System Normal ✅,Stable,Normal
222.8,4.54,1012.0,NORMAL,System Normal ✅,Stable,Normal
226.8,5.34,1211.0,NORMAL,System Normal ✅,System Load Increasing,Normal
229.1,4.38,1003.0,NORMAL,System Normal ✅,System Load Increasing,Normal
234.0,4.74,1109.0,NORMAL,System Normal ✅,System Load Increasing,Normal
211.0,5.14,1085.0,NORMAL,System Normal ✅,Stable,Normal
220.4,5.88,1296.0,NORMAL,System Normal ✅,Stable,Normal
237.7,5.11,1215.0,WARNING,High Voltage ⚠️,System Load Increasing,Normal
232.2,4.06,943.0,NORMAL,System Normal ✅,System Load Increasing,Normal
238.3,5.67,1351.0,CRITICAL,High Voltage ⚠️,System Load Increasing,Normal
217.4,5.56,1209.0,NORMAL,System Normal ✅,Stable,Normal
210.0,5.04,1058.0,NORMAL,System Normal ✅,Stable,Normal
231.7,5.97,1383.0,NORMAL,System Normal ✅,System Load Increasing,Normal
227.3,5.28,1200.0,NORMAL,System Normal ✅,Stable,Normal
238.0,4.21,1002.0,WARNING,High Voltage ⚠️,System Load Increasing,Normal
229.1,4.49,1029.0,NORMAL,System Normal ✅,Stable,Normal
225.1,5.88,1324.0,NORMAL,System Normal ✅,Stable,Normal
229.9,5.9,1356.0,NORMAL,System Normal ✅,Stable,Normal
238.9,5.17,1235.0,CRITICAL,High Voltage ⚠️,System Load Increasing,Normal
226.4,5.11,1157.0,NORMAL,System Normal ✅,Stable,Normal
228.0,4.71,1074.0,NORMAL,System Normal ✅,Stable,Normal
230.2,4.96,1142.0,NORMAL,System Normal ✅,Stable,Normal
236.2,5.91,1396.0,WARNING,High Voltage ⚠️,System Load Increasing,Normal
236.4,4.47,1057.0,WARNING,High Voltage ⚠️,System Load Increasing,Normal
236.7,5.67,1342.0,WARNING,High Voltage ⚠️,System Load Increasing,Normal
221.0,5.79,1280.0,NORMAL,System Normal ✅,Stable,Normal
239.1,5.69,1360.0,CRITICAL,High Voltage ⚠️,System Load Increasing,Normal
222.5,4.69,1044.0,NORMAL,System Normal ✅,Stable,Normal
220.8,4.38,967.0,NORMAL,System Normal ✅,Stable,Normal
211.3,4.85,1025.0,NORMAL,System Normal ✅,Stable,Normal
239.9,4.76,1142.0,CRITICAL,High Voltage ⚠️,System Load Increasing,Normal
218.4,5.09,1112.0,NORMAL,System Normal ✅,Stable,Normal
214.8,4.1,881.0,NORMAL,System Normal ✅,Stable,Normal
227.7,4.48,1020.0,NORMAL,System Normal ✅,Stable,Normal
218.2,5.28,1152.0,NORMAL,System Normal ✅,Stable,Normal
217.1,4.64,1007.0,NORMAL,System Normal ✅,Stable,Normal
235.0,5.4,1269.0,NORMAL,System Normal ✅,System Load Increasing,Normal
216.7,4.02,871.0,NORMAL,System Normal ✅,Stable,Normal
220.2,5.66,1246.0,NORMAL,System Normal ✅,Stable,Normal
211.7,5.47,1158.0,NORMAL,System Normal ✅,Stable,Normal
229.6,4.85,1114.0,NORMAL,System Normal ✅,Stable,Normal
226.5,4.74,1074.0,NORMAL,System Normal ✅,Stable,Normal
231.1,5.05,1167.0,NORMAL,System Normal ✅,System Load Increasing,Normal
219.8,4.15,912.0,NORMAL,System Normal ✅,Stable,Normal
212.3,4.43,940.0,NORMAL,System Normal ✅,Stable,Normal
221.5,5.88,1302.0,NORMAL,System Normal ✅,Stable,Normal
216.7,4.52,979.0,NORMAL,System Normal ✅,Stable,Normal
214.4,4.83,1036.0,NORMAL,System Normal ✅,Stable,Normal
214.3,5.66,1213.0,NORMAL,System Normal ✅,Stable,Normal
218.1,4.07,888.0,NORMAL,System Normal ✅,Stable,Normal
220.8,4.94,1091.0,NORMAL,System Normal ✅,Stable,Normal
211.7,4.27,904.0,NORMAL,System Normal ✅,Stable,Normal
227.6,4.17,949.0,NORMAL,System Normal ✅,System Load Increasing,Normal
234.0,5.9,1381.0,NORMAL,System Normal ✅,System Load Increasing,Normal
217.3,5.83,1267.0,NORMAL,System Normal ✅,Stable,Normal
229.4,4.74,1087.0,NORMAL,System Normal ✅,System Load Increasing,Normal
221.5,5.65,1251.0,NORMAL,System Normal ✅,Stable,Normal
221.0,4.74,1048.0,NORMAL,System Normal ✅,Stable,Normal
228.5,4.52,1033.0,NORMAL,System Normal ✅,System Load Increasing,Normal
226.6,5.27,1194.0,NORMAL,System Normal ✅,Stable,Normal
231.1,5.78,1336.0,NORMAL,System Normal ✅,System Load Increasing,Normal
225.0,5.93,1334.0,NORMAL,System Normal ✅,Stable,Normal
214.6,4.95,1062.0,NORMAL,System Normal ✅,Stable,Normal
234.9,4.81,1130.0,NORMAL,System Normal ✅,System Load Increasing,Normal
230.9,4.8,1108.0,NORMAL,System Normal ✅,System Load Increasing,Normal
222.2,5.92,1315.0,NORMAL,System Normal ✅,Stable,Normal
224.7,5.93,1332.0,NORMAL,System Normal ✅,Stable,Normal
235.6,5.76,1357.0,WARNING,High Voltage ⚠️,System Load Increasing,Normal
211.9,4.37,926.0,NORMAL,System Normal ✅,Stable,Normal
233.5,5.71,1333.0,NORMAL,System Normal ✅,System Load Increasing,Normal
238.6,4.21,1005.0,CRITICAL,High Voltage ⚠️,System Load Increasing,Normal
215.6,4.47,964.0,NORMAL,System Normal ✅,Stable,Normal
228.3,5.15,1176.0,NORMAL,System Normal ✅,Stable,Normal
239.7,4.62,1107.0,CRITICAL,High Voltage ⚠️,System Load Increasing,Normal
222.9,4.59,1023.0,NORMAL,System Normal ✅,Stable,Normal
235.6,4.3,1013.0,WARNING,High Voltage ⚠️,System Load Increasing,Normal
228.4,4.57,1044.0,NORMAL,System Normal ✅,Stable,Normal
237.7,5.92,1407.0,WARNING,High Voltage ⚠️,System Load Increasing,Normal
219.7,5.04,1107.0,NORMAL,System Normal ✅,Stable,Normal
221.2,5.69,1259.0,NORMAL,System Normal ✅,Stable,Normal
217.3,4.45,967.0,NORMAL,System Normal ✅,Stable,Normal
226.3,4.87,1102.0,NORMAL,System Normal ✅,Stable,Normal
210.5,4.2,884.0,NORMAL,System Normal ✅,Stable,Normal
212.0,4.05,859.0,NORMAL,System Normal ✅,Stable,Normal
239.7,5.75,1378.0,CRITICAL,High Voltage ⚠️,System Load Increasing,Normal
225.1,5.87,1321.0,NORMAL,System Normal ✅,Stable,Normal
228.2,4.14,945.0,NORMAL,System Normal ✅,Stable,Normal
210.6,4.11,866.0,NORMAL,System Normal ✅,Stable,Normal
226.9,4.89,1110.0,NORMAL,System Normal ✅,Stable,Normal
221.1,4.63,1024.0,NORMAL,System Normal ✅,Stable,Normal
223.8,4.78,1070.0,NORMAL,System Normal ✅,Stable,Normal
218.8,5.19,1136.0,NORMAL,System Normal ✅,Stable,Normal
236.2,5.63,1330.0,WARNING,High Voltage ⚠️,System Load Increasing,Normal
212.9,4.43,943.0,NORMAL,System Normal ✅,Stable,Normal
235.7,5.88,1386.0,WARNING,High Voltage ⚠️,System Load Increasing,Normal
212.3,4.17,885.0,NORMAL,System Normal ✅,Stable,Normal
213.7,5.91,1263.0,NORMAL,System Normal ✅,Stable,Normal
237.0,4.49,1064.0,WARNING,High Voltage ⚠️,System Load Increasing,Normal
220.4,4.76,1049.0,NORMAL,System Normal ✅,Stable,Normal
210.4,4.76,1002.0,NORMAL,System Normal ✅,Stable,Normal
228.4,5.46,1247.0,NORMAL,System Normal ✅,System Load Increasing,Normal
212.6,5.56,1182.0,NORMAL,System Normal ✅,Stable,Normal
229.7,4.39,1008.0,NORMAL,System Normal ✅,System Load Increasing,Normal
230.8,5.72,1320.0,NORMAL,System Normal ✅,System Load Increasing,Normal
229.7,5.41,1243.0,NORMAL,System Normal ✅,System Load Increasing,Normal
223.8,4.28,958.0,NORMAL,System Normal ✅,Stable,Normal
216.7,4.67,1012.0,NORMAL,System Normal ✅,Stable,Normal
212.1,4.18,887.0,NORMAL,System Normal ✅,Stable,Normal
229.0,5.83,1335.0,NORMAL,System Normal ✅,System Load Increasing,Normal
214.1,4.51,966.0,NORMAL,System Normal ✅,Stable,Normal
226.7,5.35,1213.0,NORMAL,System Normal ✅,Stable,Normal
212.1,4.65,986.0,NORMAL,System Normal ✅,Stable,Normal
229.7,5.68,1305.0,NORMAL,System Normal ✅,System Load Increasing,Normal
227.8,5.54,1262.0,NORMAL,System Normal ✅,System Load Increasing,Normal
238.3,4.03,960.0,CRITICAL,High Voltage ⚠️,System Load Increasing,Normal
218.7,4.32,945.0,NORMAL,System Normal ✅,Stable,Normal
235.2,5.83,1371.0,WARNING,High Voltage ⚠️,System Load Increasing,Normal
220.3,5.66,1247.0,NORMAL,System Normal ✅,Stable,Normal
234.5,4.68,1097.0,NORMAL,System Normal ✅,System Load Increasing,Normal
217.2,5.93,1288.0,NORMAL,System Normal ✅,Stable,Normal
239.1,4.66,1114.0,CRITICAL,High Voltage ⚠️,System Load Increasing,Normal
218.9,5.76,1261.0,NORMAL,System Normal ✅,Stable,Normal
222.1,5.4,1199.0,NORMAL,System Normal ✅,Stable,Normal
213.0,6.0,1278.0,NORMAL,System Normal ✅,Stable,Normal
228.5,5.53,1264.0,NORMAL,System Normal ✅,Stable,Normal
230.4,4.1,945.0,NORMAL,System Normal ✅,System Load Increasing,Normal
238.3,5.7,1358.0,CRITICAL,High Voltage ⚠️,System Load Increasing,Normal
228.9,5.23,1197.0,NORMAL,System Normal ✅,Stable,Normal
229.7,4.91,1128.0,NORMAL,System Normal ✅,Stable,Normal
220.4,5.44,1199.0,NORMAL,System Normal ✅,Stable,Normal
240.0,5.54,1330.0,CRITICAL,High Voltage ⚠️,System Load Increasing,Normal
226.9,4.1,930.0,NORMAL,System Normal ✅,Stable,Normal
223.6,4.24,948.0,NORMAL,System Normal ✅,Stable,Normal
213.5,5.43,1159.0,NORMAL,System Normal ✅,Stable,Normal
229.8,4.98,1144.0,NORMAL,System Normal ✅,Stable,Normal
239.7,4.68,1122.0,CRITICAL,High Voltage ⚠️,System Load Increasing,Normal
238.0,4.4,1047.0,WARNING,High Voltage ⚠️,System Load Increasing,Normal
226.5,4.83,1094.0,NORMAL,System Normal ✅,Stable,Normal
226.1,5.8,1311.0,NORMAL,System Normal ✅,Stable,Normal
226.6,5.91,1339.0,NORMAL,System Normal ✅,Stable,Normal
239.7,4.05,971.0,CRITICAL,High Voltage ⚠️,System Load Increasing,Normal
218.9,4.82,1055.0,NORMAL,System Normal ✅,Stable,Normal
232.5,5.53,1286.0,NORMAL,System Normal ✅,Stable,Normal
229.4,5.55,1273.0,NORMAL,System Normal ✅,Stable,Normal
226.0,5.05,1141.0,NORMAL,System Normal ✅,Stable,Normal
231.4,4.84,1120.0,NORMAL,System Normal ✅,Stable,Normal
212.7,5.48,1166.0,NORMAL,System Normal ✅,Stable,Normal
221.4,4.62,1023.0,NORMAL,System Normal ✅,Stable,Normal
218.4,5.21,1138.0,NORMAL,System Normal ✅,Stable,Normal
233.1,5.39,1256.0,NORMAL,System Normal ✅,System Load Increasing,Normal
231.1,5.07,1172.0,NORMAL,System Normal ✅,Stable,Normal
217.7,4.06,884.0,NORMAL,System Normal ✅,Stable,Normal
225.5,5.1,1150.0,NORMAL,System Normal ✅,Stable,Normal
231.2,4.21,973.0,NORMAL,System Normal ✅,Stable,Normal
235.1,5.5,1293.0,WARNING,High Voltage ⚠️,System Load Increasing,Normal
215.2,4.57,983.0,NORMAL,System Normal ✅,Stable,Normal
235.8,4.95,1167.0,WARNING,High Voltage ⚠️,System Load Increasing,Normal
211.2,5.64,1191.0,NORMAL,System Normal ✅,Stable,Normal
227.0,5.35,1214.0,NORMAL,System Normal ✅,Stable,Normal
229.9,4.33,995.0,NORMAL,System Normal ✅,Stable,Normal
230.7,5.28,1218.0,NORMAL,System Normal ✅,Stable,Normal
238.5,5.71,1362.0,CRITICAL,High Voltage ⚠️,System Load Increasing,Normal
210.4,4.88,1027.0,NORMAL,System Normal ✅,Stable,Normal
236.4,5.27,1246.0,WARNING,High Voltage ⚠️,System Load Increasing,Normal
237.5,4.15,986.0,WARNING,High Voltage ⚠️,System Load Increasing,Normal
217.0,4.31,935.0,NORMAL,System Normal ✅,Stable,Normal
213.7,5.95,1272.0,NORMAL,System Normal ✅,Stable,Normal
230.3,4.78,1101.0,NORMAL,System Normal ✅,Stable,Normal
215.4,5.28,1137.0,NORMAL,System Normal ✅,Stable,Normal
239.4,4.39,1051.0,CRITICAL,High Voltage ⚠️,System Load Increasing,Normal
236.2,5.07,1198.0,WARNING,High Voltage ⚠️,System Load Increasing,Normal
217.9,5.76,1255.0,NORMAL,System Normal ✅,Stable,Normal
234.5,5.87,1377.0,NORMAL,System Normal ✅,System Load Increasing,Normal
237.6,5.85,1390.0,WARNING,High Voltage ⚠️,System Load Increasing,Normal
224.1,4.06,910.0,NORMAL,System Normal ✅,Stable,Normal
221.2,5.22,1155.0,NORMAL,System Normal ✅,Stable,Normal
228.3,5.54,1265.0,NORMAL,System Normal ✅,Stable,Normal
235.3,4.14,974.0,WARNING,High Voltage ⚠️,System Load Increasing,Normal
218.5,5.98,1307.0,NORMAL,System Normal ✅,Stable,Normal
230.2,4.05,932.0,NORMAL,System Normal ✅,Stable,Normal
232.0,4.26,988.0,NORMAL,System Normal ✅,Stable,Normal
224.3,5.99,1344.0,NORMAL,System Normal ✅,Stable,Normal
230.8,5.32,1228.0,NORMAL,System Normal ✅,Stable,Normal
227.7,5.64,1284.0,NORMAL,System Normal ✅,Stable,Normal
216.2,5.87,1269.0,NORMAL,System Normal ✅,Stable,Normal
232.1,5.69,1321.0,NORMAL,System Normal ✅,Stable,Normal
220.8,4.78,1055.0,NORMAL,System Normal ✅,Stable,Normal
212.4,5.87,1247.0,NORMAL,System Normal ✅,Stable,Normal
218.7,5.56,1216.0,NORMAL,System Normal ✅,Stable,Normal
216.7,5.38,1166.0,NORMAL,System Normal ✅,Stable,Normal
212.0,4.04,856.0,NORMAL,System Normal ✅,Stable,Normal
225.9,4.42,998.0,NORMAL,System Normal ✅,Stable,Normal
237.3,5.24,1243.0,WARNING,High Voltage ⚠️,System Load Increasing,Normal
237.7,4.04,960.0,WARNING,High Voltage ⚠️,System Load Increasing,Normal
220.2,5.85,1288.0,NORMAL,System Normal ✅,Stable,Normal
213.0,4.97,1059.0,NORMAL,System Normal ✅,Stable,Normal
223.0,5.66,1262.0,NORMAL,System Normal ✅,Stable,Normal
223.2,5.74,1281.0,NORMAL,System Normal ✅,Stable,Normal
227.5,4.95,1126.0,NORMAL,System Normal ✅,Stable,Normal
229.0,5.0,1145.0,NORMAL,System Normal ✅,Stable,Normal
212.6,4.37,929.0,NORMAL,System Normal ✅,Stable,Normal
214.5,4.38,940.0,NORMAL,System Normal ✅,Stable,Normal
216.8,4.51,978.0,NORMAL,System Normal ✅,Stable,Normal
218.9,4.13,904.0,NORMAL,System Normal ✅,Stable,Normal
233.2,5.9,1376.0,NORMAL,System Normal ✅,System Load Increasing,Normal
228.4,4.75,1085.0,NORMAL,System Normal ✅,System Load Increasing,Normal
228.3,5.84,1333.0,NORMAL,System Normal ✅,System Load Increasing,Normal
210.4,4.41,928.0,NORMAL,System Normal ✅,Stable,Normal
212.3,4.08,866.0,NORMAL,System Normal ✅,Stable,Normal
224.2,5.88,1318.0,NORMAL,System Normal ✅,Stable,Normal
215.5,4.25,916.0,NORMAL,System Normal ✅,Stable,Normal
222.8,4.77,1063.0,NORMAL,System Normal ✅,Stable,Normal
233.1,4.97,1159.0,NORMAL,System Normal ✅,System Load Increasing,Normal
213.6,5.8,1239.0,NORMAL,System Normal ✅,Stable,Normal
215.1,4.77,1026.0,NORMAL,System Normal ✅,Stable,Normal
229.9,5.45,1253.0,NORMAL,System Normal ✅,System Load Increasing,Normal
223.0,5.02,1119.0,NORMAL,System Normal ✅,Stable,Normal
220.5,5.18,1142.0,NORMAL,System Normal ✅,Stable,Normal
212.5,4.47,950.0,NORMAL,System Normal ✅,Stable,Normal
216.8,4.64,1006.0,NORMAL,System Normal ✅,Stable,Normal
210.9,5.69,1200.0,NORMAL,System Normal ✅,Stable,Normal
222.6,5.46,1215.0,NORMAL,System Normal ✅,Stable,Normal
229.4,5.73,1314.0,NORMAL,System Normal ✅,System Load Increasing,Normal
238.0,5.26,1252.0,WARNING,High Voltage ⚠️,System Load Increasing,Normal
239.9,4.52,1084.0,CRITICAL,High Voltage ⚠️,System Load Increasing,Normal
226.9,5.78,1311.0,NORMAL,System Normal ✅,Stable,Normal
221.3,4.06,898.0,NORMAL,System Normal ✅,Stable,Normal
232.7,4.28,996.0,NORMAL,System Normal ✅,System Load Increasing,Normal
211.0,5.15,1087.0,NORMAL,System Normal ✅,Stable,Normal
210.6,4.03,849.0,NORMAL,System Normal ✅,Stable,Normal
229.9,4.04,929.0,NORMAL,System Normal ✅,System Load Increasing,Normal
227.0,5.6,1271.0,NORMAL,System Normal ✅,Stable,Normal
223.7,4.94,1105.0,NORMAL,System Normal ✅,Stable,Normal
212.0,5.69,1206.0,NORMAL,System Normal ✅,Stable,Normal
219.1,5.42,1188.0,NORMAL,System Normal ✅,Stable,Normal
220.1,5.96,1312.0,NORMAL,System Normal ✅,Stable,Normal
238.4,5.89,1404.0,CRITICAL,High Voltage ⚠️,System Load Increasing,Normal
231.7,5.29,1226.0,NORMAL,System Normal ✅,System Load Increasing,Normal
216.8,5.31,1151.0,NORMAL,System Normal ✅,Stable,Normal
237.2,4.43,1051.0,WARNING,High Voltage ⚠️,System Load Increasing,Normal
210.9,4.69,989.0,NORMAL,System Normal ✅,Stable,Normal
230.1,5.38,1238.0,NORMAL,System Normal ✅,Stable,Normal
229.0,4.09,937.0,NORMAL,System Normal ✅,Stable,Normal
228.9,4.43,1014.0,NORMAL,System Normal ✅,Stable,Normal
238.4,4.45,1061.0,CRITICAL,High Voltage ⚠️,System Load Increasing,Normal
215.3,5.53,1191.0,NORMAL,System Normal ✅,Stable,Normal
235.2,4.92,1157.0,WARNING,High Voltage ⚠️,System Load Increasing,Normal
239.0,5.07,1212.0,CRITICAL,High Voltage ⚠️,System Load Increasing,Normal
219.6,4.92,1080.0,NORMAL,System Normal ✅,Stable,Normal
222.3,5.58,1240.0,NORMAL,System Normal ✅,Stable,Normal
233.9,5.64,1319.0,NORMAL,System Normal ✅,System Load Increasing,Normal
223.3,4.87,1087.0,NORMAL,System Normal ✅,Stable,Normal
210.3,4.95,1041.0,NORMAL,System Normal ✅,Stable,Normal
210.9,5.29,1116.0,NORMAL,System Normal ✅,Stable,Normal
219.9,4.86,1069.0,NORMAL,System Normal ✅,Stable,Normal
213.5,4.25,907.0,NORMAL,System Normal ✅,Stable,Normal
234.3,4.03,944.0,NORMAL,System Normal ✅,System Load Increasing,Normal
236.7,4.64,1098.0,WARNING,High Voltage ⚠️,System Load Increasing,Normal
226.3,5.65,1279.0,NORMAL,System Normal ✅,Stable,Normal
236.1,4.81,1136.0,WARNING,High Voltage ⚠️,System Load Increasing,Normal
233.0,4.18,974.0,NORMAL,System Normal ✅,System Load Increasing,Normal
235.6,4.88,1150.0,WARNING,High Voltage ⚠️,System Load Increasing,Normal
230.2,4.49,1034.0,NORMAL,System Normal ✅,Stable,Normal
232.9,5.39,1255.0,NORMAL,System Normal ✅,System Load Increasing,Normal
224.3,5.3,1189.0,NORMAL,System Normal ✅,Stable,Normal
221.0,5.13,1134.0,NORMAL,System Normal ✅,Stable,Normal
211.8,5.35,1133.0,NORMAL,System Normal ✅,Stable,Normal
219.9,4.46,981.0,NORMAL,System Normal ✅,Stable,Normal
232.9,5.68,1323.0,NORMAL,System Normal ✅,System Load Increasing,Normal
223.4,4.18,934.0,NORMAL,System Normal ✅,Stable,Normal
214.0,5.9,1263.0,NORMAL,System Normal ✅,Stable,Normal
210.0,5.47,1149.0,NORMAL,System Normal ✅,Stable,Normal
226.8,5.32,1207.0,NORMAL,System Normal ✅,Stable,Normal
225.2,5.97,1344.0,NORMAL,System Normal ✅,Stable,Normal
210.8,4.13,871.0,NORMAL,System Normal ✅,Stable,Normal
234.9,5.55,1304.0,NORMAL,System Normal ✅,System Load Increasing,Normal
225.3,5.66,1275.0,NORMAL,System Normal ✅,Stable,Normal
210.5,5.38,1132.0,NORMAL,System Normal ✅,Stable,Normal
233.1,5.61,1308.0,NORMAL,System Normal ✅,System Load Increasing,Normal
235.2,4.29,1009.0,WARNING,High Voltage ⚠️,System Load Increasing,Normal
237.8,4.47,1063.0,WARNING,High Voltage ⚠️,System Load Increasing,Normal
236.4,4.9,1158.0,WARNING,High Voltage ⚠️,System Load Increasing,Normal
224.2,5.68,1273.0,NORMAL,System Normal ✅,Stable,Normal
217.1,5.36,1164.0,NORMAL,System Normal ✅,Stable,Normal
235.3,5.32,1252.0,WARNING,High Voltage ⚠️,System Load Increasing,Normal
232.6,4.03,937.0,NORMAL,System Normal ✅,System Load Increasing,Normal
212.9,4.2,894.0,NORMAL,System Normal ✅,Stable,Normal
228.7,5.1,1166.0,NORMAL,System Normal ✅,Stable,Normal
222.9,4.83,1077.0,NORMAL,System Normal ✅,Stable,Normal
232.5,5.59,1300.0,NORMAL,System Normal ✅,System Load Increasing,Normal
237.3,4.83,1146.0,WARNING,High Voltage ⚠️,System Load Increasing,Normal
239.7,5.01,1201.0,CRITICAL,High Voltage ⚠️,System Load Increasing,Normal
220.8,4.71,1040.0,NORMAL,System Normal ✅,Stable,Normal
239.7,5.2,1246.0,CRITICAL,High Voltage ⚠️,System Load Increasing,Normal
213.3,4.91,1047.0,NORMAL,System Normal ✅,Stable,Normal
220.5,4.33,955.0,NORMAL,System Normal ✅,Stable,Normal
233.9,5.6,1310.0,NORMAL,System Normal ✅,System Load Increasing,Normal
235.1,4.31,1013.0,WARNING,High Voltage ⚠️,System Load Increasing,Normal
224.8,4.61,1036.0,NORMAL,System Normal ✅,Stable,Normal
238.1,4.77,1136.0,CRITICAL,High Voltage ⚠️,System Load Increasing,Normal
237.2,5.99,1421.0,WARNING,High Voltage ⚠️,System Load Increasing,Normal
237.5,4.71,1119.0,WARNING,High Voltage ⚠️,System Load Increasing,Normal
239.5,4.72,1130.0,CRITICAL,High Voltage ⚠️,System Load Increasing,Normal
231.2,5.3,1225.0,NORMAL,System Normal ✅,Stable,Normal
235.2,4.1,964.0,WARNING,High Voltage ⚠️,Stable,Normal
218.0,4.03,879.0,NORMAL,System Normal ✅,Stable,Normal
212.4,5.0,1062.0,NORMAL,System Normal ✅,Stable,Normal
229.6,4.07,934.0,NORMAL,System Normal ✅,Stable,Normal
236.9,4.67,1106.0,WARNING,High Voltage ⚠️,System Load Increasing,Normal
238.8,5.08,1213.0,CRITICAL,High Voltage ⚠️,System Load Increasing,Normal
212.6,4.68,995.0,NORMAL,System Normal ✅,Stable,Normal
226.0,5.57,1259.0,NORMAL,System Normal ✅,Stable,Normal
228.7,5.71,1306.0,NORMAL,System Normal ✅,Stable,Normal
215.4,4.13,890.0,NORMAL,System Normal ✅,Stable,Normal
213.2,5.5,1173.0,NORMAL,System Normal ✅,Stable,Normal
224.3,4.42,991.0,NORMAL,System Normal ✅,Stable,Normal
232.6,4.27,993.0,NORMAL,System Normal ✅,Stable,Normal
215.8,5.13,1107.0,NORMAL,System Normal ✅,Stable,Normal
239.8,5.07,1216.0,CRITICAL,High Voltage ⚠️,System Load Increasing,Normal
225.8,5.99,1353.0,NORMAL,System Normal ✅,Stable,Normal
224.7,5.87,1319.0,NORMAL,System Normal ✅,Stable,Normal
236.2,5.57,1316.0,WARNING,High Voltage ⚠️,System Load Increasing,Normal
228.4,5.57,1272.0,NORMAL,System Normal ✅,Stable,Normal
212.7,4.08,868.0,NORMAL,System Normal ✅,Stable,Normal
232.0,5.88,1364.0,NORMAL,System Normal ✅,System Load Increasing,Normal
226.4,4.22,955.0,NORMAL,System Normal ✅,Stable,Normal
239.0,5.07,1212.0,CRITICAL,High Voltage ⚠️,System Load Increasing,Normal
231.4,4.28,990.0,NORMAL,System Normal ✅,Stable,Normal
226.3,4.05,917.0,NORMAL,System Normal ✅,Stable,Normal
237.3,5.92,1405.0,WARNING,High Voltage ⚠️,System Load Increasing,Normal
230.9,5.33,1231.0,NORMAL,System Normal ✅,Stable,Normal
218.0,5.12,1116.0,NORMAL,System Normal ✅,Stable,Normal
234.2,5.58,1307.0,NORMAL,System Normal ✅,System Load Increasing,Normal
219.5,4.71,1034.0,NORMAL,System Normal ✅,Stable,Normal
221.5,4.46,988.0,NORMAL,System Normal ✅,Stable,Normal
238.5,4.23,1009.0,CRITICAL,High Voltage ⚠️,System Load Increasing,Normal
216.3,4.5,973.0,NORMAL,System Normal ✅,Stable,Normal
224.9,5.08,1142.0,NORMAL,System Normal ✅,Stable,Normal
223.5,4.66,1042.0,NORMAL,System Normal ✅,Stable,Normal
230.2,5.79,1333.0,NORMAL,System Normal ✅,Stable,Normal
233.1,5.07,1182.0,NORMAL,System Normal ✅,System Load Increasing,Normal
226.1,4.09,925.0,NORMAL,System Normal ✅,Stable,Normal
229.7,4.87,1119.0,NORMAL,System Normal ✅,Stable,Normal
211.7,5.74,1215.0,NORMAL,System Normal ✅,Voltage Spike Risk,Anomaly 🚨
228.4,4.17,952.0,NORMAL,System Normal ✅,Stable,Normal
226.2,5.86,1326.0,NORMAL,System Normal ✅,Stable,Normal
239.8,5.56,1333.0,CRITICAL,High Voltage ⚠️,System Load Increasing,Normal
226.0,5.88,1329.0,NORMAL,System Normal ✅,Stable,Normal
231.0,4.11,949.0,NORMAL,System Normal ✅,Stable,Normal
219.4,5.89,1292.0,NORMAL,System Normal ✅,Stable,Normal
222.4,5.83,1297.0,NORMAL,System Normal ✅,Stable,Normal
220.3,5.12,1128.0,NORMAL,System Normal ✅,Stable,Normal
228.8,5.79,1325.0,NORMAL,System Normal ✅,Stable,Normal
233.7,5.87,1372.0,NORMAL,System Normal ✅,System Load Increasing,Normal
212.9,5.21,1109.0,NORMAL,System Normal ✅,Stable,Normal
223.3,4.58,1023.0,NORMAL,System Normal ✅,Stable,Normal
217.7,5.07,1104.0,NORMAL,System Normal ✅,Stable,Normal
212.1,4.99,1058.0,NORMAL,System Normal ✅,Stable,Normal
214.1,4.86,1041.0,NORMAL,System Normal ✅,Stable,Normal
212.7,5.0,1064.0,NORMAL,System Normal ✅,Stable,Normal
223.2,5.9,1317.0,NORMAL,System Normal ✅,Stable,Normal
222.8,5.29,1179.0,NORMAL,System Normal ✅,Stable,Normal
228.6,5.4,1234.0,NORMAL,System Normal ✅,System Load Increasing,Normal
226.0,5.65,1277.0,NORMAL,System Normal ✅,Stable,Normal
229.5,5.24,1203.0,NORMAL,System Normal ✅,System Load Increasing,Normal
238.3,5.64,1344.0,CRITICAL,High Voltage ⚠️,System Load Increasing,Normal
225.6,4.62,1042.0,NORMAL,System Normal ✅,Stable,Normal
222.8,5.17,1152.0,NORMAL,System Normal ✅,Stable,Normal
235.9,5.72,1349.0,WARNING,High Voltage ⚠️,System Load Increasing,Normal
221.0,4.79,1059.0,NORMAL,System Normal ✅,Stable,Normal
230.5,4.59,1058.0,NORMAL,System Normal ✅,System Load Increasing,Normal
210.1,4.82,1013.0,NORMAL,System Normal ✅,Stable,Normal
227.7,5.83,1327.0,NORMAL,System Normal ✅,Stable,Normal
223.8,4.09,915.0,NORMAL,System Normal ✅,Stable,Normal
222.3,4.48,996.0,NORMAL,System Normal ✅,Stable,Normal
230.7,4.81,1110.0,NORMAL,System Normal ✅,System Load Increasing,Normal
217.8,5.62,1224.0,NORMAL,System Normal ✅,Stable,Normal
212.4,5.58,1185.0,NORMAL,System Normal ✅,Stable,Normal
235.9,5.37,1267.0,WARNING,High Voltage ⚠️,System Load Increasing,Normal
232.9,5.26,1225.0,NORMAL,System Normal ✅,System Load Increasing,Normal
211.1,4.67,986.0,NORMAL,System Normal ✅,Stable,Normal
212.5,4.15,882.0,NORMAL,System Normal ✅,Stable,Normal
225.6,4.68,1056.0,NORMAL,System Normal ✅,Stable,Normal
221.5,5.65,1251.0,NORMAL,System Normal ✅,Stable,Normal
226.1,4.69,1060.0,NORMAL,System Normal ✅,Stable,Normal
225.8,4.47,1009.0,NORMAL,System Normal ✅,Stable,Normal
216.9,5.64,1223.0,NORMAL,System Normal ✅,Stable,Normal
236.1,5.65,1334.0,WARNING,High Voltage ⚠️,System Load Increasing,Normal
228.8,5.58,1277.0,NORMAL,System Normal ✅,System Load Increasing,Normal
226.6,4.91,1113.0,NORMAL,System Normal ✅,Stable,Normal
219.2,4.95,1085.0,NORMAL,System Normal ✅,Stable,Normal
228.2,4.61,1052.0,NORMAL,System Normal ✅,Stable,Normal
211.1,4.8,1013.0,NORMAL,System Normal ✅,Stable,Normal
227.1,4.74,1076.0,NORMAL,System Normal ✅,Stable,Normal
227.9,4.87,1110.0,NORMAL,System Normal ✅,Stable,Normal
234.1,4.81,1126.0,NORMAL,System Normal ✅,System Load Increasing,Normal
235.4,5.96,1403.0,WARNING,High Voltage ⚠️,System Load Increasing,Normal
238.9,4.14,989.0,CRITICAL,High Voltage ⚠️,System Load Increasing,Normal
234.3,4.29,1005.0,NORMAL,System Normal ✅,System Load Increasing,Normal
213.9,5.6,1198.0,NORMAL,System Normal ✅,Stable,Normal
216.4,5.72,1238.0,NORMAL,System Normal ✅,Stable,Normal
225.1,4.72,1062.0,NORMAL,System Normal ✅,Stable,Normal
240.0,4.62,1109.0,CRITICAL,High Voltage ⚠️,System Load Increasing,Normal
216.3,5.12,1107.0,NORMAL,System Normal ✅,Stable,Normal
215.8,5.37,1159.0,NORMAL,System Normal ✅,Stable,Normal
212.5,4.26,905.0,NORMAL,System Normal ✅,Stable,Normal
225.4,4.89,1102.0,NORMAL,System Normal ✅,Stable,Normal
234.3,5.12,1200.0,NORMAL,System Normal ✅,System Load Increasing,Normal
222.2,5.16,1147.0,NORMAL,System Normal ✅,Stable,Normal
221.5,4.16,921.0,NORMAL,System Normal ✅,Stable,Normal
234.1,4.31,1009.0,NORMAL,System Normal ✅,System Load Increasing,Normal
218.3,5.05,1102.0,NORMAL,System Normal ✅,Stable,Normal
211.9,4.43,939.0,NORMAL,System Normal ✅,Stable,Normal
218.0,4.41,961.0,NORMAL,System Normal ✅,Stable,Normal
224.6,4.04,907.0,NORMAL,System Normal ✅,Stable,Normal
215.8,4.09,883.0,NORMAL,System Normal ✅,Stable,Normal
229.1,4.79,1097.0,NORMAL,System Normal ✅,System Load Increasing,Normal
219.3,5.73,1257.0,NORMAL,System Normal ✅,Stable,Normal
219.2,5.15,1129.0,NORMAL,System Normal ✅,Stable,Normal
234.0,4.57,1069.0,NORMAL,System Normal ✅,System Load Increasing,Normal
213.8,5.2,1112.0,NORMAL,System Normal ✅,Stable,Normal
213.3,5.01,1069.0,NORMAL,System Normal ✅,Stable,Normal
221.5,5.68,1258.0,NORMAL,System Normal ✅,Stable,Normal
231.8,5.08,1178.0,NORMAL,System Normal ✅,System Load Increasing,Normal
227.2,4.3,977.0,NORMAL,System Normal ✅,Stable,Normal
236.2,5.14,1214.0,WARNING,High Voltage ⚠️,System Load Increasing,Normal
212.0,4.83,1024.0,NORMAL,System Normal ✅,Stable,Normal
235.1,5.33,1253.0,WARNING,High Voltage ⚠️,System Load Increasing,Normal
216.8,5.5,1192.0,NORMAL,System Normal ✅,Stable,Normal
218.7,4.26,932.0,NORMAL,System Normal ✅,Stable,Normal
235.2,5.97,1404.0,WARNING,High Voltage ⚠️,System Load Increasing,Normal
232.8,4.7,1094.0,NORMAL,System Normal ✅,System Load Increasing,Normal
239.0,5.48,1310.0,CRITICAL,High Voltage ⚠️,System Load Increasing,Normal
225.4,5.08,1145.0,NORMAL,System Normal ✅,Stable,Normal
231.5,5.25,1215.0,NORMAL,System Normal ✅,System Load Increasing,Normal
223.8,5.87,1314.0,NORMAL,System Normal ✅,Stable,Normal
230.0,5.55,1276.0,NORMAL,System Normal ✅,Stable,Normal
232.3,4.17,969.0,NORMAL,System Normal ✅,System Load Increasing,Normal
222.8,5.04,1123.0,NORMAL,System Normal ✅,Stable,Normal
237.6,5.23,1243.0,WARNING,High Voltage ⚠️,System Load Increasing,Normal
231.3,5.35,1237.0,NORMAL,System Normal ✅,Stable,Normal
235.7,5.56,1310.0,WARNING,High Voltage ⚠️,System Load Increasing,Normal
228.7,4.66,1066.0,NORMAL,System Normal ✅,Stable,Normal
233.1,5.87,1368.0,NORMAL,System Normal ✅,Stable,Normal
239.8,5.69,1364.0,CRITICAL,High Voltage ⚠️,System Load Increasing,Normal
216.6,5.23,1133.0,NORMAL,System Normal ✅,Stable,Normal
236.3,5.89,1392.0,WARNING,High Voltage ⚠️,System Load Increasing,Normal
238.9,5.39,1288.0,CRITICAL,High Voltage ⚠️,System Load Increasing,Normal
239.0,4.45,1064.0,CRITICAL,High Voltage ⚠️,System Load Increasing,Normal
236.6,5.98,1415.0,WARNING,High Voltage ⚠️,Stable,Normal
221.6,5.33,1181.0,NORMAL,System Normal ✅,Stable,Normal
226.3,5.81,1315.0,NORMAL,System Normal ✅,Stable,Normal
225.0,5.75,1294.0,NORMAL,System Normal ✅,Stable,Normal
234.6,4.76,1117.0,NORMAL,System Normal ✅,Stable,Normal
211.9,4.89,1036.0,NORMAL,System Normal ✅,Voltage Spike Risk,Anomaly 🚨
223.1,5.03,1122.0,NORMAL,System Normal ✅,Stable,Normal
239.1,4.44,1062.0,CRITICAL,High Voltage ⚠️,System Load Increasing,Normal
226.7,5.64,1279.0,NORMAL,System Normal ✅,Stable,Normal
233.2,4.33,1010.0,NORMAL,System Normal ✅,Stable,Normal
215.5,4.77,1028.0,NORMAL,System Normal ✅,Stable,Normal
217.2,5.66,1229.0,NORMAL,System Normal ✅,Stable,Normal
236.0,4.14,977.0,WARNING,High Voltage ⚠️,System Load Increasing,Normal
229.5,4.72,1083.0,NORMAL,System Normal ✅,Stable,Normal
230.1,4.7,1081.0,NORMAL,System Normal ✅,Stable,Normal
231.4,5.18,1199.0,NORMAL,System Normal ✅,Stable,Normal
219.3,5.6,1228.0,NORMAL,System Normal ✅,Stable,Normal
229.9,5.76,1324.0,NORMAL,System Normal ✅,Stable,Normal
228.5,5.48,1252.0,NORMAL,System Normal ✅,Stable,Normal
218.1,5.47,1193.0,NORMAL,System Normal ✅,Stable,Normal
233.8,5.34,1248.0,NORMAL,System Normal ✅,System Load Increasing,Normal
233.6,4.95,1156.0,NORMAL,System Normal ✅,System Load Increasing,Normal
212.0,5.57,1181.0,NORMAL,System Normal ✅,Stable,Normal
215.6,5.76,1242.0,NORMAL,System Normal ✅,Stable,Normal
215.3,5.99,1290.0,NORMAL,System Normal ✅,Stable,Normal
229.0,5.89,1349.0,NORMAL,System Normal ✅,Stable,Normal
211.0,4.57,964.0,NORMAL,System Normal ✅,Stable,Normal
215.8,5.71,1232.0,NORMAL,System Normal ✅,Stable,Normal
223.0,5.68,1267.0,NORMAL,System Normal ✅,Stable,Normal
231.5,4.53,1049.0,NORMAL,System Normal ✅,System Load Increasing,Normal
235.4,4.57,1076.0,WARNING,High Voltage ⚠️,System Load Increasing,Normal
215.9,4.16,898.0,NORMAL,System Normal ✅,Stable,Normal
227.8,4.88,1112.0,NORMAL,System Normal ✅,Stable,Normal
222.2,5.69,1264.0,NORMAL,System Normal ✅,Stable,Normal
239.5,5.03,1205.0,CRITICAL,High Voltage ⚠️,System Load Increasing,Normal
239.1,5.49,1313.0,CRITICAL,High Voltage ⚠️,System Load Increasing,Normal
215.2,5.17,1113.0,NORMAL,System Normal ✅,Stable,Normal
226.2,5.74,1298.0,NORMAL,System Normal ✅,Stable,Normal
236.5,4.97,1175.0,WARNING,High Voltage ⚠️,System Load Increasing,Normal
222.4,5.53,1230.0,NORMAL,System Normal ✅,Stable,Normal
230.4,5.09,1173.0,NORMAL,System Normal ✅,System Load Increasing,Normal
218.1,4.82,1051.0,NORMAL,System Normal ✅,Stable,Normal
231.2,4.08,943.0,NORMAL,System Normal ✅,System Load Increasing,Normal
219.6,5.89,1293.0,NORMAL,System Normal ✅,Stable,Normal
218.5,4.74,1036.0,NORMAL,System Normal ✅,Stable,Normal
217.7,5.79,1260.0,NORMAL,System Normal ✅,Stable,Normal
219.8,4.78,1051.0,NORMAL,System Normal ✅,Stable,Normal
227.4,4.57,1039.0,NORMAL,System Normal ✅,Stable,Normal
222.5,5.11,1137.0,NORMAL,System Normal ✅,Stable,Normal
224.5,5.28,1185.0,NORMAL,System Normal ✅,Stable,Normal
214.0,4.88,1044.0,NORMAL,System Normal ✅,Stable,Normal
239.7,5.01,1201.0,CRITICAL,High Voltage ⚠️,System Load Increasing,Normal
228.7,4.11,940.0,NORMAL,System Normal ✅,Stable,Normal
215.7,4.64,1001.0,NORMAL,System Normal ✅,Stable,Normal
221.9,5.6,1243.0,NORMAL,System Normal ✅,Stable,Normal
235.6,4.79,1129.0,WARNING,High Voltage ⚠️,System Load Increasing,Normal
235.6,5.78,1362.0,WARNING,High Voltage ⚠️,System Load Increasing,Normal
226.0,5.74,1297.0,NORMAL,System Normal ✅,Stable,Normal
237.0,5.51,1306.0,WARNING,High Voltage ⚠️,System Load Increasing,Normal
217.1,5.28,1146.0,NORMAL,System Normal ✅,Stable,Normal
213.4,5.53,1180.0,NORMAL,System Normal ✅,Stable,Normal
211.3,5.88,1242.0,NORMAL,System Normal ✅,Stable,Normal
224.1,4.68,1049.0,NORMAL,System Normal ✅,Stable,Normal
231.5,5.28,1222.0,NORMAL,System Normal ✅,System Load Increasing,Normal
222.5,5.78,1286.0,NORMAL,System Normal ✅,Stable,Normal
224.4,4.34,974.0,NORMAL,System Normal ✅,Stable,Normal
216.2,4.8,1038.0,NORMAL,System Normal ✅,Stable,Normal
217.4,5.43,1180.0,NORMAL,System Normal ✅,Stable,Normal
232.7,4.14,963.0,NORMAL,System Normal ✅,System Load Increasing,Normal
218.1,4.46,973.0,NORMAL,System Normal ✅,Stable,Normal
228.4,4.58,1046.0,NORMAL,System Normal ✅,Stable,Normal
238.3,4.56,1087.0,CRITICAL,High Voltage ⚠️,System Load Increasing,Normal
216.0,4.48,968.0,NORMAL,System Normal ✅,Stable,Normal
239.4,5.71,1367.0,CRITICAL,High Voltage ⚠️,System Load Increasing,Normal
211.1,5.55,1172.0,NORMAL,System Normal ✅,Stable,Normal
220.6,4.5,993.0,NORMAL,System Normal ✅,Stable,Normal
236.1,4.27,1008.0,WARNING,High Voltage ⚠️,System Load Increasing,Normal
227.9,4.03,918.0,NORMAL,System Normal ✅,Stable,Normal
224.7,5.75,1292.0,NORMAL,System Normal ✅,Stable,Normal
233.0,5.08,1184.0,NORMAL,System Normal ✅,System Load Increasing,Normal
222.3,4.24,943.0,NORMAL,System Normal ✅,Stable,Normal
231.8,5.04,1168.0,NORMAL,System Normal ✅,System Load Increasing,Normal
232.4,4.38,1018.0,NORMAL,System Normal ✅,System Load Increasing,Normal
215.4,4.49,967.0,NORMAL,System Normal ✅,Stable,Normal
237.2,4.63,1098.0,WARNING,High Voltage ⚠️,System Load Increasing,Normal
222.0,4.06,901.0,NORMAL,System Normal ✅,Stable,Normal
226.5,4.6,1042.0,NORMAL,System Normal ✅,Stable,Normal
214.1,4.69,1004.0,NORMAL,System Normal ✅,Stable,Normal
214.0,4.69,1004.0,NORMAL,System Normal ✅,Stable,Normal
215.8,4.26,919.0,NORMAL,System Normal ✅,Stable,Normal
230.0,4.24,975.0,NORMAL,System Normal ✅,Stable,Normal
233.7,5.8,1355.0,NORMAL,System Normal ✅,System Load Increasing,Normal
219.2,5.73,1256.0,NORMAL,System Normal ✅,Stable,Normal
217.3,4.17,906.0,NORMAL,System Normal ✅,Stable,Normal
224.1,5.34,1197.0,NORMAL,System Normal ✅,Stable,Normal
212.4,4.08,867.0,NORMAL,System Normal ✅,Stable,Normal
216.5,5.47,1184.0,NORMAL,System Normal ✅,Stable,Normal
220.8,5.32,1175.0,NORMAL,System Normal ✅,Stable,Normal
222.9,4.68,1043.0,NORMAL,System Normal ✅,Stable,Normal
234.1,5.4,1264.0,NORMAL,System Normal ✅,System Load Increasing,Normal
236.3,5.03,1189.0,WARNING,High Voltage ⚠️,System Load Increasing,Normal
239.7,5.25,1258.0,CRITICAL,High Voltage ⚠️,System Load Increasing,Normal
237.7,4.16,989.0,WARNING,High Voltage ⚠️,System Load Increasing,Normal
223.1,5.2,1160.0,NORMAL,System Normal ✅,Stable,Normal
216.2,5.0,1081.0,NORMAL,System Normal ✅,Stable,Normal
234.8,4.99,1172.0,NORMAL,System Normal ✅,System Load Increasing,Normal
210.5,5.64,1187.0,NORMAL,System Normal ✅,Stable,Normal
213.5,4.64,991.0,NORMAL,System Normal ✅,Stable,Normal
233.0,5.76,1342.0,NORMAL,System Normal ✅,System Load Increasing,Normal
215.7,4.87,1050.0,NORMAL,System Normal ✅,Stable,Normal
228.1,4.71,1074.0,NORMAL,System Normal ✅,Stable,Normal
226.7,4.23,959.0,NORMAL,System Normal ✅,Stable,Normal
210.3,4.15,873.0,NORMAL,System Normal ✅,Stable,Normal
212.8,5.24,1115.0,NORMAL,System Normal ✅,Stable,Normal
235.2,5.93,1395.0,WARNING,High Voltage ⚠️,System Load Increasing,Normal
214.8,5.01,1076.0,NORMAL,System Normal ✅,Stable,Normal
227.7,5.35,1218.0,NORMAL,System Normal ✅,Stable,Normal
239.3,5.97,1429.0,CRITICAL,High Voltage ⚠️,System Load Increasing,Normal
216.2,5.69,1230.0,NORMAL,System Normal ✅,Stable,Normal
236.9,5.47,1296.0,WARNING,High Voltage ⚠️,System Load Increasing,Normal
214.3,5.65,1211.0,NORMAL,System Normal ✅,Stable,Normal
226.7,4.27,968.0,NORMAL,System Normal ✅,Stable,Normal
216.8,4.55,986.0,NORMAL,System Normal ✅,Stable,Normal
227.9,5.17,1178.0,NORMAL,System Normal ✅,System Load Increasing,Normal
212.0,5.46,1158.0,NORMAL,System Normal ✅,Stable,Normal
227.4,5.94,1351.0,NORMAL,System Normal ✅,System Load Increasing,Normal
219.0,5.78,1266.0,NORMAL,System Normal ✅,Stable,Normal
213.2,5.33,1136.0,NORMAL,System Normal ✅,Stable,Normal
228.7,4.04,924.0,NORMAL,System Normal ✅,System Load Increasing,Normal
225.8,5.76,1301.0,NORMAL,System Normal ✅,Stable,Normal
228.3,5.54,1265.0,NORMAL,System Normal ✅,System Load Increasing,Normal
218.0,4.12,898.0,NORMAL,System Normal ✅,Stable,Normal
223.5,5.65,1263.0,NORMAL,System Normal ✅,Stable,Normal
236.0,5.43,1281.0,WARNING,High Voltage ⚠️,System Load Increasing,Normal
222.9,5.42,1208.0,NORMAL,System Normal ✅,Stable,Normal
236.2,5.63,1330.0,WARNING,High Voltage ⚠️,System Load Increasing,Normal
218.0,4.32,942.0,NORMAL,System Normal ✅,Stable,Normal
218.6,5.98,1307.0,NORMAL,System Normal ✅,Stable,Normal
231.2,4.69,1084.0,NORMAL,System Normal ✅,System Load Increasing,Normal
231.1,5.73,1324.0,NORMAL,System Normal ✅,System Load Increasing,Normal
215.7,5.44,1173.0,NORMAL,System Normal ✅,Stable,Normal
232.1,5.9,1369.0,NORMAL,System Normal ✅,System Load Increasing,Normal
237.1,4.98,1181.0,WARNING,High Voltage ⚠️,System Load Increasing,Normal
222.6,5.02,1117.0,NORMAL,System Normal ✅,Stable,Normal
216.1,5.68,1227.0,NORMAL,System Normal ✅,Stable,Normal
232.0,4.46,1035.0,NORMAL,System Normal ✅,System Load Increasing,Normal
217.8,5.02,1093.0,NORMAL,System Normal ✅,Stable,Normal
217.8,5.36,1167.0,NORMAL,System Normal ✅,Stable,Normal
216.5,5.43,1176.0,NORMAL,System Normal ✅,Stable,Normal
238.9,5.54,1324.0,CRITICAL,High Voltage ⚠️,System Load Increasing,Normal
232.0,5.62,1304.0,NORMAL,System Normal ✅,System Load Increasing,Normal
214.8,4.89,1050.0,NORMAL,System Normal ✅,Stable,Normal
227.0,5.59,1269.0,NORMAL,System Normal ✅,Stable,Normal
222.0,4.69,1041.0,NORMAL,System Normal ✅,Stable,Normal
225.3,5.72,1289.0,NORMAL,System Normal ✅,Stable,Normal
220.2,4.16,916.0,NORMAL,System Normal ✅,Stable,Normal
239.9,5.96,1430.0,CRITICAL,High Voltage ⚠️,System Load Increasing,Normal
223.1,5.67,1265.0,NORMAL,System Normal ✅,Stable,Normal
222.3,5.98,1329.0,NORMAL,System Normal ✅,Stable,Normal
220.3,5.02,1106.0,NORMAL,System Normal ✅,Stable,Normal
234.9,5.42,1273.0,NORMAL,System Normal ✅,System Load Increasing,Normal
236.9,4.22,1000.0,WARNING,High Voltage ⚠️,System Load Increasing,Normal
215.3,4.69,1010.0,NORMAL,System Normal ✅,Stable,Normal
210.6,4.47,941.0,NORMAL,System Normal ✅,Stable,Normal
223.4,5.53,1235.0,NORMAL,System Normal ✅,Stable,Normal
232.0,4.78,1109.0,NORMAL,System Normal ✅,System Load Increasing,Normal
225.7,5.82,1314.0,NORMAL,System Normal ✅,Stable,Normal
219.3,5.02,1101.0,NORMAL,System Normal ✅,Stable,Normal
240.0,5.82,1397.0,CRITICAL,High Voltage ⚠️,System Load Increasing,Normal
224.0,5.18,1160.0,NORMAL,System Normal ✅,Stable,Normal
234.0,4.36,1020.0,NORMAL,System Normal ✅,System Load Increasing,Normal
215.1,5.08,1093.0,NORMAL,System Normal ✅,Stable,Normal
211.5,4.35,920.0,NORMAL,System Normal ✅,Stable,Normal
216.7,5.03,1090.0,NORMAL,System Normal ✅,Stable,Normal
220.0,5.12,1126.0,NORMAL,System Normal ✅,Stable,Normal
235.3,4.05,953.0,WARNING,High Voltage ⚠️,System Load Increasing,Normal
232.3,5.11,1187.0,NORMAL,System Normal ✅,System Load Increasing,Normal
224.6,5.17,1161.0,NORMAL,System Normal ✅,Stable,Normal
220.0,5.96,1311.0,NORMAL,System Normal ✅,Stable,Normal
235.0,4.39,1032.0,NORMAL,System Normal ✅,System Load Increasing,Normal
239.0,4.02,961.0,CRITICAL,High Voltage ⚠️,System Load Increasing,Normal
225.0,5.67,1276.0,NORMAL,System Normal ✅,Stable,Normal
221.5,4.44,983.0,NORMAL,System Normal ✅,Stable,Normal
226.0,5.41,1223.0,NORMAL,System Normal ✅,Stable,Normal
222.2,4.84,1075.0,NORMAL,System Normal ✅,Stable,Normal
214.8,4.3,924.0,NORMAL,System Normal ✅,Stable,Normal
225.0,5.3,1192.0,NORMAL,System Normal ✅,Stable,Normal
228.8,5.7,1304.0,NORMAL,System Normal ✅,Stable,Normal
211.0,4.77,1006.0,NORMAL,System Normal ✅,Stable,Normal
220.7,4.84,1068.0,NORMAL,System Normal ✅,Stable,Normal
223.0,4.89,1090.0,NORMAL,System Normal ✅,Stable,Normal
213.5,5.46,1166.0,NORMAL,System Normal ✅,Stable,Normal
237.9,5.83,1387.0,WARNING,High Voltage ⚠️,System Load Increasing,Normal
213.5,4.09,873.0,NORMAL,System Normal ✅,Stable,Normal
234.6,5.34,1253.0,NORMAL,System Normal ✅,System Load Increasing,Normal
226.5,4.07,922.0,NORMAL,System Normal ✅,Stable,Normal
230.3,5.73,1320.0,NORMAL,System Normal ✅,System Load Increasing,Normal
213.2,5.0,1066.0,NORMAL,System Normal ✅,Stable,Normal
211.3,5.97,1261.0,NORMAL,System Normal ✅,Stable,Normal
217.5,5.5,1196.0,NORMAL,System Normal ✅,Stable,Normal
234.8,5.77,1355.0,NORMAL,System Normal ✅,System Load Increasing,Normal
215.9,4.58,989.0,NORMAL,System Normal ✅,Stable,Normal
210.0,4.26,895.0,NORMAL,System Normal ✅,Stable,Normal
232.8,5.78,1346.0,NORMAL,System Normal ✅,System Load Increasing,Normal
231.9,5.45,1264.0,NORMAL,System Normal ✅,System Load Increasing,Normal
225.4,4.75,1071.0,NORMAL,System Normal ✅,Stable,Normal
236.7,4.0,947.0,WARNING,High Voltage ⚠️,System Load Increasing,Normal
230.2,4.96,1142.0,NORMAL,System Normal ✅,System Load Increasing,Normal
214.9,5.33,1145.0,NORMAL,System Normal ✅,Stable,Normal
217.4,5.6,1217.0,NORMAL,System Normal ✅,Stable,Normal
214.0,4.23,905.0,NORMAL,System Normal ✅,Stable,Normal
219.0,4.88,1069.0,NORMAL,System Normal ✅,Stable,Normal
225.7,4.46,1007.0,NORMAL,System Normal ✅,Stable,Normal
226.1,4.35,984.0,NORMAL,System Normal ✅,Stable,Normal
239.0,4.6,1099.0,CRITICAL,High Voltage ⚠️,System Load Increasing,Normal
231.2,5.68,1313.0,NORMAL,System Normal ✅,System Load Increasing,Normal
222.9,4.38,976.0,NORMAL,System Normal ✅,Stable,Normal
232.7,5.04,1173.0,NORMAL,System Normal ✅,System Load Increasing,Normal
225.9,5.69,1285.0,NORMAL,System Normal ✅,Stable,Normal
227.8,4.46,1016.0,NORMAL,System Normal ✅,Stable,Normal
210.9,5.39,1137.0,NORMAL,System Normal ✅,Stable,Normal
225.7,4.3,971.0,NORMAL,System Normal ✅,Stable,Normal
223.3,4.14,924.0,NORMAL,System Normal ✅,Stable,Normal
235.5,6.0,1413.0,WARNING,High Voltage ⚠️,System Load Increasing,Normal
219.1,5.36,1174.0,NORMAL,System Normal ✅,Stable,Normal
219.1,4.81,1054.0,NORMAL,System Normal ✅,Stable,Normal
237.3,4.69,1113.0,WARNING,High Voltage ⚠️,System Load Increasing,Normal
212.2,5.65,1199.0,NORMAL,System Normal ✅,Stable,Normal
214.6,4.55,976.0,NORMAL,System Normal ✅,Stable,Normal
235.9,5.74,1354.0,WARNING,High Voltage ⚠️,System Load Increasing,Normal
230.6,5.62,1296.0,NORMAL,System Normal ✅,Stable,Normal
235.8,4.13,974.0,WARNING,High Voltage ⚠️,System Load Increasing,Normal
212.0,4.7,996.0,NORMAL,System Normal ✅,Stable,Normal
215.2,5.35,1151.0,NORMAL,System Normal ✅,Stable,Normal
212.0,4.27,905.0,NORMAL,System Normal ✅,Stable,Normal
239.6,4.17,999.0,CRITICAL,High Voltage ⚠️,System Load Increasing,Normal
211.6,5.9,1248.0,NORMAL,System Normal ✅,Stable,Normal
232.5,5.74,1335.0,NORMAL,System Normal ✅,System Load Increasing,Normal
218.0,4.85,1057.0,NORMAL,System Normal ✅,Stable,Normal
221.7,4.21,933.0,NORMAL,System Normal ✅,Stable,Normal
219.0,4.19,918.0,NORMAL,System Normal ✅,Stable,Normal
225.3,4.37,985.0,NORMAL,System Normal ✅,Stable,Normal
215.9,5.81,1254.0,NORMAL,System Normal ✅,Stable,Normal
232.7,4.5,1047.0,NORMAL,System Normal ✅,System Load Increasing,Normal
238.1,4.75,1131.0,CRITICAL,High Voltage ⚠️,System Load Increasing,Normal
213.2,4.68,998.0,NORMAL,System Normal ✅,Stable,Normal
218.9,5.07,1110.0,NORMAL,System Normal ✅,Stable,Normal
228.7,5.13,1173.0,NORMAL,System Normal ✅,System Load Increasing,Normal
235.7,5.11,1204.0,WARNING,High Voltage ⚠️,System Load Increasing,Normal
224.6,5.71,1282.0,NORMAL,System Normal ✅,Stable,Normal
237.5,4.14,983.0,WARNING,High Voltage ⚠️,System Load Increasing,Normal
223.0,4.94,1102.0,NORMAL,System Normal ✅,Stable,Normal
233.9,5.02,1174.0,NORMAL,System Normal ✅,System Load Increasing,Normal
231.9,4.45,1032.0,NORMAL,System Normal ✅,System Load Increasing,Normal
212.1,5.21,1105.0,NORMAL,System Normal ✅,Stable,Normal
219.2,5.75,1260.0,NORMAL,System Normal ✅,Stable,Normal
233.5,4.47,1044.0,NORMAL,System Normal ✅,System Load Increasing,Normal
231.5,5.85,1354.0,NORMAL,System Normal ✅,System Load Increasing,Normal
232.3,4.47,1038.0,NORMAL,System Normal ✅,System Load Increasing,Normal
227.1,4.95,1124.0,NORMAL,System Normal ✅,Stable,Normal
229.7,4.42,1015.0,NORMAL,System Normal ✅,Stable,Normal
230.2,5.41,1245.0,NORMAL,System Normal ✅,Stable,Normal
221.5,5.38,1192.0,NORMAL,System Normal ✅,Stable,Normal
223.8,5.85,1309.0,NORMAL,System Normal ✅,Stable,Normal
219.3,5.43,1191.0,NORMAL,System Normal ✅,Stable,Normal
239.3,4.28,1024.0,CRITICAL,High Voltage ⚠️,System Load Increasing,Normal
217.9,4.8,1046.0,NORMAL,System Normal ✅,Stable,Normal
233.7,4.91,1147.0,NORMAL,System Normal ✅,System Load Increasing,Normal
214.9,4.15,892.0,NORMAL,System Normal ✅,Stable,Normal
219.8,5.12,1125.0,NORMAL,System Normal ✅,Stable,Normal
235.7,5.59,1318.0,WARNING,High Voltage ⚠️,System Load Increasing,Normal
222.5,5.62,1250.0,NORMAL,System Normal ✅,Stable,Normal
214.6,5.04,1082.0,NORMAL,System Normal ✅,Stable,Normal
213.8,5.45,1165.0,NORMAL,System Normal ✅,Stable,Normal
222.3,4.17,927.0,NORMAL,System Normal ✅,Stable,Normal
227.2,5.25,1193.0,NORMAL,System Normal ✅,Stable,Normal
231.4,5.6,1296.0,NORMAL,System Normal ✅,System Load Increasing,Normal
219.2,4.12,903.0,NORMAL,System Normal ✅,Stable,Normal
237.2,4.56,1082.0,WARNING,High Voltage ⚠️,System Load Increasing,Normal
224.5,5.27,1183.0,NORMAL,System Normal ✅,Stable,Normal
223.3,4.77,1065.0,NORMAL,System Normal ✅,Stable,Normal
231.4,4.37,1011.0,NORMAL,System Normal ✅,System Load Increasing,Normal
220.4,4.11,906.0,NORMAL,System Normal ✅,Stable,Normal
224.6,5.51,1238.0,NORMAL,System Normal ✅,Stable,Normal
225.9,4.88,1102.0,NORMAL,System Normal ✅,Stable,Normal
221.8,4.01,889.0,NORMAL,System Normal ✅,Stable,Normal
216.7,4.02,871.0,NORMAL,System Normal ✅,Stable,Normal
227.4,4.49,1021.0,NORMAL,System Normal ✅,Stable,Normal
226.5,5.72,1296.0,NORMAL,System Normal ✅,Stable,Normal
232.6,5.71,1328.0,NORMAL,System Normal ✅,System Load Increasing,Normal
215.0,4.63,995.0,NORMAL,System Normal ✅,Stable,Normal
221.8,5.54,1229.0,NORMAL,System Normal ✅,Stable,Normal
223.1,4.65,1037.0,NORMAL,System Normal ✅,Stable,Normal
236.7,5.57,1318.0,WARNING,High Voltage ⚠️,System Load Increasing,Normal
214.4,5.17,1108.0,NORMAL,System Normal ✅,Stable,Normal
228.5,5.75,1314.0,NORMAL,System Normal ✅,Stable,Normal
236.7,4.27,1011.0,WARNING,High Voltage ⚠️,System Load Increasing,Normal
225.3,5.92,1334.0,NORMAL,System Normal ✅,Stable,Normal
225.3,5.31,1196.0,NORMAL,System Normal ✅,Stable,Normal
211.8,5.03,1065.0,NORMAL,System Normal ✅,Stable,Normal
237.6,5.89,1399.0,WARNING,High Voltage ⚠️,System Load Increasing,Normal
213.4,4.56,973.0,NORMAL,System Normal ✅,Stable,Normal
230.5,5.51,1270.0,NORMAL,System Normal ✅,System Load Increasing,Normal
225.6,5.95,1342.0,NORMAL,System Normal ✅,Stable,Normal
213.0,4.5,958.0,NORMAL,System Normal ✅,Stable,Normal
232.8,4.43,1031.0,NORMAL,System Normal ✅,System Load Increasing,Normal
214.4,4.59,984.0,NORMAL,System Normal ✅,Stable,Normal
216.1,4.74,1024.0,NORMAL,System Normal ✅,Stable,Normal
214.4,5.09,1091.0,NORMAL,System Normal ✅,Stable,Normal
212.9,4.25,905.0,NORMAL,System Normal ✅,Stable,Normal
212.9,5.02,1069.0,NORMAL,System Normal ✅,Stable,Normal
234.5,5.66,1327.0,NORMAL,System Normal ✅,System Load Increasing,Normal
218.7,5.35,1170.0,NORMAL,System Normal ✅,Stable,Normal
238.7,5.38,1284.0,CRITICAL,High Voltage ⚠️,System Load Increasing,Normal
215.8,4.43,956.0,NORMAL,System Normal ✅,Stable,Normal
219.1,5.38,1179.0,NORMAL,System Normal ✅,Stable,Normal
235.5,5.83,1373.0,WARNING,High Voltage ⚠️,System Load Increasing,Normal
236.1,4.99,1178.0,WARNING,High Voltage ⚠️,System Load Increasing,Normal
224.2,4.61,1034.0,NORMAL,System Normal ✅,Stable,Normal
231.0,5.75,1328.0,NORMAL,System Normal ✅,System Load Increasing,Normal
210.4,5.21,1096.0,NORMAL,System Normal ✅,Stable,Normal
215.1,4.14,891.0,NORMAL,System Normal ✅,Stable,Normal
230.0,4.34,998.0,NORMAL,System Normal ✅,System Load Increasing,Normal
215.1,5.94,1278.0,NORMAL,System Normal ✅,Stable,Normal
216.9,4.88,1058.0,NORMAL,System Normal ✅,Stable,Normal
234.8,5.53,1298.0,NORMAL,System Normal ✅,System Load Increasing,Normal
229.7,4.7,1080.0,NORMAL,System Normal ✅,System Load Increasing,Normal
224.8,4.01,901.0,NORMAL,System Normal ✅,Stable,Normal
214.8,4.47,960.0,NORMAL,System Normal ✅,Stable,Normal
236.9,4.68,1109.0,WARNING,High Voltage ⚠️,System Load Increasing,Normal
219.0,4.52,990.0,NORMAL,System Normal ✅,Stable,Normal
237.9,5.08,1209.0,WARNING,High Voltage ⚠️,System Load Increasing,Normal
219.0,4.55,996.0,NORMAL,System Normal ✅,Stable,Normal
236.1,4.76,1124.0,WARNING,High Voltage ⚠️,System Load Increasing,Normal
215.6,5.0,1078.0,NORMAL,System Normal ✅,Stable,Normal
223.6,4.36,975.0,NORMAL,System Normal ✅,Stable,Normal
218.0,4.89,1066.0,NORMAL,System Normal ✅,Stable,Normal
228.9,4.24,971.0,NORMAL,System Normal ✅,Stable,Normal
223.7,5.7,1275.0,NORMAL,System Normal ✅,Stable,Normal
233.9,4.52,1057.0,NORMAL,System Normal ✅,System Load Increasing,Normal
211.2,4.18,883.0,NORMAL,System Normal ✅,Stable,Normal
223.8,5.43,1215.0,NORMAL,System Normal ✅,Stable,Normal
235.5,4.93,1161.0,WARNING,High Voltage ⚠️,System Load Increasing,Normal
214.1,5.66,1212.0,NORMAL,System Normal ✅,Stable,Normal
211.2,5.01,1058.0,NORMAL,System Normal ✅,Stable,Normal
218.8,4.15,908.0,NORMAL,System Normal ✅,Stable,Normal
230.8,4.84,1117.0,NORMAL,System Normal ✅,System Load Increasing,Normal
216.7,5.76,1248.0,NORMAL,System Normal ✅,Stable,Normal
228.8,4.87,1114.0,NORMAL,System Normal ✅,Stable,Normal
233.7,5.54,1295.0,NORMAL,System Normal ✅,System Load Increasing,Normal
219.1,5.78,1266.0,NORMAL,System Normal ✅,Stable,Normal
234.8,5.04,1183.0,NORMAL,System Normal ✅,System Load Increasing,Normal
228.6,4.5,1029.0,NORMAL,System Normal ✅,Stable,Normal
232.1,4.89,1135.0,NORMAL,System Normal ✅,System Load Increasing,Normal
215.2,4.7,1011.0,NORMAL,System Normal ✅,Stable,Normal
231.6,4.95,1146.0,NORMAL,System Normal ✅,System Load Increasing,Normal
215.4,4.11,885.0,NORMAL,System Normal ✅,Stable,Normal
225.8,5.85,1321.0,NORMAL,System Normal ✅,Stable,Normal
230.9,5.96,1376.0,NORMAL,System Normal ✅,System Load Increasing,Normal
213.1,5.08,1083.0,NORMAL,System Normal ✅,Stable,Normal
226.0,5.39,1218.0,NORMAL,System Normal ✅,Stable,Normal
231.1,5.9,1363.0,NORMAL,System Normal ✅,System Load Increasing,Normal
234.7,4.53,1063.0,NORMAL,System Normal ✅,System Load Increasing,Normal
225.4,4.06,915.0,NORMAL,System Normal ✅,Stable,Normal
215.3,5.55,1195.0,NORMAL,System Normal ✅,Stable,Normal
212.9,4.49,956.0,NORMAL,System Normal ✅,Stable,Normal
237.2,4.78,1134.0,WARNING,High Voltage ⚠️,System Load Increasing,Normal
229.5,5.37,1232.0,NORMAL,System Normal ✅,Stable,Normal
222.4,4.91,1092.0,NORMAL,System Normal ✅,Stable,Normal
239.4,4.61,1104.0,CRITICAL,High Voltage ⚠️,System Load Increasing,Normal
216.1,4.01,867.0,NORMAL,System Normal ✅,Stable,Normal
230.6,5.23,1206.0,NORMAL,System Normal ✅,Stable,Normal
217.6,5.79,1260.0,NORMAL,System Normal ✅,Stable,Normal
226.6,5.16,1169.0,NORMAL,System Normal ✅,Stable,Normal
215.2,5.52,1188.0,NORMAL,System Normal ✅,Stable,Normal
211.7,4.1,868.0,NORMAL,System Normal ✅,Stable,Normal
231.0,4.23,977.0,NORMAL,System Normal ✅,System Load Increasing,Normal
232.1,5.64,1309.0,NORMAL,System Normal ✅,System Load Increasing,Normal
238.3,5.55,1323.0,CRITICAL,High Voltage ⚠️,System Load Increasing,Normal
236.9,5.91,1400.0,WARNING,High Voltage ⚠️,System Load Increasing,Normal
228.8,5.43,1242.0,NORMAL,System Normal ✅,Stable,Normal
228.8,4.62,1057.0,NORMAL,System Normal ✅,Stable,Normal
229.8,5.68,1305.0,NORMAL,System Normal ✅,Stable,Normal
221.4,5.51,1220.0,NORMAL,System Normal ✅,Stable,Normal
223.8,5.03,1126.0,NORMAL,System Normal ✅,Stable,Normal
220.9,5.39,1191.0,NORMAL,System Normal ✅,Stable,Normal
233.4,4.33,1011.0,NORMAL,System Normal ✅,System Load Increasing,Normal
222.9,4.35,970.0,NORMAL,System Normal ✅,Stable,Normal
230.9,4.82,1113.0,NORMAL,System Normal ✅,Stable,Normal
225.3,5.71,1286.0,NORMAL,System Normal ✅,Stable,Normal
223.4,4.14,925.0,NORMAL,System Normal ✅,Stable,Normal
227.6,5.77,1313.0,NORMAL,System Normal ✅,Stable,Normal
217.2,4.26,925.0,NORMAL,System Normal ✅,Stable,Normal
228.0,5.61,1279.0,NORMAL,System Normal ✅,Stable,Normal
220.6,4.25,938.0,NORMAL,System Normal ✅,Stable,Normal
221.6,4.13,915.0,NORMAL,System Normal ✅,Stable,Normal
233.5,5.17,1207.0,NORMAL,System Normal ✅,System Load Increasing,Normal
233.2,5.92,1381.0,NORMAL,System Normal ✅,System Load Increasing,Normal
228.2,4.52,1031.0,NORMAL,System Normal ✅,Stable,Normal
216.1,4.66,1007.0,NORMAL,System Normal ✅,Stable,Normal
234.6,4.14,971.0,NORMAL,System Normal ✅,System Load Increasing,Normal
215.5,4.26,918.0,NORMAL,System Normal ✅,Stable,Normal
227.6,4.46,1015.0,NORMAL,System Normal ✅,Stable,Normal
225.8,4.49,1014.0,NORMAL,System Normal ✅,Stable,Normal
237.5,4.16,988.0,WARNING,High Voltage ⚠️,System Load Increasing,Normal
233.0,5.37,1251.0,NORMAL,System Normal ✅,System Load Increasing,Normal
231.1,4.32,998.0,NORMAL,System Normal ✅,Stable,Normal
216.0,5.4,1166.0,NORMAL,System Normal ✅,Stable,Normal
225.1,4.78,1076.0,NORMAL,System Normal ✅,Stable,Normal
229.6,4.96,1139.0,NORMAL,System Normal ✅,Stable,Normal
233.5,5.43,1268.0,NORMAL,System Normal ✅,System Load Increasing,Normal
240.0,4.23,1015.0,CRITICAL,High Voltage ⚠️,System Load Increasing,Normal
234.3,4.12,965.0,NORMAL,System Normal ✅,System Load Increasing,Normal
235.9,5.06,1194.0,WARNING,High Voltage ⚠️,System Load Increasing,Normal
238.3,4.45,1060.0,CRITICAL,High Voltage ⚠️,System Load Increasing,Normal
210.0,4.08,857.0,NORMAL,System Normal ✅,Voltage Spike Risk,Anomaly 🚨
238.7,5.39,1287.0,CRITICAL,High Voltage ⚠️,System Load Increasing,Normal
212.6,4.57,972.0,NORMAL,System Normal ✅,Stable,Normal
223.3,5.42,1210.0,NORMAL,System Normal ✅,Stable,Normal
219.9,4.17,917.0,NORMAL,System Normal ✅,Stable,Normal
236.0,4.54,1071.0,WARNING,High Voltage ⚠️,System Load Increasing,Normal
232.5,4.69,1090.0,NORMAL,System Normal ✅,Stable,Normal
223.4,5.96,1331.0,NORMAL,System Normal ✅,Stable,Normal
227.4,4.44,1010.0,NORMAL,System Normal ✅,Stable,Normal
215.2,5.14,1106.0,NORMAL,System Normal ✅,Stable,Normal
230.8,4.21,972.0,NORMAL,System Normal ✅,Stable,Normal
212.0,4.6,975.0,NORMAL,System Normal ✅,Stable,Normal
223.3,4.95,1105.0,NORMAL,System Normal ✅,Stable,Normal
213.1,5.44,1159.0,NORMAL,System Normal ✅,Stable,Normal
216.7,5.74,1244.0,NORMAL,System Normal ✅,Stable,Normal
224.9,4.42,994.0,NORMAL,System Normal ✅,Stable,Normal
218.4,4.87,1064.0,NORMAL,System Normal ✅,Stable,Normal
238.7,4.96,1184.0,CRITICAL,High Voltage ⚠️,System Load Increasing,Normal
216.2,5.27,1139.0,NORMAL,System Normal ✅,Stable,Normal
221.1,5.34,1181.0,NORMAL,System Normal ✅,Stable,Normal
216.8,4.06,880.0,NORMAL,System Normal ✅,Stable,Normal
218.6,4.06,888.0,NORMAL,System Normal ✅,Stable,Normal
212.6,4.66,991.0,NORMAL,System Normal ✅,Stable,Normal
238.2,4.66,1110.0,CRITICAL,High Voltage ⚠️,System Load Increasing,Normal
231.7,5.42,1256.0,NORMAL,System Normal ✅,System Load Increasing,Normal
233.6,5.32,1243.0,NORMAL,System Normal ✅,System Load Increasing,Normal
220.1,4.43,975.0,NORMAL,System Normal ✅,Stable,Normal
213.1,5.05,1076.0,NORMAL,System Normal ✅,Stable,Normal
230.9,4.72,1090.0,NORMAL,System Normal ✅,System Load Increasing,Normal
232.9,4.3,1001.0,NORMAL,System Normal ✅,System Load Increasing,Normal
228.4,5.11,1167.0,NORMAL,System Normal ✅,System Load Increasing,Normal
224.0,4.86,1089.0,NORMAL,System Normal ✅,Stable,Normal
223.1,5.15,1149.0,NORMAL,System Normal ✅,Stable,Normal
236.4,4.41,1043.0,WARNING,High Voltage ⚠️,System Load Increasing,Normal
223.3,5.11,1141.0,NORMAL,System Normal ✅,Stable,Normal
222.3,5.46,1214.0,NORMAL,System Normal ✅,Stable,Normal
213.7,5.59,1195.0,NORMAL,System Normal ✅,Stable,Normal
236.4,4.83,1142.0,WARNING,High Voltage ⚠️,System Load Increasing,Normal
211.9,5.26,1115.0,NORMAL,System Normal ✅,Stable,Normal
221.4,4.48,992.0,NORMAL,System Normal ✅,Stable,Normal
223.4,5.93,1325.0,NORMAL,System Normal ✅,Stable,Normal
212.1,4.36,925.0,NORMAL,System Normal ✅,Stable,Normal
228.1,5.2,1186.0,NORMAL,System Normal ✅,Stable,Normal
221.1,4.61,1019.0,NORMAL,System Normal ✅,Stable,Normal
213.1,4.29,914.0,NORMAL,System Normal ✅,Stable,Normal
225.6,4.6,1038.0,NORMAL,System Normal ✅,Stable,Normal
216.6,5.9,1278.0,NORMAL,System Normal ✅,Stable,Normal
235.2,5.31,1249.0,WARNING,High Voltage ⚠️,System Load Increasing,Normal
238.3,5.11,1218.0,CRITICAL,High Voltage ⚠️,System Load Increasing,Normal
229.4,5.23,1200.0,NORMAL,System Normal ✅,System Load Increasing,Normal
231.7,4.1,950.0,NORMAL,System Normal ✅,System Load Increasing,Normal
238.7,4.4,1050.0,CRITICAL,High Voltage ⚠️,System Load Increasing,Normal
219.3,5.89,1292.0,NORMAL,System Normal ✅,Stable,Normal
222.6,4.13,919.0,NORMAL,System Normal ✅,Stable,Normal
213.1,4.86,1036.0,NORMAL,System Normal ✅,Stable,Normal
214.2,5.6,1200.0,NORMAL,System Normal ✅,Stable,Normal
236.4,5.54,1310.0,WARNING,High Voltage ⚠️,System Load Increasing,Normal
210.9,4.54,957.0,NORMAL,System Normal ✅,Stable,Normal
212.6,4.2,893.0,NORMAL,System Normal ✅,Stable,Normal
211.9,4.57,968.0,NORMAL,System Normal ✅,Stable,Normal
210.4,5.45,1147.0,NORMAL,System Normal ✅,Stable,Normal
216.2,4.81,1040.0,NORMAL,System Normal ✅,Stable,Normal
236.9,5.11,1211.0,WARNING,High Voltage ⚠️,System Load Increasing,Normal
212.9,4.73,1007.0,NORMAL,System Normal ✅,Stable,Normal
218.9,5.71,1250.0,NORMAL,System Normal ✅,Stable,Normal
218.0,5.26,1147.0,NORMAL,System Normal ✅,Stable,Normal
224.6,4.85,1089.0,NORMAL,System Normal ✅,Stable,Normal
226.3,5.16,1168.0,NORMAL,System Normal ✅,Stable,Normal
219.2,4.53,993.0,NORMAL,System Normal ✅,Stable,Normal
236.4,4.28,1012.0,WARNING,High Voltage ⚠️,System Load Increasing,Normal
221.2,5.4,1194.0,NORMAL,System Normal ✅,Stable,Normal
233.2,5.63,1313.0,NORMAL,System Normal ✅,System Load Increasing,Normal
219.7,5.34,1173.0,NORMAL,System Normal ✅,Stable,Normal
220.8,4.95,1093.0,NORMAL,System Normal ✅,Stable,Normal
212.8,5.98,1273.0,NORMAL,System Normal ✅,Stable,Normal
227.8,5.28,1203.0,NORMAL,System Normal ✅,System Load Increasing,Normal
214.5,4.88,1047.0,NORMAL,System Normal ✅,Stable,Normal
221.4,5.52,1222.0,NORMAL,System Normal ✅,Stable,Normal
235.8,5.97,1408.0,WARNING,High Voltage ⚠️,System Load Increasing,Normal
212.7,4.98,1059.0,NORMAL,System Normal ✅,Stable,Normal
232.3,4.24,985.0,NORMAL,System Normal ✅,System Load Increasing,Normal
236.5,5.55,1313.0,WARNING,High Voltage ⚠️,System Load Increasing,Normal
218.5,4.37,955.0,NORMAL,System Normal ✅,Stable,Normal
217.4,4.85,1054.0,NORMAL,System Normal ✅,Stable,Normal
235.4,4.13,972.0,WARNING,High Voltage ⚠️,System Load Increasing,Normal
224.8,5.79,1302.0,NORMAL,System Normal ✅,Stable,Normal
230.8,4.14,956.0,NORMAL,System Normal ✅,System Load Increasing,Normal
218.4,4.87,1064.0,NORMAL,System Normal ✅,Stable,Normal
224.6,5.44,1222.0,NORMAL,System Normal ✅,Stable,Normal
238.4,5.38,1283.0,CRITICAL,High Voltage ⚠️,System Load Increasing,Normal
233.3,4.34,1013.0,NORMAL,System Normal ✅,System Load Increasing,Normal
229.8,5.24,1204.0,NORMAL,System Normal ✅,Stable,Normal
225.5,5.76,1299.0,NORMAL,System Normal ✅,Stable,Normal
229.2,4.91,1125.0,NORMAL,System Normal ✅,Stable,Normal
235.5,4.88,1149.0,WARNING,High Voltage ⚠️,System Load Increasing,Normal
222.5,5.17,1150.0,NORMAL,System Normal ✅,Stable,Normal
229.7,4.68,1075.0,NORMAL,System Normal ✅,Stable,Normal
210.7,5.94,1252.0,NORMAL,System Normal ✅,Stable,Normal
228.5,4.31,985.0,NORMAL,System Normal ✅,Stable,Normal
227.1,4.26,967.0,NORMAL,System Normal ✅,Stable,Normal
214.8,5.35,1149.0,NORMAL,System Normal ✅,Stable,Normal
231.4,5.78,1337.0,NORMAL,System Normal ✅,System Load Increasing,Normal
234.8,5.35,1256.0,NORMAL,System Normal ✅,System Load Increasing,Normal
237.1,4.06,963.0,WARNING,High Voltage ⚠️,System Load Increasing,Normal
220.2,4.52,995.0,NORMAL,System Normal ✅,Stable,Normal
219.3,4.79,1050.0,NORMAL,System Normal ✅,Stable,Normal
223.1,5.62,1254.0,NORMAL,System Normal ✅,Stable,Normal
238.1,5.43,1293.0,CRITICAL,High Voltage ⚠️,System Load Increasing,Normal
225.3,4.21,949.0,NORMAL,System Normal ✅,Stable,Normal
224.3,5.26,1180.0,NORMAL,System Normal ✅,Stable,Normal
238.6,4.25,1014.0,CRITICAL,High Voltage ⚠️,System Load Increasing,Normal
237.7,5.39,1281.0,WARNING,High Voltage ⚠️,System Load Increasing,Normal
226.6,4.55,1031.0,NORMAL,System Normal ✅,Stable,Normal
225.9,4.2,949.0,NORMAL,System Normal ✅,Stable,Normal
223.8,4.54,1016.0,NORMAL,System Normal ✅,Stable,Normal
239.9,4.1,984.0,CRITICAL,High Voltage ⚠️,System Load Increasing,Normal
239.1,4.83,1155.0,CRITICAL,High Voltage ⚠️,System Load Increasing,Normal
239.8,5.91,1417.0,CRITICAL,High Voltage ⚠️,System Load Increasing,Normal
225.0,5.44,1224.0,NORMAL,System Normal ✅,Stable,Normal
223.0,4.76,1061.0,NORMAL,System Normal ✅,Stable,Normal
225.5,5.94,1339.0,NORMAL,System Normal ✅,Stable,Normal
213.8,4.83,1033.0,NORMAL,System Normal ✅,Stable,Normal
215.3,4.48,965.0,NORMAL,System Normal ✅,Stable,Normal
238.1,5.4,1286.0,CRITICAL,High Voltage ⚠️,System Load Increasing,Normal
215.2,5.19,1117.0,NORMAL,System Normal ✅,Stable,Normal
239.9,5.59,1341.0,CRITICAL,High Voltage ⚠️,System Load Increasing,Normal
230.3,5.59,1287.0,NORMAL,System Normal ✅,Stable,Normal
231.4,4.31,997.0,NORMAL,System Normal ✅,Stable,Normal
216.3,4.5,973.0,NORMAL,System Normal ✅,Stable,Normal
231.0,4.22,975.0,NORMAL,System Normal ✅,Stable,Normal
239.8,5.57,1336.0,CRITICAL,High Voltage ⚠️,System Load Increasing,Normal
229.6,4.92,1130.0,NORMAL,System Normal ✅,Stable,Normal
234.5,5.69,1334.0,NORMAL,System Normal ✅,System Load Increasing,Normal
236.5,5.61,1327.0,WARNING,High Voltage ⚠️,System Load Increasing,Normal
212.1,5.16,1094.0,NORMAL,System Normal ✅,Stable,Normal
220.8,4.35,960.0,NORMAL,System Normal ✅,Stable,Normal
216.7,5.27,1142.0,NORMAL,System Normal ✅,Stable,Normal
222.2,5.85,1300.0,NORMAL,System Normal ✅,Stable,Normal
214.7,4.65,998.0,NORMAL,System Normal ✅,Stable,Normal
237.3,4.91,1165.0,WARNING,High Voltage ⚠️,System Load Increasing,Normal
238.8,4.89,1168.0,CRITICAL,High Voltage ⚠️,System Load Increasing,Normal
225.9,4.03,910.0,NORMAL,System Normal ✅,Stable,Normal
211.2,4.15,876.0,NORMAL,System Normal ✅,Stable,Normal
228.6,5.43,1241.0,NORMAL,System Normal ✅,Stable,Normal
215.3,5.55,1195.0,NORMAL,System Normal ✅,Stable,Normal
215.4,5.02,1081.0,NORMAL,System Normal ✅,Stable,Normal
213.0,5.97,1272.0,NORMAL,System Normal ✅,Stable,Normal
210.6,5.06,1066.0,NORMAL,System Normal ✅,Stable,Normal
236.0,5.37,1267.0,WARNING,High Voltage ⚠️,System Load Increasing,Normal
229.0,5.85,1340.0,NORMAL,System Normal ✅,Stable,Normal
213.1,4.34,925.0,NORMAL,System Normal ✅,Stable,Normal
218.8,4.67,1022.0,NORMAL,System Normal ✅,Stable,Normal
231.8,5.28,1224.0,NORMAL,System Normal ✅,System Load Increasing,Normal
211.2,5.63,1189.0,NORMAL,System Normal ✅,Stable,Normal
236.5,4.7,1112.0,WARNING,High Voltage ⚠️,System Load Increasing,Normal
237.9,4.24,1009.0,WARNING,High Voltage ⚠️,System Load Increasing,Normal
214.7,5.88,1262.0,NORMAL,System Normal ✅,Stable,Normal
226.3,5.89,1333.0,NORMAL,System Normal ✅,Stable,Normal
239.6,4.63,1109.0,CRITICAL,High Voltage ⚠️,System Load Increasing,Normal
214.7,4.83,1037.0,NORMAL,System Normal ✅,Stable,Normal
236.0,4.37,1031.0,WARNING,High Voltage ⚠️,System Load Increasing,Normal
234.9,5.59,1313.0,NORMAL,System Normal ✅,System Load Increasing,Normal
218.0,5.39,1175.0,NORMAL,System Normal ✅,Stable,Normal
234.8,5.38,1263.0,NORMAL,System Normal ✅,System Load Increasing,Normal
239.1,4.4,1052.0,CRITICAL,High Voltage ⚠️,System Load Increasing,Normal
220.5,4.61,1017.0,NORMAL,System Normal ✅,Stable,Normal
229.6,4.23,971.0,NORMAL,System Normal ✅,Stable,Normal
213.2,4.85,1034.0,NORMAL,System Normal ✅,Stable,Normal
229.7,4.68,1075.0,NORMAL,System Normal ✅,Stable,Normal
234.4,4.15,973.0,NORMAL,System Normal ✅,System Load Increasing,Normal
220.5,4.02,886.0,NORMAL,System Normal ✅,Stable,Normal
215.1,5.86,1260.0,NORMAL,System Normal ✅,Stable,Normal
221.3,5.53,1224.0,NORMAL,System Normal ✅,Stable,Normal
227.6,4.96,1129.0,NORMAL,System Normal ✅,Stable,Normal
222.7,5.86,1305.0,NORMAL,System Normal ✅,Stable,Normal
228.0,5.84,1332.0,NORMAL,System Normal ✅,Stable,Normal
233.3,4.82,1125.0,NORMAL,System Normal ✅,System Load Increasing,Normal
231.4,4.97,1150.0,NORMAL,System Normal ✅,Stable,Normal
223.2,5.34,1192.0,NORMAL,System Normal ✅,Stable,Normal
237.1,4.03,956.0,WARNING,High Voltage ⚠️,System Load Increasing,Normal
232.7,5.0,1164.0,NORMAL,System Normal ✅,System Load Increasing,Normal
225.1,4.78,1076.0,NORMAL,System Normal ✅,Stable,Normal
229.9,4.92,1131.0,NORMAL,System Normal ✅,Stable,Normal
229.4,5.02,1152.0,NORMAL,System Normal ✅,Stable,Normal
231.6,5.41,1253.0,NORMAL,System Normal ✅,Stable,Normal
231.5,4.6,1065.0,NORMAL,System Normal ✅,Stable,Normal
228.8,5.51,1261.0,NORMAL,System Normal ✅,Stable,Normal
225.3,5.0,1126.0,NORMAL,System Normal ✅,Stable,Normal
236.2,5.4,1275.0,WARNING,High Voltage ⚠️,System Load Increasing,Normal
238.6,4.75,1133.0,CRITICAL,High Voltage ⚠️,System Load Increasing,Normal
238.9,5.78,1381.0,CRITICAL,High Voltage ⚠️,System Load Increasing,Normal
224.7,4.36,980.0,NORMAL,System Normal ✅,Stable,Normal
223.7,5.41,1210.0,NORMAL,System Normal ✅,Stable,Normal
212.9,4.5,958.0,NORMAL,System Normal ✅,Voltage Spike Risk,Anomaly 🚨
226.9,4.6,1044.0,NORMAL,System Normal ✅,Stable,Normal
225.5,5.08,1146.0,NORMAL,System Normal ✅,Stable,Normal
228.5,4.41,1008.0,NORMAL,System Normal ✅,Stable,Normal
221.0,4.68,1034.0,NORMAL,System Normal ✅,Stable,Normal
215.7,5.2,1122.0,NORMAL,System Normal ✅,Stable,Normal
236.0,5.08,1199.0,WARNING,High Voltage ⚠️,System Load Increasing,Normal
221.7,5.86,1299.0,NORMAL,System Normal ✅,Stable,Normal
222.5,5.02,1117.0,NORMAL,System Normal ✅,Stable,Normal
239.0,4.34,1037.0,CRITICAL,High Voltage ⚠️,System Load Increasing,Normal
213.2,5.59,1192.0,NORMAL,System Normal ✅,Stable,Normal
238.4,5.02,1197.0,CRITICAL,High Voltage ⚠️,System Load Increasing,Normal
224.0,5.34,1196.0,NORMAL,System Normal ✅,Stable,Normal
223.2,4.79,1069.0,NORMAL,System Normal ✅,Stable,Normal
211.4,5.47,1156.0,NORMAL,System Normal ✅,Stable,Normal
218.7,5.71,1249.0,NORMAL,System Normal ✅,Stable,Normal
224.6,4.9,1101.0,NORMAL,System Normal ✅,Stable,Normal
218.2,4.74,1034.0,NORMAL,System Normal ✅,Stable,Normal
216.0,5.19,1121.0,NORMAL,System Normal ✅,Stable,Normal
219.3,4.54,996.0,NORMAL,System Normal ✅,Stable,Normal
238.5,5.98,1426.0,CRITICAL,High Voltage ⚠️,System Load Increasing,Normal
232.6,5.67,1319.0,NORMAL,System Normal ✅,System Load Increasing,Normal
229.0,5.51,1262.0,NORMAL,System Normal ✅,Stable,Normal
239.9,5.82,1396.0,CRITICAL,High Voltage ⚠️,System Load Increasing,Normal
210.3,4.5,946.0,NORMAL,System Normal ✅,Stable,Normal
217.6,5.96,1297.0,NORMAL,System Normal ✅,Stable,Normal
211.4,5.79,1224.0,NORMAL,System Normal ✅,Stable,Normal
219.9,4.85,1067.0,NORMAL,System Normal ✅,Stable,Normal
223.1,5.56,1240.0,NORMAL,System Normal ✅,Stable,Normal
230.3,5.76,1327.0,NORMAL,System Normal ✅,System Load Increasing,Normal
211.0,4.57,964.0,NORMAL,System Normal ✅,Stable,Normal
214.9,5.13,1102.0,NORMAL,System Normal ✅,Stable,Normal
222.7,5.32,1185.0,NORMAL,System Normal ✅,Stable,Normal
213.2,5.26,1121.0,NORMAL,System Normal ✅,Stable,Normal
213.8,5.56,1189.0,NORMAL,System Normal ✅,Stable,Normal
230.1,5.57,1282.0,NORMAL,System Normal ✅,System Load Increasing,Normal
216.4,5.41,1171.0,NORMAL,System Normal ✅,Stable,Normal
213.6,5.31,1134.0,NORMAL,System Normal ✅,Stable,Normal
215.7,4.24,915.0,NORMAL,System Normal ✅,Stable,Normal
215.5,5.62,1211.0,NORMAL,System Normal ✅,Stable,Normal
215.0,4.94,1062.0,NORMAL,System Normal ✅,Stable,Normal
214.1,4.49,961.0,NORMAL,System Normal ✅,Stable,Normal
236.5,5.7,1348.0,WARNING,High Voltage ⚠️,Voltage Spike Risk,Anomaly 🚨
221.6,4.03,893.0,NORMAL,System Normal ✅,Stable,Normal
227.7,5.74,1307.0,NORMAL,System Normal ✅,System Load Increasing,Normal
224.6,5.41,1215.0,NORMAL,System Normal ✅,System Load Increasing,Normal
234.6,5.17,1213.0,NORMAL,System Normal ✅,System Load Increasing,Normal
234.4,4.24,994.0,NORMAL,System Normal ✅,System Load Increasing,Normal
224.7,4.8,1079.0,NORMAL,System Normal ✅,Stable,Normal
234.9,5.98,1405.0,NORMAL,System Normal ✅,System Load Increasing,Normal
214.3,5.83,1249.0,NORMAL,System Normal ✅,Stable,Normal
232.1,4.83,1121.0,NORMAL,System Normal ✅,System Load Increasing,Normal
219.5,4.36,957.0,NORMAL,System Normal ✅,Stable,Normal
235.3,5.11,1202.0,WARNING,High Voltage ⚠️,System Load Increasing,Normal
211.7,4.59,972.0,NORMAL,System Normal ✅,Stable,Normal
236.9,5.9,1398.0,WARNING,High Voltage ⚠️,System Load Increasing,Normal
236.9,4.73,1121.0,WARNING,High Voltage ⚠️,System Load Increasing,Normal
235.7,5.26,1240.0,WARNING,High Voltage ⚠️,System Load Increasing,Normal
236.2,4.21,994.0,WARNING,High Voltage ⚠️,System Load Increasing,Normal
215.0,4.65,1000.0,NORMAL,System Normal ✅,Stable,Normal
233.2,4.29,1000.0,NORMAL,System Normal ✅,System Load Increasing,Normal
231.3,5.22,1207.0,NORMAL,System Normal ✅,Stable,Normal
219.6,5.24,1151.0,NORMAL,System Normal ✅,Stable,Normal
223.5,5.43,1214.0,NORMAL,System Normal ✅,Stable,Normal
228.3,5.47,1249.0,NORMAL,System Normal ✅,Stable,Normal
223.7,4.84,1083.0,NORMAL,System Normal ✅,Stable,Normal
218.9,4.9,1073.0,NORMAL,System Normal ✅,Stable,Normal
219.2,5.28,1157.0,NORMAL,System Normal ✅,Stable,Normal
237.4,4.13,980.0,WARNING,High Voltage ⚠️,System Load Increasing,Normal
215.3,5.53,1191.0,NORMAL,System Normal ✅,Stable,Normal
211.8,5.36,1135.0,NORMAL,System Normal ✅,Stable,Normal
234.5,5.28,1238.0,NORMAL,System Normal ✅,System Load Increasing,Normal
219.2,4.13,905.0,NORMAL,System Normal ✅,Stable,Normal
229.5,5.49,1260.0,NORMAL,System Normal ✅,Stable,Normal
224.2,5.58,1251.0,NORMAL,System Normal ✅,Stable,Normal
217.6,5.6,1219.0,NORMAL,System Normal ✅,Stable,Normal
218.1,4.87,1062.0,NORMAL,System Normal ✅,Stable,Normal
215.2,4.11,884.0,NORMAL,System Normal ✅,Stable,Normal
213.9,5.96,1275.0,NORMAL,System Normal ✅,Stable,Normal
239.4,5.99,1434.0,CRITICAL,High Voltage ⚠️,System Load Increasing,Normal
227.0,5.22,1185.0,NORMAL,System Normal ✅,Stable,Normal
239.2,5.79,1385.0,CRITICAL,High Voltage ⚠️,System Load Increasing,Normal
213.3,4.94,1054.0,NORMAL,System Normal ✅,Stable,Normal
219.4,5.49,1205.0,NORMAL,System Normal ✅,Stable,Normal
222.0,4.02,892.0,NORMAL,System Normal ✅,Stable,Normal
222.3,4.89,1087.0,NORMAL,System Normal ✅,Stable,Normal
235.3,4.54,1068.0,WARNING,High Voltage ⚠️,System Load Increasing,Normal
227.0,4.29,974.0,NORMAL,System Normal ✅,Stable,Normal
239.7,5.65,1354.0,CRITICAL,High Voltage ⚠️,System Load Increasing,Normal
221.3,4.3,952.0,NORMAL,System Normal ✅,Stable,Normal
239.6,4.77,1143.0,CRITICAL,High Voltage ⚠️,System Load Increasing,Normal
236.2,4.37,1032.0,WARNING,High Voltage ⚠️,System Load Increasing,Normal
221.2,4.82,1066.0,NORMAL,System Normal ✅,Stable,Normal
227.2,4.19,952.0,NORMAL,System Normal ✅,Stable,Normal
230.2,5.98,1377.0,NORMAL,System Normal ✅,Stable,Normal
214.3,5.26,1127.0,NORMAL,System Normal ✅,Stable,Normal
223.3,5.67,1266.0,NORMAL,System Normal ✅,Stable,Normal
215.0,5.24,1127.0,NORMAL,System Normal ✅,Stable,Normal
215.3,5.11,1100.0,NORMAL,System Normal ✅,Stable,Normal
211.9,5.77,1223.0,NORMAL,System Normal ✅,Stable,Normal
235.3,5.19,1221.0,WARNING,High Voltage ⚠️,System Load Increasing,Normal
230.9,4.74,1094.0,NORMAL,System Normal ✅,System Load Increasing,Normal
224.1,4.93,1105.0,NORMAL,System Normal ✅,Stable,Normal
218.3,4.5,982.0,NORMAL,System Normal ✅,Stable,Normal
228.6,4.87,1113.0,NORMAL,System Normal ✅,Stable,Normal
239.6,5.07,1215.0,CRITICAL,High Voltage ⚠️,System Load Increasing,Normal
221.4,4.66,1032.0,NORMAL,System Normal ✅,Stable,Normal
223.3,4.37,976.0,NORMAL,System Normal ✅,Stable,Normal
214.9,4.24,911.0,NORMAL,System Normal ✅,Stable,Normal
228.7,4.99,1141.0,NORMAL,System Normal ✅,Stable,Normal
221.3,5.09,1126.0,NORMAL,System Normal ✅,Stable,Normal
235.5,4.4,1036.0,WARNING,High Voltage ⚠️,System Load Increasing,Normal
220.2,4.32,951.0,NORMAL,System Normal ✅,Stable,Normal
239.1,4.14,990.0,CRITICAL,High Voltage ⚠️,System Load Increasing,Normal
226.1,5.15,1164.0,NORMAL,System Normal ✅,Stable,Normal
218.0,4.28,933.0,NORMAL,System Normal ✅,Stable,Normal
212.5,5.88,1250.0,NORMAL,System Normal ✅,Stable,Normal
216.7,5.55,1203.0,NORMAL,System Normal ✅,Stable,Normal
223.9,4.83,1081.0,NORMAL,System Normal ✅,Stable,Normal
238.3,5.72,1363.0,CRITICAL,High Voltage ⚠️,System Load Increasing,Normal
213.3,4.45,949.0,NORMAL,System Normal ✅,Stable,Normal
228.4,5.02,1147.0,NORMAL,System Normal ✅,Stable,Normal
211.5,4.02,850.0,NORMAL,System Normal ✅,Stable,Normal
238.7,5.99,1430.0,CRITICAL,High Voltage ⚠️,System Load Increasing,Normal
226.0,5.9,1333.0,NORMAL,System Normal ✅,Stable,Normal
218.3,4.32,943.0,NORMAL,System Normal ✅,Stable,Normal
237.5,4.07,967.0,WARNING,High Voltage ⚠️,System Load Increasing,Normal
224.7,4.0,899.0,NORMAL,System Normal ✅,Stable,Normal
222.7,5.22,1162.0,NORMAL,System Normal ✅,Stable,Normal
235.6,5.51,1298.0,WARNING,High Voltage ⚠️,System Load Increasing,Normal
210.3,5.74,1207.0,NORMAL,System Normal ✅,Stable,Normal
230.7,5.84,1347.0,NORMAL,System Normal ✅,System Load Increasing,Normal
232.4,4.45,1034.0,NORMAL,System Normal ✅,System Load Increasing,Normal
